time_s,frame_id,x_m,y_m,z_m,vx_mps,vy_mps,vz_mps,battery_percent,mission_state,safety_status,severity,recommended_action,supervisor_mode,active_response,response_reason,detail
2.69,px4_local_ned_converted,-0.07,-0.03,1.69,0.04,-0.01,-0.05,100.0,PX4_TELEMETRY,SAFE,INFO,CONTINUE,CONTINUE_MISSION,NONE,No supervisor action active,All monitored constraints satisfied
2.8,px4_local_ned_converted,-0.07,-0.03,1.69,0.04,-0.01,-0.05,100.0,PX4_TELEMETRY,SAFE,INFO,CONTINUE,CONTINUE_MISSION,NONE,No supervisor action active,All monitored constraints satisfied
2.9,px4_local_ned_converted,-0.07,-0.03,1.69,0.04,-0.01,-0.05,100.0,PX4_TELEMETRY,SAFE,INFO,CONTINUE,CONTINUE_MISSION,NONE,No supervisor action active,All monitored constraints satisfied
3.01,px4_local_ned_converted,-0.07,-0.02,1.69,0.04,-0.01,-0.04,100.0,PX4_TELEMETRY,SAFE,INFO,CONTINUE,CONTINUE_MISSION,NONE,No supervisor action active,All monitored constraints satisfied
3.11,px4_local_ned_converted,-0.07,-0.02,1.69,0.04,-0.01,-0.05,100.0,PX4_TELEMETRY,SAFE,INFO,CONTINUE,CONTINUE_MISSION,NONE,No supervisor action active,All monitored constraints satisfied
3.21,px4_local_ned_converted,-0.07,-0.02,1.69,0.04,-0.01,-0.05,100.0,PX4_TELEMETRY,SAFE,INFO,CONTINUE,CONTINUE_MISSION,NONE,No supervisor action active,All monitored constraints satisfied
3.32,px4_local_ned_converted,-0.07,-0.02,1.69,0.04,-0.01,-0.04,100.0,PX4_TELEMETRY,SAFE,INFO,CONTINUE,CONTINUE_MISSION,NONE,No supervisor action active,All monitored constraints satisfied
3.42,px4_local_ned_converted,-0.07,-0.02,1.68,0.03,-0.01,-0.04,100.0,PX4_TELEMETRY,SAFE,INFO,CONTINUE,CONTINUE_MISSION,NONE,No supervisor action active,All monitored constraints satisfied
3.53,px4_local_ned_converted,-0.07,-0.02,1.68,0.03,-0.01,-0.04,100.0,PX4_TELEMETRY,SAFE,INFO,CONTINUE,CONTINUE_MISSION,NONE,No supervisor action active,All monitored constraints satisfied
3.63,px4_local_ned_converted,-0.07,-0.02,1.68,0.03,-0.01,-0.04,100.0,PX4_TELEMETRY,SAFE,INFO,CONTINUE,CONTINUE_MISSION,NONE,No supervisor action active,All monitored constraints satisfied
3.74,px4_local_ned_converted,-0.07,-0.02,1.68,0.03,-0.01,-0.03,100.0,PX4_TELEMETRY,SAFE,INFO,CONTINUE,CONTINUE_MISSION,NONE,No supervisor action active,All monitored constraints satisfied
3.84,px4_local_ned_converted,-0.07,-0.03,1.68,0.03,-0.01,-0.03,100.0,PX4_TELEMETRY,SAFE,INFO,CONTINUE,CONTINUE_MISSION,NONE,No supervisor action active,All monitored constraints satisfied
3.94,px4_local_ned_converted,-0.07,-0.03,1.68,0.03,-0.01,-0.03,100.0,PX4_TELEMETRY,SAFE,INFO,CONTINUE,CONTINUE_MISSION,NONE,No supervisor action active,All monitored constraints satisfied
4.05,px4_local_ned_converted,-0.07,-0.03,1.68,0.03,-0.01,-0.03,100.0,PX4_TELEMETRY,SAFE,INFO,CONTINUE,CONTINUE_MISSION,NONE,No supervisor action active,All monitored constraints satisfied
4.15,px4_local_ned_converted,-0.07,-0.03,1.68,0.03,-0.01,-0.03,100.0,PX4_TELEMETRY,SAFE,INFO,CONTINUE,CONTINUE_MISSION,NONE,No supervisor action active,All monitored constraints satisfied
4.26,px4_local_ned_converted,-0.07,-0.03,1.67,0.03,-0.01,-0.03,100.0,PX4_TELEMETRY,SAFE,INFO,CONTINUE,CONTINUE_MISSION,NONE,No supervisor action active,All monitored constraints satisfied
4.36,px4_local_ned_converted,-0.07,-0.03,1.67,0.03,-0.01,-0.03,100.0,PX4_TELEMETRY,SAFE,INFO,CONTINUE,CONTINUE_MISSION,NONE,No supervisor action active,All monitored constraints satisfied
4.47,px4_local_ned_converted,-0.07,-0.04,1.67,0.03,-0.01,-0.02,100.0,PX4_TELEMETRY,SAFE,INFO,CONTINUE,CONTINUE_MISSION,NONE,No supervisor action active,All monitored constraints satisfied
4.57,px4_local_ned_converted,-0.08,-0.04,1.67,0.03,-0.01,-0.02,100.0,PX4_TELEMETRY,SAFE,INFO,CONTINUE,CONTINUE_MISSION,NONE,No supervisor action active,All monitored constraints satisfied
4.67,px4_local_ned_converted,-0.08,-0.04,1.67,0.03,-0.01,-0.02,100.0,PX4_TELEMETRY,SAFE,INFO,CONTINUE,CONTINUE_MISSION,NONE,No supervisor action active,All monitored constraints satisfied
4.78,px4_local_ned_converted,-0.07,-0.05,1.67,0.03,-0.01,-0.02,100.0,PX4_TELEMETRY,SAFE,INFO,CONTINUE,CONTINUE_MISSION,NONE,No supervisor action active,All monitored constraints satisfied
4.88,px4_local_ned_converted,-0.07,-0.05,1.67,0.03,-0.01,-0.02,100.0,PX4_TELEMETRY,SAFE,INFO,CONTINUE,CONTINUE_MISSION,NONE,No supervisor action active,All monitored constraints satisfied
4.99,px4_local_ned_converted,-0.07,-0.05,1.67,0.03,-0.01,-0.02,100.0,PX4_TELEMETRY,SAFE,INFO,CONTINUE,CONTINUE_MISSION,NONE,No supervisor action active,All monitored constraints satisfied
5.09,px4_local_ned_converted,-0.07,-0.05,1.66,0.03,-0.0,-0.02,100.0,PX4_TELEMETRY,SAFE,INFO,CONTINUE,CONTINUE_MISSION,NONE,No supervisor action active,All monitored constraints satisfied
5.2,px4_local_ned_converted,-0.07,-0.05,1.66,0.03,-0.0,-0.02,100.0,PX4_TELEMETRY,SAFE,INFO,CONTINUE,CONTINUE_MISSION,NONE,No supervisor action active,All monitored constraints satisfied
5.3,px4_local_ned_converted,-0.07,-0.05,1.66,0.03,-0.0,-0.02,100.0,PX4_TELEMETRY,SAFE,INFO,CONTINUE,CONTINUE_MISSION,NONE,No supervisor action active,All monitored constraints satisfied
5.41,px4_local_ned_converted,-0.07,-0.06,1.66,0.03,-0.0,-0.01,100.0,PX4_TELEMETRY,SAFE,INFO,CONTINUE,CONTINUE_MISSION,NONE,No supervisor action active,All monitored constraints satisfied
5.51,px4_local_ned_converted,-0.07,-0.06,1.66,0.03,-0.0,-0.01,100.0,PX4_TELEMETRY,SAFE,INFO,CONTINUE,CONTINUE_MISSION,NONE,No supervisor action active,All monitored constraints satisfied
5.61,px4_local_ned_converted,-0.06,-0.06,1.65,0.03,0.0,-0.01,100.0,PX4_TELEMETRY,SAFE,INFO,CONTINUE,CONTINUE_MISSION,NONE,No supervisor action active,All monitored constraints satisfied
5.72,px4_local_ned_converted,-0.06,-0.06,1.65,0.02,0.0,-0.01,100.0,PX4_TELEMETRY,SAFE,INFO,CONTINUE,CONTINUE_MISSION,NONE,No supervisor action active,All monitored constraints satisfied
5.82,px4_local_ned_converted,-0.06,-0.07,1.65,0.02,0.01,-0.01,100.0,PX4_TELEMETRY,SAFE,INFO,CONTINUE,CONTINUE_MISSION,NONE,No supervisor action active,All monitored constraints satisfied
5.92,px4_local_ned_converted,-0.06,-0.07,1.65,0.02,0.01,-0.0,100.0,PX4_TELEMETRY,SAFE,INFO,CONTINUE,CONTINUE_MISSION,NONE,No supervisor action active,All monitored constraints satisfied
6.03,px4_local_ned_converted,-0.06,-0.07,1.65,0.02,0.01,-0.0,100.0,PX4_TELEMETRY,SAFE,INFO,CONTINUE,CONTINUE_MISSION,NONE,No supervisor action active,All monitored constraints satisfied
6.13,px4_local_ned_converted,-0.05,-0.07,1.64,0.02,0.01,-0.0,100.0,PX4_TELEMETRY,SAFE,INFO,CONTINUE,CONTINUE_MISSION,NONE,No supervisor action active,All monitored constraints satisfied
6.24,px4_local_ned_converted,-0.05,-0.08,1.64,0.02,0.01,0.0,100.0,PX4_TELEMETRY,SAFE,INFO,CONTINUE,CONTINUE_MISSION,NONE,No supervisor action active,All monitored constraints satisfied
6.34,px4_local_ned_converted,-0.05,-0.08,1.64,0.02,0.01,0.0,100.0,PX4_TELEMETRY,SAFE,INFO,CONTINUE,CONTINUE_MISSION,NONE,No supervisor action active,All monitored constraints satisfied
6.45,px4_local_ned_converted,-0.04,-0.08,1.64,0.02,0.02,0.0,100.0,PX4_TELEMETRY,SAFE,INFO,CONTINUE,CONTINUE_MISSION,NONE,No supervisor action active,All monitored constraints satisfied
6.55,px4_local_ned_converted,-0.03,-0.08,1.64,0.02,0.02,0.01,100.0,PX4_TELEMETRY,SAFE,INFO,CONTINUE,CONTINUE_MISSION,NONE,No supervisor action active,All monitored constraints satisfied
6.65,px4_local_ned_converted,-0.03,-0.08,1.63,0.02,0.02,0.01,100.0,PX4_TELEMETRY,SAFE,INFO,CONTINUE,CONTINUE_MISSION,NONE,No supervisor action active,All monitored constraints satisfied
6.76,px4_local_ned_converted,-0.02,-0.07,1.63,0.02,0.02,0.01,100.0,PX4_TELEMETRY,SAFE,INFO,CONTINUE,CONTINUE_MISSION,NONE,No supervisor action active,All monitored constraints satisfied
6.86,px4_local_ned_converted,-0.02,-0.07,1.63,0.01,0.02,0.01,100.0,PX4_TELEMETRY,SAFE,INFO,CONTINUE,CONTINUE_MISSION,NONE,No supervisor action active,All monitored constraints satisfied
6.97,px4_local_ned_converted,-0.01,-0.07,1.63,0.01,0.02,0.01,100.0,PX4_TELEMETRY,SAFE,INFO,CONTINUE,CONTINUE_MISSION,NONE,No supervisor action active,All monitored constraints satisfied
7.07,px4_local_ned_converted,-0.01,-0.07,1.63,0.01,0.02,0.02,100.0,PX4_TELEMETRY,SAFE,INFO,CONTINUE,CONTINUE_MISSION,NONE,No supervisor action active,All monitored constraints satisfied
7.17,px4_local_ned_converted,-0.0,-0.07,1.63,0.0,0.02,0.02,100.0,PX4_TELEMETRY,SAFE,INFO,CONTINUE,CONTINUE_MISSION,NONE,No supervisor action active,All monitored constraints satisfied
7.28,px4_local_ned_converted,-0.0,-0.07,1.63,-0.0,0.02,0.02,100.0,PX4_TELEMETRY,SAFE,INFO,CONTINUE,CONTINUE_MISSION,NONE,No supervisor action active,All monitored constraints satisfied
7.38,px4_local_ned_converted,-0.0,-0.07,1.62,-0.0,0.02,0.02,100.0,PX4_TELEMETRY,SAFE,INFO,CONTINUE,CONTINUE_MISSION,NONE,No supervisor action active,All monitored constraints satisfied
7.49,px4_local_ned_converted,-0.0,-0.07,1.62,-0.01,0.02,0.02,100.0,PX4_TELEMETRY,SAFE,INFO,CONTINUE,CONTINUE_MISSION,NONE,No supervisor action active,All monitored constraints satisfied
7.59,px4_local_ned_converted,-0.0,-0.07,1.62,-0.01,0.02,0.02,100.0,PX4_TELEMETRY,SAFE,INFO,CONTINUE,CONTINUE_MISSION,NONE,No supervisor action active,All monitored constraints satisfied
7.69,px4_local_ned_converted,-0.0,-0.07,1.62,-0.02,0.02,0.02,100.0,PX4_TELEMETRY,SAFE,INFO,CONTINUE,CONTINUE_MISSION,NONE,No supervisor action active,All monitored constraints satisfied
7.8,px4_local_ned_converted,0.0,-0.06,1.62,-0.02,0.02,0.02,100.0,PX4_TELEMETRY,SAFE,INFO,CONTINUE,CONTINUE_MISSION,NONE,No supervisor action active,All monitored constraints satisfied
7.9,px4_local_ned_converted,0.0,-0.06,1.62,-0.02,0.02,0.02,100.0,PX4_TELEMETRY,SAFE,INFO,CONTINUE,CONTINUE_MISSION,NONE,No supervisor action active,All monitored constraints satisfied
8.0,px4_local_ned_converted,-0.0,-0.06,1.62,-0.02,0.02,0.03,100.0,PX4_TELEMETRY,SAFE,INFO,CONTINUE,CONTINUE_MISSION,NONE,No supervisor action active,All monitored constraints satisfied
8.11,px4_local_ned_converted,-0.0,-0.06,1.62,-0.02,0.02,0.03,100.0,PX4_TELEMETRY,SAFE,INFO,CONTINUE,CONTINUE_MISSION,NONE,No supervisor action active,All monitored constraints satisfied
8.21,px4_local_ned_converted,-0.0,-0.06,1.62,-0.02,0.01,0.03,100.0,PX4_TELEMETRY,SAFE,INFO,CONTINUE,CONTINUE_MISSION,NONE,No supervisor action active,All monitored constraints satisfied
8.32,px4_local_ned_converted,-0.0,-0.06,1.62,-0.02,0.01,0.03,100.0,PX4_TELEMETRY,SAFE,INFO,CONTINUE,CONTINUE_MISSION,NONE,No supervisor action active,All monitored constraints satisfied
8.42,px4_local_ned_converted,-0.0,-0.06,1.62,-0.02,0.01,0.03,100.0,PX4_TELEMETRY,SAFE,INFO,CONTINUE,CONTINUE_MISSION,NONE,No supervisor action active,All monitored constraints satisfied
8.52,px4_local_ned_converted,-0.01,-0.06,1.62,-0.02,0.01,0.03,100.0,PX4_TELEMETRY,SAFE,INFO,CONTINUE,CONTINUE_MISSION,NONE,No supervisor action active,All monitored constraints satisfied
8.63,px4_local_ned_converted,-0.01,-0.06,1.61,-0.02,0.01,0.03,100.0,PX4_TELEMETRY,SAFE,INFO,CONTINUE,CONTINUE_MISSION,NONE,No supervisor action active,All monitored constraints satisfied
8.73,px4_local_ned_converted,-0.01,-0.06,1.61,-0.02,0.01,0.03,100.0,PX4_TELEMETRY,SAFE,INFO,CONTINUE,CONTINUE_MISSION,NONE,No supervisor action active,All monitored constraints satisfied
8.84,px4_local_ned_converted,-0.01,-0.06,1.61,-0.02,0.01,0.03,100.0,PX4_TELEMETRY,SAFE,INFO,CONTINUE,CONTINUE_MISSION,NONE,No supervisor action active,All monitored constraints satisfied
8.94,px4_local_ned_converted,-0.01,-0.05,1.61,-0.02,0.01,0.03,100.0,PX4_TELEMETRY,SAFE,INFO,CONTINUE,CONTINUE_MISSION,NONE,No supervisor action active,All monitored constraints satisfied
9.04,px4_local_ned_converted,-0.01,-0.05,1.61,-0.02,0.01,0.03,100.0,PX4_TELEMETRY,SAFE,INFO,CONTINUE,CONTINUE_MISSION,NONE,No supervisor action active,All monitored constraints satisfied
9.15,px4_local_ned_converted,-0.01,-0.05,1.61,-0.02,0.01,0.04,100.0,PX4_TELEMETRY,SAFE,INFO,CONTINUE,CONTINUE_MISSION,NONE,No supervisor action active,All monitored constraints satisfied
9.25,px4_local_ned_converted,-0.01,-0.05,1.62,-0.02,0.01,0.04,100.0,PX4_TELEMETRY,SAFE,INFO,CONTINUE,CONTINUE_MISSION,NONE,No supervisor action active,All monitored constraints satisfied
9.36,px4_local_ned_converted,-0.01,-0.05,1.62,-0.02,0.0,0.03,100.0,PX4_TELEMETRY,SAFE,INFO,CONTINUE,CONTINUE_MISSION,NONE,No supervisor action active,All monitored constraints satisfied
9.46,px4_local_ned_converted,-0.02,-0.05,1.62,-0.02,0.0,0.03,100.0,PX4_TELEMETRY,SAFE,INFO,CONTINUE,CONTINUE_MISSION,NONE,No supervisor action active,All monitored constraints satisfied
9.57,px4_local_ned_converted,-0.02,-0.05,1.62,-0.02,0.0,0.03,100.0,PX4_TELEMETRY,SAFE,INFO,CONTINUE,CONTINUE_MISSION,NONE,No supervisor action active,All monitored constraints satisfied
9.67,px4_local_ned_converted,-0.02,-0.05,1.62,-0.02,-0.0,0.03,100.0,PX4_TELEMETRY,SAFE,INFO,CONTINUE,CONTINUE_MISSION,NONE,No supervisor action active,All monitored constraints satisfied
9.77,px4_local_ned_converted,-0.02,-0.04,1.62,-0.01,-0.0,0.03,100.0,PX4_TELEMETRY,SAFE,INFO,CONTINUE,CONTINUE_MISSION,NONE,No supervisor action active,All monitored constraints satisfied
9.88,px4_local_ned_converted,-0.03,-0.04,1.62,-0.01,-0.0,0.03,100.0,PX4_TELEMETRY,SAFE,INFO,CONTINUE,CONTINUE_MISSION,NONE,No supervisor action active,All monitored constraints satisfied
9.98,px4_local_ned_converted,-0.03,-0.04,1.62,-0.01,-0.0,0.03,100.0,PX4_TELEMETRY,SAFE,INFO,CONTINUE,CONTINUE_MISSION,NONE,No supervisor action active,All monitored constraints satisfied
10.09,px4_local_ned_converted,-0.03,-0.04,1.62,-0.01,-0.0,0.03,100.0,PX4_TELEMETRY,SAFE,INFO,CONTINUE,CONTINUE_MISSION,NONE,No supervisor action active,All monitored constraints satisfied
10.19,px4_local_ned_converted,-0.03,-0.04,1.62,-0.01,-0.01,0.03,100.0,PX4_TELEMETRY,SAFE,INFO,CONTINUE,CONTINUE_MISSION,NONE,No supervisor action active,All monitored constraints satisfied
10.29,px4_local_ned_converted,-0.03,-0.04,1.62,-0.01,-0.01,0.03,100.0,PX4_TELEMETRY,SAFE,INFO,CONTINUE,CONTINUE_MISSION,NONE,No supervisor action active,All monitored constraints satisfied
10.4,px4_local_ned_converted,-0.04,-0.04,1.62,-0.01,-0.01,0.02,100.0,PX4_TELEMETRY,SAFE,INFO,CONTINUE,CONTINUE_MISSION,NONE,No supervisor action active,All monitored constraints satisfied
10.5,px4_local_ned_converted,-0.04,-0.04,1.62,-0.01,-0.01,0.02,100.0,PX4_TELEMETRY,SAFE,INFO,CONTINUE,CONTINUE_MISSION,NONE,No supervisor action active,All monitored constraints satisfied
10.61,px4_local_ned_converted,-0.04,-0.04,1.62,-0.0,-0.01,0.02,100.0,PX4_TELEMETRY,SAFE,INFO,CONTINUE,CONTINUE_MISSION,NONE,No supervisor action active,All monitored constraints satisfied
10.71,px4_local_ned_converted,-0.04,-0.04,1.62,-0.0,-0.01,0.02,100.0,PX4_TELEMETRY,SAFE,INFO,CONTINUE,CONTINUE_MISSION,NONE,No supervisor action active,All monitored constraints satisfied
10.81,px4_local_ned_converted,-0.04,-0.04,1.62,-0.0,-0.01,0.02,100.0,PX4_TELEMETRY,SAFE,INFO,CONTINUE,CONTINUE_MISSION,NONE,No supervisor action active,All monitored constraints satisfied
10.92,px4_local_ned_converted,-0.04,-0.04,1.62,-0.0,-0.01,0.02,100.0,PX4_TELEMETRY,SAFE,INFO,CONTINUE,CONTINUE_MISSION,NONE,No supervisor action active,All monitored constraints satisfied
11.02,px4_local_ned_converted,-0.04,-0.04,1.62,-0.0,-0.01,0.02,100.0,PX4_TELEMETRY,SAFE,INFO,CONTINUE,CONTINUE_MISSION,NONE,No supervisor action active,All monitored constraints satisfied
11.12,px4_local_ned_converted,-0.04,-0.04,1.62,-0.0,-0.01,0.02,100.0,PX4_TELEMETRY,SAFE,INFO,CONTINUE,CONTINUE_MISSION,NONE,No supervisor action active,All monitored constraints satisfied
11.23,px4_local_ned_converted,-0.04,-0.04,1.62,0.0,-0.01,0.02,100.0,PX4_TELEMETRY,SAFE,INFO,CONTINUE,CONTINUE_MISSION,NONE,No supervisor action active,All monitored constraints satisfied
11.33,px4_local_ned_converted,-0.04,-0.04,1.62,0.0,-0.01,0.02,100.0,PX4_TELEMETRY,SAFE,INFO,CONTINUE,CONTINUE_MISSION,NONE,No supervisor action active,All monitored constraints satisfied
11.44,px4_local_ned_converted,-0.04,-0.04,1.62,0.0,-0.01,0.02,100.0,PX4_TELEMETRY,SAFE,INFO,CONTINUE,CONTINUE_MISSION,NONE,No supervisor action active,All monitored constraints satisfied
11.54,px4_local_ned_converted,-0.04,-0.03,1.62,0.0,-0.01,0.02,100.0,PX4_TELEMETRY,SAFE,INFO,CONTINUE,CONTINUE_MISSION,NONE,No supervisor action active,All monitored constraints satisfied
11.65,px4_local_ned_converted,-0.04,-0.03,1.62,0.0,-0.01,0.02,100.0,PX4_TELEMETRY,SAFE,INFO,CONTINUE,CONTINUE_MISSION,NONE,No supervisor action active,All monitored constraints satisfied
11.75,px4_local_ned_converted,-0.04,-0.03,1.62,0.0,-0.01,0.02,100.0,PX4_TELEMETRY,SAFE,INFO,CONTINUE,CONTINUE_MISSION,NONE,No supervisor action active,All monitored constraints satisfied
11.85,px4_local_ned_converted,-0.04,-0.03,1.61,0.0,-0.01,0.03,100.0,PX4_TELEMETRY,SAFE,INFO,CONTINUE,CONTINUE_MISSION,NONE,No supervisor action active,All monitored constraints satisfied
11.96,px4_local_ned_converted,-0.04,-0.03,1.61,0.0,-0.01,0.03,100.0,PX4_TELEMETRY,SAFE,INFO,CONTINUE,CONTINUE_MISSION,NONE,No supervisor action active,All monitored constraints satisfied
12.06,px4_local_ned_converted,-0.04,-0.03,1.61,0.0,-0.01,0.03,100.0,PX4_TELEMETRY,SAFE,INFO,CONTINUE,CONTINUE_MISSION,NONE,No supervisor action active,All monitored constraints satisfied
12.17,px4_local_ned_converted,-0.04,-0.03,1.61,-0.0,-0.01,0.03,100.0,PX4_TELEMETRY,SAFE,INFO,CONTINUE,CONTINUE_MISSION,NONE,No supervisor action active,All monitored constraints satisfied
12.27,px4_local_ned_converted,-0.04,-0.03,1.61,-0.0,-0.01,0.03,100.0,PX4_TELEMETRY,SAFE,INFO,CONTINUE,CONTINUE_MISSION,NONE,No supervisor action active,All monitored constraints satisfied
12.38,px4_local_ned_converted,-0.04,-0.03,1.61,-0.0,-0.01,0.03,100.0,PX4_TELEMETRY,SAFE,INFO,CONTINUE,CONTINUE_MISSION,NONE,No supervisor action active,All monitored constraints satisfied
12.48,px4_local_ned_converted,-0.04,-0.03,1.61,-0.0,-0.01,0.03,100.0,PX4_TELEMETRY,SAFE,INFO,CONTINUE,CONTINUE_MISSION,NONE,No supervisor action active,All monitored constraints satisfied
12.59,px4_local_ned_converted,-0.04,-0.03,1.61,-0.01,-0.02,0.03,100.0,PX4_TELEMETRY,SAFE,INFO,CONTINUE,CONTINUE_MISSION,NONE,No supervisor action active,All monitored constraints satisfied
12.69,px4_local_ned_converted,-0.04,-0.03,1.61,-0.01,-0.02,0.03,100.0,PX4_TELEMETRY,SAFE,INFO,CONTINUE,CONTINUE_MISSION,NONE,No supervisor action active,All monitored constraints satisfied
12.79,px4_local_ned_converted,-0.05,-0.03,1.62,-0.01,-0.02,0.03,100.0,PX4_TELEMETRY,SAFE,INFO,CONTINUE,CONTINUE_MISSION,NONE,No supervisor action active,All monitored constraints satisfied
12.9,px4_local_ned_converted,-0.05,-0.03,1.62,-0.01,-0.02,0.03,100.0,PX4_TELEMETRY,SAFE,INFO,CONTINUE,CONTINUE_MISSION,NONE,No supervisor action active,All monitored constraints satisfied
13.0,px4_local_ned_converted,-0.04,-0.03,1.62,-0.01,-0.02,0.03,100.0,PX4_TELEMETRY,SAFE,INFO,CONTINUE,CONTINUE_MISSION,NONE,No supervisor action active,All monitored constraints satisfied
13.11,px4_local_ned_converted,-0.04,-0.03,1.62,-0.0,-0.02,0.03,100.0,PX4_TELEMETRY,SAFE,INFO,CONTINUE,CONTINUE_MISSION,NONE,No supervisor action active,All monitored constraints satisfied
13.21,px4_local_ned_converted,-0.04,-0.03,1.62,-0.01,-0.02,0.02,100.0,PX4_TELEMETRY,SAFE,INFO,CONTINUE,CONTINUE_MISSION,NONE,No supervisor action active,All monitored constraints satisfied
13.32,px4_local_ned_converted,-0.04,-0.03,1.63,-0.01,-0.02,0.02,100.0,PX4_TELEMETRY,SAFE,INFO,CONTINUE,CONTINUE_MISSION,NONE,No supervisor action active,All monitored constraints satisfied
13.42,px4_local_ned_converted,-0.04,-0.03,1.63,-0.01,-0.02,0.02,100.0,PX4_TELEMETRY,SAFE,INFO,CONTINUE,CONTINUE_MISSION,NONE,No supervisor action active,All monitored constraints satisfied
13.52,px4_local_ned_converted,-0.04,-0.03,1.63,-0.01,-0.02,0.02,100.0,PX4_TELEMETRY,SAFE,INFO,CONTINUE,CONTINUE_MISSION,NONE,No supervisor action active,All monitored constraints satisfied
13.63,px4_local_ned_converted,-0.04,-0.03,1.63,-0.01,-0.02,0.02,100.0,PX4_TELEMETRY,SAFE,INFO,CONTINUE,CONTINUE_MISSION,NONE,No supervisor action active,All monitored constraints satisfied
13.73,px4_local_ned_converted,-0.04,-0.03,1.63,-0.01,-0.01,0.01,100.0,PX4_TELEMETRY,SAFE,INFO,CONTINUE,CONTINUE_MISSION,NONE,No supervisor action active,All monitored constraints satisfied
13.84,px4_local_ned_converted,-0.03,-0.03,1.63,-0.01,-0.01,0.02,100.0,PX4_TELEMETRY,SAFE,INFO,CONTINUE,CONTINUE_MISSION,NONE,No supervisor action active,All monitored constraints satisfied
13.94,px4_local_ned_converted,-0.03,-0.03,1.63,-0.01,-0.01,0.01,100.0,PX4_TELEMETRY,SAFE,INFO,CONTINUE,CONTINUE_MISSION,NONE,No supervisor action active,All monitored constraints satisfied
14.05,px4_local_ned_converted,-0.03,-0.03,1.63,-0.01,-0.01,0.01,100.0,PX4_TELEMETRY,SAFE,INFO,CONTINUE,CONTINUE_MISSION,NONE,No supervisor action active,All monitored constraints satisfied
14.15,px4_local_ned_converted,-0.03,-0.03,1.63,-0.01,-0.01,0.01,100.0,PX4_TELEMETRY,SAFE,INFO,CONTINUE,CONTINUE_MISSION,NONE,No supervisor action active,All monitored constraints satisfied
14.25,px4_local_ned_converted,-0.02,-0.03,1.63,-0.01,-0.01,0.01,100.0,PX4_TELEMETRY,SAFE,INFO,CONTINUE,CONTINUE_MISSION,NONE,No supervisor action active,All monitored constraints satisfied
14.36,px4_local_ned_converted,-0.02,-0.03,1.63,-0.01,-0.01,0.01,100.0,PX4_TELEMETRY,SAFE,INFO,CONTINUE,CONTINUE_MISSION,NONE,No supervisor action active,All monitored constraints satisfied
14.46,px4_local_ned_converted,-0.02,-0.03,1.64,-0.01,-0.01,0.01,100.0,PX4_TELEMETRY,SAFE,INFO,CONTINUE,CONTINUE_MISSION,NONE,No supervisor action active,All monitored constraints satisfied
14.57,px4_local_ned_converted,-0.01,-0.03,1.64,-0.01,-0.01,0.01,100.0,PX4_TELEMETRY,SAFE,INFO,CONTINUE,CONTINUE_MISSION,NONE,No supervisor action active,All monitored constraints satisfied
14.67,px4_local_ned_converted,-0.01,-0.03,1.64,-0.01,-0.01,0.01,100.0,PX4_TELEMETRY,SAFE,INFO,CONTINUE,CONTINUE_MISSION,NONE,No supervisor action active,All monitored constraints satisfied
14.77,px4_local_ned_converted,-0.0,-0.03,1.64,-0.01,-0.01,0.01,100.0,PX4_TELEMETRY,SAFE,INFO,CONTINUE,CONTINUE_MISSION,NONE,No supervisor action active,All monitored constraints satisfied
14.88,px4_local_ned_converted,-0.0,-0.03,1.65,-0.02,-0.01,0.0,100.0,PX4_TELEMETRY,SAFE,INFO,CONTINUE,CONTINUE_MISSION,NONE,No supervisor action active,All monitored constraints satisfied
14.98,px4_local_ned_converted,0.0,-0.03,1.65,-0.02,-0.01,-0.0,100.0,PX4_TELEMETRY,SAFE,INFO,CONTINUE,CONTINUE_MISSION,NONE,No supervisor action active,All monitored constraints satisfied
15.09,px4_local_ned_converted,0.0,-0.03,1.65,-0.02,-0.01,-0.0,100.0,PX4_TELEMETRY,SAFE,INFO,CONTINUE,CONTINUE_MISSION,NONE,No supervisor action active,All monitored constraints satisfied
15.19,px4_local_ned_converted,0.0,-0.03,1.65,-0.02,-0.01,-0.0,100.0,PX4_TELEMETRY,SAFE,INFO,CONTINUE,CONTINUE_MISSION,NONE,No supervisor action active,All monitored constraints satisfied
15.29,px4_local_ned_converted,0.01,-0.03,1.65,-0.03,-0.01,-0.0,100.0,PX4_TELEMETRY,SAFE,INFO,CONTINUE,CONTINUE_MISSION,NONE,No supervisor action active,All monitored constraints satisfied
15.4,px4_local_ned_converted,0.01,-0.04,1.65,-0.03,-0.01,-0.0,100.0,PX4_TELEMETRY,SAFE,INFO,CONTINUE,CONTINUE_MISSION,NONE,No supervisor action active,All monitored constraints satisfied
15.5,px4_local_ned_converted,0.01,-0.04,1.65,-0.03,-0.01,-0.0,100.0,PX4_TELEMETRY,SAFE,INFO,CONTINUE,CONTINUE_MISSION,NONE,No supervisor action active,All monitored constraints satisfied
15.61,px4_local_ned_converted,0.01,-0.04,1.65,-0.03,-0.01,-0.0,100.0,PX4_TELEMETRY,SAFE,INFO,CONTINUE,CONTINUE_MISSION,NONE,No supervisor action active,All monitored constraints satisfied
15.71,px4_local_ned_converted,0.02,-0.04,1.65,-0.03,-0.01,-0.0,100.0,PX4_TELEMETRY,SAFE,INFO,CONTINUE,CONTINUE_MISSION,NONE,No supervisor action active,All monitored constraints satisfied
15.81,px4_local_ned_converted,0.02,-0.04,1.65,-0.03,-0.01,-0.0,100.0,PX4_TELEMETRY,SAFE,INFO,CONTINUE,CONTINUE_MISSION,NONE,No supervisor action active,All monitored constraints satisfied
15.92,px4_local_ned_converted,0.02,-0.04,1.65,-0.03,-0.01,-0.01,100.0,PX4_TELEMETRY,SAFE,INFO,CONTINUE,CONTINUE_MISSION,NONE,No supervisor action active,All monitored constraints satisfied
16.02,px4_local_ned_converted,0.02,-0.04,1.65,-0.04,-0.01,-0.01,100.0,PX4_TELEMETRY,SAFE,INFO,CONTINUE,CONTINUE_MISSION,NONE,No supervisor action active,All monitored constraints satisfied
16.13,px4_local_ned_converted,0.02,-0.04,1.65,-0.04,-0.01,-0.01,100.0,PX4_TELEMETRY,SAFE,INFO,CONTINUE,CONTINUE_MISSION,NONE,No supervisor action active,All monitored constraints satisfied
16.23,px4_local_ned_converted,0.03,-0.04,1.65,-0.04,-0.01,-0.01,100.0,PX4_TELEMETRY,SAFE,INFO,CONTINUE,CONTINUE_MISSION,NONE,No supervisor action active,All monitored constraints satisfied
16.34,px4_local_ned_converted,0.03,-0.04,1.65,-0.04,-0.01,-0.01,100.0,PX4_TELEMETRY,SAFE,INFO,CONTINUE,CONTINUE_MISSION,NONE,No supervisor action active,All monitored constraints satisfied
16.44,px4_local_ned_converted,0.03,-0.04,1.65,-0.04,-0.01,-0.01,100.0,PX4_TELEMETRY,SAFE,INFO,CONTINUE,CONTINUE_MISSION,NONE,No supervisor action active,All monitored constraints satisfied
16.55,px4_local_ned_converted,0.03,-0.04,1.65,-0.04,-0.01,-0.01,100.0,PX4_TELEMETRY,SAFE,INFO,CONTINUE,CONTINUE_MISSION,NONE,No supervisor action active,All monitored constraints satisfied
16.66,px4_local_ned_converted,0.03,-0.04,1.66,-0.04,-0.01,-0.01,100.0,PX4_TELEMETRY,SAFE,INFO,CONTINUE,CONTINUE_MISSION,NONE,No supervisor action active,All monitored constraints satisfied
16.76,px4_local_ned_converted,0.03,-0.05,1.66,-0.04,-0.01,-0.01,100.0,PX4_TELEMETRY,SAFE,INFO,CONTINUE,CONTINUE_MISSION,NONE,No supervisor action active,All monitored constraints satisfied
16.86,px4_local_ned_converted,0.02,-0.05,1.66,-0.04,-0.01,-0.01,100.0,PX4_TELEMETRY,SAFE,INFO,CONTINUE,CONTINUE_MISSION,NONE,No supervisor action active,All monitored constraints satisfied
16.97,px4_local_ned_converted,0.02,-0.05,1.66,-0.05,-0.01,-0.01,100.0,PX4_TELEMETRY,SAFE,INFO,CONTINUE,CONTINUE_MISSION,NONE,No supervisor action active,All monitored constraints satisfied
17.07,px4_local_ned_converted,0.02,-0.05,1.66,-0.05,-0.01,-0.01,100.0,PX4_TELEMETRY,SAFE,INFO,CONTINUE,CONTINUE_MISSION,NONE,No supervisor action active,All monitored constraints satisfied
17.18,px4_local_ned_converted,0.01,-0.05,1.66,-0.05,-0.01,-0.01,100.0,PX4_TELEMETRY,SAFE,INFO,CONTINUE,CONTINUE_MISSION,NONE,No supervisor action active,All monitored constraints satisfied
17.28,px4_local_ned_converted,0.01,-0.05,1.66,-0.05,-0.01,-0.01,100.0,PX4_TELEMETRY,SAFE,INFO,CONTINUE,CONTINUE_MISSION,NONE,No supervisor action active,All monitored constraints satisfied
17.39,px4_local_ned_converted,0.01,-0.06,1.66,-0.05,-0.01,-0.01,100.0,PX4_TELEMETRY,SAFE,INFO,CONTINUE,CONTINUE_MISSION,NONE,No supervisor action active,All monitored constraints satisfied
17.49,px4_local_ned_converted,0.0,-0.06,1.66,-0.04,-0.0,-0.01,100.0,PX4_TELEMETRY,SAFE,INFO,CONTINUE,CONTINUE_MISSION,NONE,No supervisor action active,All monitored constraints satisfied
17.6,px4_local_ned_converted,-0.0,-0.06,1.66,-0.04,-0.0,-0.01,100.0,PX4_TELEMETRY,SAFE,INFO,CONTINUE,CONTINUE_MISSION,NONE,No supervisor action active,All monitored constraints satisfied
17.7,px4_local_ned_converted,-0.0,-0.06,1.66,-0.04,-0.0,-0.01,100.0,PX4_TELEMETRY,SAFE,INFO,CONTINUE,CONTINUE_MISSION,NONE,No supervisor action active,All monitored constraints satisfied
17.8,px4_local_ned_converted,-0.01,-0.06,1.66,-0.04,-0.0,-0.01,100.0,PX4_TELEMETRY,SAFE,INFO,CONTINUE,CONTINUE_MISSION,NONE,No supervisor action active,All monitored constraints satisfied
17.91,px4_local_ned_converted,-0.01,-0.06,1.67,-0.04,-0.0,-0.02,100.0,PX4_TELEMETRY,SAFE,INFO,CONTINUE,CONTINUE_MISSION,NONE,No supervisor action active,All monitored constraints satisfied
18.01,px4_local_ned_converted,-0.01,-0.06,1.67,-0.03,0.0,-0.02,100.0,PX4_TELEMETRY,SAFE,INFO,CONTINUE,CONTINUE_MISSION,NONE,No supervisor action active,All monitored constraints satisfied
18.12,px4_local_ned_converted,-0.01,-0.06,1.67,-0.03,0.0,-0.02,100.0,PX4_TELEMETRY,SAFE,INFO,CONTINUE,CONTINUE_MISSION,NONE,No supervisor action active,All monitored constraints satisfied
18.22,px4_local_ned_converted,-0.02,-0.06,1.67,-0.03,0.0,-0.02,100.0,PX4_TELEMETRY,SAFE,INFO,CONTINUE,CONTINUE_MISSION,NONE,No supervisor action active,All monitored constraints satisfied
18.32,px4_local_ned_converted,-0.02,-0.06,1.67,-0.03,0.0,-0.02,100.0,PX4_TELEMETRY,SAFE,INFO,CONTINUE,CONTINUE_MISSION,NONE,No supervisor action active,All monitored constraints satisfied
18.43,px4_local_ned_converted,-0.02,-0.06,1.67,-0.03,0.0,-0.03,100.0,PX4_TELEMETRY,SAFE,INFO,CONTINUE,CONTINUE_MISSION,NONE,No supervisor action active,All monitored constraints satisfied
18.53,px4_local_ned_converted,-0.02,-0.06,1.67,-0.02,0.0,-0.03,100.0,PX4_TELEMETRY,SAFE,INFO,CONTINUE,CONTINUE_MISSION,NONE,No supervisor action active,All monitored constraints satisfied
18.64,px4_local_ned_converted,-0.02,-0.06,1.67,-0.02,0.0,-0.03,100.0,PX4_TELEMETRY,SAFE,INFO,CONTINUE,CONTINUE_MISSION,NONE,No supervisor action active,All monitored constraints satisfied
18.75,px4_local_ned_converted,-0.02,-0.06,1.67,-0.02,0.0,-0.03,100.0,PX4_TELEMETRY,SAFE,INFO,CONTINUE,CONTINUE_MISSION,NONE,No supervisor action active,All monitored constraints satisfied
18.85,px4_local_ned_converted,-0.03,-0.06,1.67,-0.02,0.0,-0.03,100.0,PX4_TELEMETRY,SAFE,INFO,CONTINUE,CONTINUE_MISSION,NONE,No supervisor action active,All monitored constraints satisfied
18.96,px4_local_ned_converted,-0.03,-0.06,1.67,-0.02,0.0,-0.03,100.0,PX4_TELEMETRY,SAFE,INFO,CONTINUE,CONTINUE_MISSION,NONE,No supervisor action active,All monitored constraints satisfied
19.06,px4_local_ned_converted,-0.03,-0.06,1.68,-0.02,0.0,-0.03,100.0,PX4_TELEMETRY,SAFE,INFO,CONTINUE,CONTINUE_MISSION,NONE,No supervisor action active,All monitored constraints satisfied
19.17,px4_local_ned_converted,-0.03,-0.06,1.67,-0.02,0.0,-0.03,100.0,PX4_TELEMETRY,SAFE,INFO,CONTINUE,CONTINUE_MISSION,NONE,No supervisor action active,All monitored constraints satisfied
19.27,px4_local_ned_converted,-0.04,-0.06,1.67,-0.01,0.0,-0.03,100.0,PX4_TELEMETRY,SAFE,INFO,CONTINUE,CONTINUE_MISSION,NONE,No supervisor action active,All monitored constraints satisfied
19.38,px4_local_ned_converted,-0.04,-0.06,1.68,-0.01,0.01,-0.03,100.0,PX4_TELEMETRY,SAFE,INFO,CONTINUE,CONTINUE_MISSION,NONE,No supervisor action active,All monitored constraints satisfied
19.48,px4_local_ned_converted,-0.04,-0.06,1.68,-0.01,0.01,-0.03,100.0,PX4_TELEMETRY,SAFE,INFO,CONTINUE,CONTINUE_MISSION,NONE,No supervisor action active,All monitored constraints satisfied
19.58,px4_local_ned_converted,-0.04,-0.06,1.67,-0.01,0.01,-0.03,100.0,PX4_TELEMETRY,SAFE,INFO,CONTINUE,CONTINUE_MISSION,NONE,No supervisor action active,All monitored constraints satisfied
19.68,px4_local_ned_converted,-0.04,-0.06,1.67,-0.01,0.0,-0.03,100.0,PX4_TELEMETRY,SAFE,INFO,CONTINUE,CONTINUE_MISSION,NONE,No supervisor action active,All monitored constraints satisfied
19.78,px4_local_ned_converted,-0.04,-0.06,1.68,-0.0,0.0,-0.03,100.0,PX4_TELEMETRY,SAFE,INFO,CONTINUE,CONTINUE_MISSION,NONE,No supervisor action active,All monitored constraints satisfied
19.89,px4_local_ned_converted,-0.05,-0.06,1.68,-0.0,0.0,-0.03,100.0,PX4_TELEMETRY,SAFE,INFO,CONTINUE,CONTINUE_MISSION,NONE,No supervisor action active,All monitored constraints satisfied
20.0,px4_local_ned_converted,-0.05,-0.06,1.68,-0.0,0.0,-0.03,100.0,PX4_TELEMETRY,SAFE,INFO,CONTINUE,CONTINUE_MISSION,NONE,No supervisor action active,All monitored constraints satisfied
20.1,px4_local_ned_converted,-0.05,-0.06,1.68,-0.0,0.0,-0.03,100.0,PX4_TELEMETRY,SAFE,INFO,CONTINUE,CONTINUE_MISSION,NONE,No supervisor action active,All monitored constraints satisfied
20.2,px4_local_ned_converted,-0.05,-0.06,1.68,-0.0,0.0,-0.03,100.0,PX4_TELEMETRY,SAFE,INFO,CONTINUE,CONTINUE_MISSION,NONE,No supervisor action active,All monitored constraints satisfied
20.31,px4_local_ned_converted,-0.05,-0.06,1.68,-0.0,0.0,-0.03,100.0,PX4_TELEMETRY,SAFE,INFO,CONTINUE,CONTINUE_MISSION,NONE,No supervisor action active,All monitored constraints satisfied
20.41,px4_local_ned_converted,-0.06,-0.06,1.68,0.0,0.0,-0.03,100.0,PX4_TELEMETRY,SAFE,INFO,CONTINUE,CONTINUE_MISSION,NONE,No supervisor action active,All monitored constraints satisfied
20.51,px4_local_ned_converted,-0.06,-0.06,1.68,0.0,0.0,-0.03,100.0,PX4_TELEMETRY,SAFE,INFO,CONTINUE,CONTINUE_MISSION,NONE,No supervisor action active,All monitored constraints satisfied
20.62,px4_local_ned_converted,-0.06,-0.06,1.68,0.01,0.0,-0.03,100.0,PX4_TELEMETRY,SAFE,INFO,CONTINUE,CONTINUE_MISSION,NONE,No supervisor action active,All monitored constraints satisfied
20.72,px4_local_ned_converted,-0.06,-0.05,1.68,0.01,0.0,-0.03,100.0,PX4_TELEMETRY,SAFE,INFO,CONTINUE,CONTINUE_MISSION,NONE,No supervisor action active,All monitored constraints satisfied
20.83,px4_local_ned_converted,-0.06,-0.05,1.68,0.01,0.0,-0.03,100.0,PX4_TELEMETRY,SAFE,INFO,CONTINUE,CONTINUE_MISSION,NONE,No supervisor action active,All monitored constraints satisfied
20.93,px4_local_ned_converted,-0.06,-0.05,1.68,0.01,0.0,-0.03,100.0,PX4_TELEMETRY,SAFE,INFO,CONTINUE,CONTINUE_MISSION,NONE,No supervisor action active,All monitored constraints satisfied
21.04,px4_local_ned_converted,-0.06,-0.05,1.68,0.01,0.0,-0.03,100.0,PX4_TELEMETRY,SAFE,INFO,CONTINUE,CONTINUE_MISSION,NONE,No supervisor action active,All monitored constraints satisfied
21.14,px4_local_ned_converted,-0.06,-0.05,1.68,0.02,0.0,-0.04,100.0,PX4_TELEMETRY,SAFE,INFO,CONTINUE,CONTINUE_MISSION,NONE,No supervisor action active,All monitored constraints satisfied
21.24,px4_local_ned_converted,-0.05,-0.05,1.68,0.02,0.0,-0.04,100.0,PX4_TELEMETRY,SAFE,INFO,CONTINUE,CONTINUE_MISSION,NONE,No supervisor action active,All monitored constraints satisfied
21.35,px4_local_ned_converted,-0.05,-0.05,1.68,0.02,-0.0,-0.04,100.0,PX4_TELEMETRY,SAFE,INFO,CONTINUE,CONTINUE_MISSION,NONE,No supervisor action active,All monitored constraints satisfied
21.45,px4_local_ned_converted,-0.05,-0.05,1.68,0.02,-0.0,-0.04,100.0,PX4_TELEMETRY,SAFE,INFO,CONTINUE,CONTINUE_MISSION,NONE,No supervisor action active,All monitored constraints satisfied
21.55,px4_local_ned_converted,-0.05,-0.05,1.68,0.02,-0.0,-0.04,100.0,PX4_TELEMETRY,SAFE,INFO,CONTINUE,CONTINUE_MISSION,NONE,No supervisor action active,All monitored constraints satisfied
21.66,px4_local_ned_converted,-0.05,-0.05,1.68,0.02,-0.0,-0.04,100.0,PX4_TELEMETRY,SAFE,INFO,CONTINUE,CONTINUE_MISSION,NONE,No supervisor action active,All monitored constraints satisfied
21.76,px4_local_ned_converted,-0.05,-0.05,1.68,0.02,-0.0,-0.04,100.0,PX4_TELEMETRY,SAFE,INFO,CONTINUE,CONTINUE_MISSION,NONE,No supervisor action active,All monitored constraints satisfied
21.87,px4_local_ned_converted,-0.05,-0.05,1.69,0.02,-0.0,-0.04,100.0,PX4_TELEMETRY,SAFE,INFO,CONTINUE,CONTINUE_MISSION,NONE,No supervisor action active,All monitored constraints satisfied
21.97,px4_local_ned_converted,-0.05,-0.05,1.69,0.02,-0.01,-0.04,100.0,PX4_TELEMETRY,SAFE,INFO,CONTINUE,CONTINUE_MISSION,NONE,No supervisor action active,All monitored constraints satisfied
22.08,px4_local_ned_converted,-0.05,-0.05,1.68,0.02,-0.0,-0.04,100.0,PX4_TELEMETRY,SAFE,INFO,CONTINUE,CONTINUE_MISSION,NONE,No supervisor action active,All monitored constraints satisfied
22.18,px4_local_ned_converted,-0.06,-0.05,1.69,0.02,-0.0,-0.04,100.0,PX4_TELEMETRY,SAFE,INFO,CONTINUE,CONTINUE_MISSION,NONE,No supervisor action active,All monitored constraints satisfied
22.29,px4_local_ned_converted,-0.06,-0.05,1.69,0.02,-0.01,-0.04,100.0,PX4_TELEMETRY,SAFE,INFO,CONTINUE,CONTINUE_MISSION,NONE,No supervisor action active,All monitored constraints satisfied
22.39,px4_local_ned_converted,-0.06,-0.05,1.69,0.02,-0.01,-0.04,100.0,PX4_TELEMETRY,SAFE,INFO,CONTINUE,CONTINUE_MISSION,NONE,No supervisor action active,All monitored constraints satisfied
22.49,px4_local_ned_converted,-0.06,-0.05,1.69,0.02,-0.01,-0.04,100.0,PX4_TELEMETRY,SAFE,INFO,CONTINUE,CONTINUE_MISSION,NONE,No supervisor action active,All monitored constraints satisfied
22.6,px4_local_ned_converted,-0.06,-0.05,1.69,0.02,-0.01,-0.04,100.0,PX4_TELEMETRY,SAFE,INFO,CONTINUE,CONTINUE_MISSION,NONE,No supervisor action active,All monitored constraints satisfied
22.7,px4_local_ned_converted,-0.06,-0.05,1.7,0.02,-0.0,-0.05,100.0,PX4_TELEMETRY,SAFE,INFO,CONTINUE,CONTINUE_MISSION,NONE,No supervisor action active,All monitored constraints satisfied
22.81,px4_local_ned_converted,-0.06,-0.05,1.69,0.02,-0.0,-0.05,100.0,PX4_TELEMETRY,SAFE,INFO,CONTINUE,CONTINUE_MISSION,NONE,No supervisor action active,All monitored constraints satisfied
22.91,px4_local_ned_converted,-0.06,-0.05,1.69,0.02,-0.0,-0.05,100.0,PX4_TELEMETRY,SAFE,INFO,CONTINUE,CONTINUE_MISSION,NONE,No supervisor action active,All monitored constraints satisfied
23.02,px4_local_ned_converted,-0.06,-0.05,1.7,0.02,-0.0,-0.05,100.0,PX4_TELEMETRY,SAFE,INFO,CONTINUE,CONTINUE_MISSION,NONE,No supervisor action active,All monitored constraints satisfied
23.12,px4_local_ned_converted,-0.06,-0.04,1.7,0.02,-0.0,-0.05,100.0,PX4_TELEMETRY,SAFE,INFO,CONTINUE,CONTINUE_MISSION,NONE,No supervisor action active,All monitored constraints satisfied
23.22,px4_local_ned_converted,-0.06,-0.04,1.7,0.02,-0.0,-0.05,100.0,PX4_TELEMETRY,SAFE,INFO,CONTINUE,CONTINUE_MISSION,NONE,No supervisor action active,All monitored constraints satisfied
23.33,px4_local_ned_converted,-0.06,-0.04,1.7,0.02,-0.0,-0.05,100.0,PX4_TELEMETRY,SAFE,INFO,CONTINUE,CONTINUE_MISSION,NONE,No supervisor action active,All monitored constraints satisfied
23.43,px4_local_ned_converted,-0.06,-0.04,1.7,0.02,-0.0,-0.05,100.0,PX4_TELEMETRY,SAFE,INFO,CONTINUE,CONTINUE_MISSION,NONE,No supervisor action active,All monitored constraints satisfied
23.54,px4_local_ned_converted,-0.06,-0.04,1.7,0.02,-0.0,-0.06,100.0,PX4_TELEMETRY,SAFE,INFO,CONTINUE,CONTINUE_MISSION,NONE,No supervisor action active,All monitored constraints satisfied
23.64,px4_local_ned_converted,-0.06,-0.04,1.7,0.02,-0.0,-0.06,100.0,PX4_TELEMETRY,SAFE,INFO,CONTINUE,CONTINUE_MISSION,NONE,No supervisor action active,All monitored constraints satisfied
23.74,px4_local_ned_converted,-0.06,-0.04,1.7,0.02,-0.0,-0.05,100.0,PX4_TELEMETRY,SAFE,INFO,CONTINUE,CONTINUE_MISSION,NONE,No supervisor action active,All monitored constraints satisfied
23.85,px4_local_ned_converted,-0.06,-0.03,1.7,0.02,-0.0,-0.05,100.0,PX4_TELEMETRY,SAFE,INFO,CONTINUE,CONTINUE_MISSION,NONE,No supervisor action active,All monitored constraints satisfied
23.95,px4_local_ned_converted,-0.06,-0.03,1.7,0.02,-0.01,-0.05,100.0,PX4_TELEMETRY,SAFE,INFO,CONTINUE,CONTINUE_MISSION,NONE,No supervisor action active,All monitored constraints satisfied
24.06,px4_local_ned_converted,-0.05,-0.03,1.7,0.02,-0.01,-0.05,100.0,PX4_TELEMETRY,SAFE,INFO,CONTINUE,CONTINUE_MISSION,NONE,No supervisor action active,All monitored constraints satisfied
24.16,px4_local_ned_converted,-0.06,-0.03,1.7,0.02,-0.01,-0.05,100.0,PX4_TELEMETRY,SAFE,INFO,CONTINUE,CONTINUE_MISSION,NONE,No supervisor action active,All monitored constraints satisfied
24.27,px4_local_ned_converted,-0.06,-0.03,1.7,0.02,-0.01,-0.05,100.0,PX4_TELEMETRY,SAFE,INFO,CONTINUE,CONTINUE_MISSION,NONE,No supervisor action active,All monitored constraints satisfied
24.37,px4_local_ned_converted,-0.06,-0.03,1.7,0.02,-0.01,-0.05,100.0,PX4_TELEMETRY,SAFE,INFO,CONTINUE,CONTINUE_MISSION,NONE,No supervisor action active,All monitored constraints satisfied
24.47,px4_local_ned_converted,-0.06,-0.03,1.7,0.02,-0.01,-0.05,100.0,PX4_TELEMETRY,SAFE,INFO,CONTINUE,CONTINUE_MISSION,NONE,No supervisor action active,All monitored constraints satisfied
24.58,px4_local_ned_converted,-0.06,-0.03,1.7,0.02,-0.01,-0.05,100.0,PX4_TELEMETRY,SAFE,INFO,CONTINUE,CONTINUE_MISSION,NONE,No supervisor action active,All monitored constraints satisfied
24.68,px4_local_ned_converted,-0.06,-0.04,1.7,0.02,-0.01,-0.05,100.0,PX4_TELEMETRY,SAFE,INFO,CONTINUE,CONTINUE_MISSION,NONE,No supervisor action active,All monitored constraints satisfied
24.79,px4_local_ned_converted,-0.06,-0.04,1.7,0.02,-0.01,-0.05,100.0,PX4_TELEMETRY,SAFE,INFO,CONTINUE,CONTINUE_MISSION,NONE,No supervisor action active,All monitored constraints satisfied
24.89,px4_local_ned_converted,-0.06,-0.04,1.7,0.02,-0.01,-0.05,100.0,PX4_TELEMETRY,SAFE,INFO,CONTINUE,CONTINUE_MISSION,NONE,No supervisor action active,All monitored constraints satisfied
24.99,px4_local_ned_converted,-0.07,-0.04,1.7,0.02,-0.01,-0.05,100.0,PX4_TELEMETRY,SAFE,INFO,CONTINUE,CONTINUE_MISSION,NONE,No supervisor action active,All monitored constraints satisfied
25.1,px4_local_ned_converted,-0.07,-0.04,1.7,0.02,-0.01,-0.05,100.0,PX4_TELEMETRY,SAFE,INFO,CONTINUE,CONTINUE_MISSION,NONE,No supervisor action active,All monitored constraints satisfied
25.2,px4_local_ned_converted,-0.07,-0.05,1.7,0.02,-0.01,-0.05,100.0,PX4_TELEMETRY,SAFE,INFO,CONTINUE,CONTINUE_MISSION,NONE,No supervisor action active,All monitored constraints satisfied
25.31,px4_local_ned_converted,-0.07,-0.05,1.7,0.03,-0.01,-0.05,100.0,PX4_TELEMETRY,SAFE,INFO,CONTINUE,CONTINUE_MISSION,NONE,No supervisor action active,All monitored constraints satisfied
25.41,px4_local_ned_converted,-0.07,-0.05,1.7,0.03,-0.01,-0.05,100.0,PX4_TELEMETRY,SAFE,INFO,CONTINUE,CONTINUE_MISSION,NONE,No supervisor action active,All monitored constraints satisfied
25.52,px4_local_ned_converted,-0.07,-0.05,1.7,0.03,-0.01,-0.05,100.0,PX4_TELEMETRY,SAFE,INFO,CONTINUE,CONTINUE_MISSION,NONE,No supervisor action active,All monitored constraints satisfied
25.62,px4_local_ned_converted,-0.07,-0.05,1.7,0.03,-0.01,-0.05,100.0,PX4_TELEMETRY,SAFE,INFO,CONTINUE,CONTINUE_MISSION,NONE,No supervisor action active,All monitored constraints satisfied
25.73,px4_local_ned_converted,-0.07,-0.06,1.7,0.03,-0.01,-0.05,100.0,PX4_TELEMETRY,SAFE,INFO,CONTINUE,CONTINUE_MISSION,NONE,No supervisor action active,All monitored constraints satisfied
25.83,px4_local_ned_converted,-0.07,-0.06,1.7,0.03,-0.01,-0.05,100.0,PX4_TELEMETRY,SAFE,INFO,CONTINUE,CONTINUE_MISSION,NONE,No supervisor action active,All monitored constraints satisfied
25.94,px4_local_ned_converted,-0.06,-0.06,1.7,0.03,-0.01,-0.05,100.0,PX4_TELEMETRY,SAFE,INFO,CONTINUE,CONTINUE_MISSION,NONE,No supervisor action active,All monitored constraints satisfied
26.04,px4_local_ned_converted,-0.06,-0.06,1.7,0.04,-0.0,-0.06,100.0,PX4_TELEMETRY,SAFE,INFO,CONTINUE,CONTINUE_MISSION,NONE,No supervisor action active,All monitored constraints satisfied
26.14,px4_local_ned_converted,-0.06,-0.06,1.7,0.04,-0.0,-0.06,100.0,PX4_TELEMETRY,SAFE,INFO,CONTINUE,CONTINUE_MISSION,NONE,No supervisor action active,All monitored constraints satisfied
26.25,px4_local_ned_converted,-0.06,-0.06,1.7,0.03,-0.0,-0.06,100.0,PX4_TELEMETRY,SAFE,INFO,CONTINUE,CONTINUE_MISSION,NONE,No supervisor action active,All monitored constraints satisfied
26.35,px4_local_ned_converted,-0.06,-0.06,1.7,0.03,-0.0,-0.06,100.0,PX4_TELEMETRY,SAFE,INFO,CONTINUE,CONTINUE_MISSION,NONE,No supervisor action active,All monitored constraints satisfied
26.46,px4_local_ned_converted,-0.06,-0.06,1.7,0.03,-0.0,-0.06,100.0,PX4_TELEMETRY,SAFE,INFO,CONTINUE,CONTINUE_MISSION,NONE,No supervisor action active,All monitored constraints satisfied
26.56,px4_local_ned_converted,-0.06,-0.06,1.7,0.03,0.0,-0.06,100.0,PX4_TELEMETRY,SAFE,INFO,CONTINUE,CONTINUE_MISSION,NONE,No supervisor action active,All monitored constraints satisfied
26.66,px4_local_ned_converted,-0.06,-0.06,1.7,0.03,0.0,-0.05,100.0,PX4_TELEMETRY,SAFE,INFO,CONTINUE,CONTINUE_MISSION,NONE,No supervisor action active,All monitored constraints satisfied
26.77,px4_local_ned_converted,-0.06,-0.06,1.71,0.03,0.0,-0.05,100.0,PX4_TELEMETRY,SAFE,INFO,CONTINUE,CONTINUE_MISSION,NONE,No supervisor action active,All monitored constraints satisfied
26.87,px4_local_ned_converted,-0.06,-0.06,1.71,0.03,0.0,-0.06,100.0,PX4_TELEMETRY,SAFE,INFO,CONTINUE,CONTINUE_MISSION,NONE,No supervisor action active,All monitored constraints satisfied
26.98,px4_local_ned_converted,-0.06,-0.06,1.7,0.03,0.01,-0.06,100.0,PX4_TELEMETRY,SAFE,INFO,CONTINUE,CONTINUE_MISSION,NONE,No supervisor action active,All monitored constraints satisfied
27.08,px4_local_ned_converted,-0.07,-0.06,1.7,0.03,0.01,-0.06,100.0,PX4_TELEMETRY,SAFE,INFO,CONTINUE,CONTINUE_MISSION,NONE,No supervisor action active,All monitored constraints satisfied
27.18,px4_local_ned_converted,-0.07,-0.06,1.7,0.03,0.01,-0.06,100.0,PX4_TELEMETRY,SAFE,INFO,CONTINUE,CONTINUE_MISSION,NONE,No supervisor action active,All monitored constraints satisfied
27.29,px4_local_ned_converted,-0.07,-0.06,1.7,0.03,0.01,-0.06,100.0,PX4_TELEMETRY,SAFE,INFO,CONTINUE,CONTINUE_MISSION,NONE,No supervisor action active,All monitored constraints satisfied
27.39,px4_local_ned_converted,-0.07,-0.06,1.7,0.03,0.01,-0.06,100.0,PX4_TELEMETRY,SAFE,INFO,CONTINUE,CONTINUE_MISSION,NONE,No supervisor action active,All monitored constraints satisfied
27.49,px4_local_ned_converted,-0.07,-0.06,1.7,0.03,0.0,-0.05,100.0,PX4_TELEMETRY,SAFE,INFO,CONTINUE,CONTINUE_MISSION,NONE,No supervisor action active,All monitored constraints satisfied
27.6,px4_local_ned_converted,-0.07,-0.06,1.7,0.03,0.0,-0.05,100.0,PX4_TELEMETRY,SAFE,INFO,CONTINUE,CONTINUE_MISSION,NONE,No supervisor action active,All monitored constraints satisfied
27.7,px4_local_ned_converted,-0.07,-0.06,1.69,0.04,0.0,-0.05,100.0,PX4_TELEMETRY,SAFE,INFO,CONTINUE,CONTINUE_MISSION,NONE,No supervisor action active,All monitored constraints satisfied
27.8,px4_local_ned_converted,-0.07,-0.06,1.69,0.04,0.0,-0.05,100.0,PX4_TELEMETRY,SAFE,INFO,CONTINUE,CONTINUE_MISSION,NONE,No supervisor action active,All monitored constraints satisfied
27.91,px4_local_ned_converted,-0.07,-0.06,1.69,0.04,0.0,-0.05,100.0,PX4_TELEMETRY,SAFE,INFO,CONTINUE,CONTINUE_MISSION,NONE,No supervisor action active,All monitored constraints satisfied
28.01,px4_local_ned_converted,-0.07,-0.06,1.69,0.04,0.0,-0.05,100.0,PX4_TELEMETRY,SAFE,INFO,CONTINUE,CONTINUE_MISSION,NONE,No supervisor action active,All monitored constraints satisfied
28.12,px4_local_ned_converted,-0.07,-0.06,1.69,0.04,0.01,-0.05,100.0,PX4_TELEMETRY,SAFE,INFO,CONTINUE,CONTINUE_MISSION,NONE,No supervisor action active,All monitored constraints satisfied
28.22,px4_local_ned_converted,-0.07,-0.06,1.69,0.04,0.0,-0.05,100.0,PX4_TELEMETRY,SAFE,INFO,CONTINUE,CONTINUE_MISSION,NONE,No supervisor action active,All monitored constraints satisfied
28.32,px4_local_ned_converted,-0.07,-0.06,1.69,0.04,0.01,-0.04,100.0,PX4_TELEMETRY,SAFE,INFO,CONTINUE,CONTINUE_MISSION,NONE,No supervisor action active,All monitored constraints satisfied
28.43,px4_local_ned_converted,-0.07,-0.06,1.68,0.04,0.0,-0.04,100.0,PX4_TELEMETRY,SAFE,INFO,CONTINUE,CONTINUE_MISSION,NONE,No supervisor action active,All monitored constraints satisfied
28.53,px4_local_ned_converted,-0.07,-0.06,1.68,0.04,0.01,-0.04,100.0,PX4_TELEMETRY,SAFE,INFO,CONTINUE,CONTINUE_MISSION,NONE,No supervisor action active,All monitored constraints satisfied
28.64,px4_local_ned_converted,-0.07,-0.06,1.68,0.04,0.01,-0.04,100.0,PX4_TELEMETRY,SAFE,INFO,CONTINUE,CONTINUE_MISSION,NONE,No supervisor action active,All monitored constraints satisfied
28.74,px4_local_ned_converted,-0.08,-0.06,1.68,0.04,0.01,-0.03,100.0,PX4_TELEMETRY,SAFE,INFO,CONTINUE,CONTINUE_MISSION,NONE,No supervisor action active,All monitored constraints satisfied
28.85,px4_local_ned_converted,-0.08,-0.06,1.68,0.04,0.01,-0.03,100.0,PX4_TELEMETRY,SAFE,INFO,CONTINUE,CONTINUE_MISSION,NONE,No supervisor action active,All monitored constraints satisfied
28.95,px4_local_ned_converted,-0.08,-0.06,1.67,0.04,0.01,-0.03,100.0,PX4_TELEMETRY,SAFE,INFO,CONTINUE,CONTINUE_MISSION,NONE,No supervisor action active,All monitored constraints satisfied
29.06,px4_local_ned_converted,-0.08,-0.06,1.67,0.04,0.01,-0.03,100.0,PX4_TELEMETRY,SAFE,INFO,CONTINUE,CONTINUE_MISSION,NONE,No supervisor action active,All monitored constraints satisfied
29.16,px4_local_ned_converted,-0.09,-0.06,1.67,0.04,0.01,-0.03,100.0,PX4_TELEMETRY,SAFE,INFO,CONTINUE,CONTINUE_MISSION,NONE,No supervisor action active,All monitored constraints satisfied
29.26,px4_local_ned_converted,-0.09,-0.06,1.67,0.05,0.01,-0.02,100.0,PX4_TELEMETRY,SAFE,INFO,CONTINUE,CONTINUE_MISSION,NONE,No supervisor action active,All monitored constraints satisfied
29.37,px4_local_ned_converted,-0.09,-0.06,1.67,0.05,0.01,-0.02,100.0,PX4_TELEMETRY,SAFE,INFO,CONTINUE,CONTINUE_MISSION,NONE,No supervisor action active,All monitored constraints satisfied
29.47,px4_local_ned_converted,-0.09,-0.06,1.67,0.05,0.01,-0.02,100.0,PX4_TELEMETRY,SAFE,INFO,CONTINUE,CONTINUE_MISSION,NONE,No supervisor action active,All monitored constraints satisfied
29.57,px4_local_ned_converted,-0.09,-0.06,1.67,0.05,0.01,-0.02,100.0,PX4_TELEMETRY,SAFE,INFO,CONTINUE,CONTINUE_MISSION,NONE,No supervisor action active,All monitored constraints satisfied
29.68,px4_local_ned_converted,-0.09,-0.05,1.66,0.05,0.01,-0.02,100.0,PX4_TELEMETRY,SAFE,INFO,CONTINUE,CONTINUE_MISSION,NONE,No supervisor action active,All monitored constraints satisfied
29.78,px4_local_ned_converted,-0.09,-0.05,1.66,0.05,0.01,-0.02,100.0,PX4_TELEMETRY,SAFE,INFO,CONTINUE,CONTINUE_MISSION,NONE,No supervisor action active,All monitored constraints satisfied
29.89,px4_local_ned_converted,-0.09,-0.05,1.66,0.05,0.01,-0.01,100.0,PX4_TELEMETRY,SAFE,INFO,CONTINUE,CONTINUE_MISSION,NONE,No supervisor action active,All monitored constraints satisfied
29.99,px4_local_ned_converted,-0.1,-0.05,1.67,0.05,0.01,-0.01,100.0,PX4_TELEMETRY,SAFE,INFO,CONTINUE,CONTINUE_MISSION,NONE,No supervisor action active,All monitored constraints satisfied
30.09,px4_local_ned_converted,-0.1,-0.05,1.67,0.05,0.01,-0.02,100.0,PX4_TELEMETRY,SAFE,INFO,CONTINUE,CONTINUE_MISSION,NONE,No supervisor action active,All monitored constraints satisfied
30.2,px4_local_ned_converted,-0.1,-0.05,1.67,0.05,0.0,-0.02,100.0,PX4_TELEMETRY,SAFE,INFO,CONTINUE,CONTINUE_MISSION,NONE,No supervisor action active,All monitored constraints satisfied
30.3,px4_local_ned_converted,-0.1,-0.04,1.67,0.05,0.0,-0.02,100.0,PX4_TELEMETRY,SAFE,INFO,CONTINUE,CONTINUE_MISSION,NONE,No supervisor action active,All monitored constraints satisfied
30.41,px4_local_ned_converted,-0.1,-0.04,1.67,0.05,-0.0,-0.02,100.0,PX4_TELEMETRY,SAFE,INFO,CONTINUE,CONTINUE_MISSION,NONE,No supervisor action active,All monitored constraints satisfied
30.51,px4_local_ned_converted,-0.1,-0.04,1.67,0.05,-0.0,-0.02,100.0,PX4_TELEMETRY,SAFE,INFO,CONTINUE,CONTINUE_MISSION,NONE,No supervisor action active,All monitored constraints satisfied
30.61,px4_local_ned_converted,-0.1,-0.04,1.66,0.06,-0.0,-0.02,100.0,PX4_TELEMETRY,SAFE,INFO,CONTINUE,CONTINUE_MISSION,NONE,No supervisor action active,All monitored constraints satisfied
30.72,px4_local_ned_converted,-0.1,-0.04,1.66,0.06,-0.0,-0.02,100.0,PX4_TELEMETRY,SAFE,INFO,CONTINUE,CONTINUE_MISSION,NONE,No supervisor action active,All monitored constraints satisfied
30.82,px4_local_ned_converted,-0.1,-0.04,1.66,0.06,-0.0,-0.02,100.0,PX4_TELEMETRY,SAFE,INFO,CONTINUE,CONTINUE_MISSION,NONE,No supervisor action active,All monitored constraints satisfied
30.92,px4_local_ned_converted,-0.1,-0.04,1.66,0.06,-0.01,-0.01,100.0,PX4_TELEMETRY,SAFE,INFO,CONTINUE,CONTINUE_MISSION,NONE,No supervisor action active,All monitored constraints satisfied
31.03,px4_local_ned_converted,-0.1,-0.04,1.66,0.06,-0.01,-0.01,100.0,PX4_TELEMETRY,SAFE,INFO,CONTINUE,CONTINUE_MISSION,NONE,No supervisor action active,All monitored constraints satisfied
31.13,px4_local_ned_converted,-0.1,-0.04,1.66,0.06,-0.01,-0.01,100.0,PX4_TELEMETRY,SAFE,INFO,CONTINUE,CONTINUE_MISSION,NONE,No supervisor action active,All monitored constraints satisfied
31.23,px4_local_ned_converted,-0.1,-0.04,1.65,0.06,-0.01,-0.01,100.0,PX4_TELEMETRY,SAFE,INFO,CONTINUE,CONTINUE_MISSION,NONE,No supervisor action active,All monitored constraints satisfied
31.34,px4_local_ned_converted,-0.1,-0.04,1.65,0.06,-0.01,-0.01,100.0,PX4_TELEMETRY,SAFE,INFO,CONTINUE,CONTINUE_MISSION,NONE,No supervisor action active,All monitored constraints satisfied
31.44,px4_local_ned_fault_injected,60.0,0.0,1.65,0.06,-0.01,-0.01,100.0,PX4_FAULT_GEOFENCE_TEST,GEOFENCE_VIOLATION,CRITICAL,RETURN_TO_HOME,RETURNING_HOME,RETURN_TO_HOME,GEOFENCE_VIOLATION,"Position (60.0, 0.0) outside geofence"
31.55,px4_local_ned_fault_injected,60.0,0.0,1.65,0.06,-0.01,-0.0,100.0,PX4_FAULT_GEOFENCE_TEST,GEOFENCE_VIOLATION,CRITICAL,RETURN_TO_HOME,RETURNING_HOME,RETURN_TO_HOME,GEOFENCE_VIOLATION,"Position (60.0, 0.0) outside geofence"
31.65,px4_local_ned_fault_injected,60.0,0.0,1.64,0.06,-0.01,-0.0,100.0,PX4_FAULT_GEOFENCE_TEST,GEOFENCE_VIOLATION,CRITICAL,RETURN_TO_HOME,RETURNING_HOME,RETURN_TO_HOME,GEOFENCE_VIOLATION,"Position (60.0, 0.0) outside geofence"
31.76,px4_local_ned_fault_injected,60.0,0.0,1.64,0.06,-0.01,0.0,100.0,PX4_FAULT_GEOFENCE_TEST,GEOFENCE_VIOLATION,CRITICAL,RETURN_TO_HOME,RETURNING_HOME,RETURN_TO_HOME,GEOFENCE_VIOLATION,"Position (60.0, 0.0) outside geofence"
31.86,px4_local_ned_fault_injected,60.0,0.0,1.64,0.05,-0.01,0.0,100.0,PX4_FAULT_GEOFENCE_TEST,GEOFENCE_VIOLATION,CRITICAL,RETURN_TO_HOME,RETURNING_HOME,RETURN_TO_HOME,GEOFENCE_VIOLATION,"Position (60.0, 0.0) outside geofence"
31.96,px4_local_ned_fault_injected,60.0,0.0,1.64,0.05,-0.01,0.0,100.0,PX4_FAULT_GEOFENCE_TEST,GEOFENCE_VIOLATION,CRITICAL,RETURN_TO_HOME,RETURNING_HOME,RETURN_TO_HOME,GEOFENCE_VIOLATION,"Position (60.0, 0.0) outside geofence"
32.07,px4_local_ned_fault_injected,60.0,0.0,1.64,0.05,-0.01,0.0,100.0,PX4_FAULT_GEOFENCE_TEST,GEOFENCE_VIOLATION,CRITICAL,RETURN_TO_HOME,RETURNING_HOME,RETURN_TO_HOME,GEOFENCE_VIOLATION,"Position (60.0, 0.0) outside geofence"
32.17,px4_local_ned_fault_injected,60.0,0.0,1.64,0.05,-0.01,0.01,100.0,PX4_FAULT_GEOFENCE_TEST,GEOFENCE_VIOLATION,CRITICAL,RETURN_TO_HOME,RETURNING_HOME,RETURN_TO_HOME,GEOFENCE_VIOLATION,"Position (60.0, 0.0) outside geofence"
32.27,px4_local_ned_fault_injected,60.0,0.0,1.64,0.05,-0.01,0.01,100.0,PX4_FAULT_GEOFENCE_TEST,GEOFENCE_VIOLATION,CRITICAL,RETURN_TO_HOME,RETURNING_HOME,RETURN_TO_HOME,GEOFENCE_VIOLATION,"Position (60.0, 0.0) outside geofence"
32.38,px4_local_ned_fault_injected,60.0,0.0,1.64,0.04,-0.01,0.01,100.0,PX4_FAULT_GEOFENCE_TEST,GEOFENCE_VIOLATION,CRITICAL,RETURN_TO_HOME,RETURNING_HOME,RETURN_TO_HOME,GEOFENCE_VIOLATION,"Position (60.0, 0.0) outside geofence"
32.48,px4_local_ned_fault_injected,60.0,0.0,1.64,0.04,-0.01,0.01,100.0,PX4_FAULT_GEOFENCE_TEST,GEOFENCE_VIOLATION,CRITICAL,RETURN_TO_HOME,RETURNING_HOME,RETURN_TO_HOME,GEOFENCE_VIOLATION,"Position (60.0, 0.0) outside geofence"
32.58,px4_local_ned_fault_injected,60.0,0.0,1.63,0.04,-0.01,0.01,100.0,PX4_FAULT_GEOFENCE_TEST,GEOFENCE_VIOLATION,CRITICAL,RETURN_TO_HOME,RETURNING_HOME,RETURN_TO_HOME,GEOFENCE_VIOLATION,"Position (60.0, 0.0) outside geofence"
32.69,px4_local_ned_fault_injected,60.0,0.0,1.63,0.04,-0.01,0.01,100.0,PX4_FAULT_GEOFENCE_TEST,GEOFENCE_VIOLATION,CRITICAL,RETURN_TO_HOME,RETURNING_HOME,RETURN_TO_HOME,GEOFENCE_VIOLATION,"Position (60.0, 0.0) outside geofence"
32.79,px4_local_ned_fault_injected,60.0,0.0,1.63,0.03,-0.01,0.01,100.0,PX4_FAULT_GEOFENCE_TEST,GEOFENCE_VIOLATION,CRITICAL,RETURN_TO_HOME,RETURNING_HOME,RETURN_TO_HOME,GEOFENCE_VIOLATION,"Position (60.0, 0.0) outside geofence"
32.9,px4_local_ned_fault_injected,60.0,0.0,1.63,0.03,-0.01,0.01,100.0,PX4_FAULT_GEOFENCE_TEST,GEOFENCE_VIOLATION,CRITICAL,RETURN_TO_HOME,RETURNING_HOME,RETURN_TO_HOME,GEOFENCE_VIOLATION,"Position (60.0, 0.0) outside geofence"
33.0,px4_local_ned_fault_injected,60.0,0.0,1.63,0.02,-0.01,0.01,100.0,PX4_FAULT_GEOFENCE_TEST,GEOFENCE_VIOLATION,CRITICAL,RETURN_TO_HOME,RETURNING_HOME,RETURN_TO_HOME,GEOFENCE_VIOLATION,"Position (60.0, 0.0) outside geofence"
33.11,px4_local_ned_fault_injected,60.0,0.0,1.63,0.02,-0.01,0.01,100.0,PX4_FAULT_GEOFENCE_TEST,GEOFENCE_VIOLATION,CRITICAL,RETURN_TO_HOME,RETURNING_HOME,RETURN_TO_HOME,GEOFENCE_VIOLATION,"Position (60.0, 0.0) outside geofence"
33.21,px4_local_ned_fault_injected,60.0,0.0,1.63,0.01,-0.01,0.01,100.0,PX4_FAULT_GEOFENCE_TEST,GEOFENCE_VIOLATION,CRITICAL,RETURN_TO_HOME,RETURNING_HOME,RETURN_TO_HOME,GEOFENCE_VIOLATION,"Position (60.0, 0.0) outside geofence"
33.32,px4_local_ned_fault_injected,60.0,0.0,1.63,0.01,-0.01,0.01,100.0,PX4_FAULT_GEOFENCE_TEST,GEOFENCE_VIOLATION,CRITICAL,RETURN_TO_HOME,RETURNING_HOME,RETURN_TO_HOME,GEOFENCE_VIOLATION,"Position (60.0, 0.0) outside geofence"
33.42,px4_local_ned_fault_injected,60.0,0.0,1.63,0.01,-0.01,0.01,100.0,PX4_FAULT_GEOFENCE_TEST,GEOFENCE_VIOLATION,CRITICAL,RETURN_TO_HOME,RETURNING_HOME,RETURN_TO_HOME,GEOFENCE_VIOLATION,"Position (60.0, 0.0) outside geofence"
33.52,px4_local_ned_fault_injected,60.0,0.0,1.63,0.0,-0.01,0.02,100.0,PX4_FAULT_GEOFENCE_TEST,GEOFENCE_VIOLATION,CRITICAL,RETURN_TO_HOME,RETURNING_HOME,RETURN_TO_HOME,GEOFENCE_VIOLATION,"Position (60.0, 0.0) outside geofence"
33.63,px4_local_ned_fault_injected,60.0,0.0,1.63,-0.0,-0.01,0.02,100.0,PX4_FAULT_GEOFENCE_TEST,GEOFENCE_VIOLATION,CRITICAL,RETURN_TO_HOME,RETURNING_HOME,RETURN_TO_HOME,GEOFENCE_VIOLATION,"Position (60.0, 0.0) outside geofence"
33.73,px4_local_ned_fault_injected,60.0,0.0,1.63,-0.01,-0.02,0.02,100.0,PX4_FAULT_GEOFENCE_TEST,GEOFENCE_VIOLATION,CRITICAL,RETURN_TO_HOME,RETURNING_HOME,RETURN_TO_HOME,GEOFENCE_VIOLATION,"Position (60.0, 0.0) outside geofence"
33.84,px4_local_ned_fault_injected,60.0,0.0,1.63,-0.01,-0.02,0.02,100.0,PX4_FAULT_GEOFENCE_TEST,GEOFENCE_VIOLATION,CRITICAL,RETURN_TO_HOME,RETURNING_HOME,RETURN_TO_HOME,GEOFENCE_VIOLATION,"Position (60.0, 0.0) outside geofence"
33.94,px4_local_ned_fault_injected,60.0,0.0,1.63,-0.01,-0.02,0.02,100.0,PX4_FAULT_GEOFENCE_TEST,GEOFENCE_VIOLATION,CRITICAL,RETURN_TO_HOME,RETURNING_HOME,RETURN_TO_HOME,GEOFENCE_VIOLATION,"Position (60.0, 0.0) outside geofence"
34.04,px4_local_ned_fault_injected,60.0,0.0,1.63,-0.01,-0.02,0.02,100.0,PX4_FAULT_GEOFENCE_TEST,GEOFENCE_VIOLATION,CRITICAL,RETURN_TO_HOME,RETURNING_HOME,RETURN_TO_HOME,GEOFENCE_VIOLATION,"Position (60.0, 0.0) outside geofence"
34.15,px4_local_ned_fault_injected,60.0,0.0,1.63,-0.02,-0.02,0.02,100.0,PX4_FAULT_GEOFENCE_TEST,GEOFENCE_VIOLATION,CRITICAL,RETURN_TO_HOME,RETURNING_HOME,RETURN_TO_HOME,GEOFENCE_VIOLATION,"Position (60.0, 0.0) outside geofence"
34.25,px4_local_ned_fault_injected,60.0,0.0,1.63,-0.02,-0.02,0.02,100.0,PX4_FAULT_GEOFENCE_TEST,GEOFENCE_VIOLATION,CRITICAL,RETURN_TO_HOME,RETURNING_HOME,RETURN_TO_HOME,GEOFENCE_VIOLATION,"Position (60.0, 0.0) outside geofence"
34.36,px4_local_ned_fault_injected,60.0,0.0,1.63,-0.02,-0.02,0.02,100.0,PX4_FAULT_GEOFENCE_TEST,GEOFENCE_VIOLATION,CRITICAL,RETURN_TO_HOME,RETURNING_HOME,RETURN_TO_HOME,GEOFENCE_VIOLATION,"Position (60.0, 0.0) outside geofence"
34.46,px4_local_ned_fault_injected,60.0,0.0,1.63,-0.02,-0.02,0.02,100.0,PX4_FAULT_GEOFENCE_TEST,GEOFENCE_VIOLATION,CRITICAL,RETURN_TO_HOME,RETURNING_HOME,RETURN_TO_HOME,GEOFENCE_VIOLATION,"Position (60.0, 0.0) outside geofence"
34.57,px4_local_ned_fault_injected,60.0,0.0,1.63,-0.02,-0.02,0.02,100.0,PX4_FAULT_GEOFENCE_TEST,GEOFENCE_VIOLATION,CRITICAL,RETURN_TO_HOME,RETURNING_HOME,RETURN_TO_HOME,GEOFENCE_VIOLATION,"Position (60.0, 0.0) outside geofence"
34.67,px4_local_ned_fault_injected,60.0,0.0,1.63,-0.02,-0.02,0.02,100.0,PX4_FAULT_GEOFENCE_TEST,GEOFENCE_VIOLATION,CRITICAL,RETURN_TO_HOME,RETURNING_HOME,RETURN_TO_HOME,GEOFENCE_VIOLATION,"Position (60.0, 0.0) outside geofence"
34.77,px4_local_ned_fault_injected,60.0,0.0,1.63,-0.02,-0.02,0.02,100.0,PX4_FAULT_GEOFENCE_TEST,GEOFENCE_VIOLATION,CRITICAL,RETURN_TO_HOME,RETURNING_HOME,RETURN_TO_HOME,GEOFENCE_VIOLATION,"Position (60.0, 0.0) outside geofence"
34.88,px4_local_ned_fault_injected,60.0,0.0,1.63,-0.03,-0.02,0.02,100.0,PX4_FAULT_GEOFENCE_TEST,GEOFENCE_VIOLATION,CRITICAL,RETURN_TO_HOME,RETURNING_HOME,RETURN_TO_HOME,GEOFENCE_VIOLATION,"Position (60.0, 0.0) outside geofence"
34.98,px4_local_ned_fault_injected,60.0,0.0,1.63,-0.03,-0.02,0.01,100.0,PX4_FAULT_GEOFENCE_TEST,GEOFENCE_VIOLATION,CRITICAL,RETURN_TO_HOME,RETURNING_HOME,RETURN_TO_HOME,GEOFENCE_VIOLATION,"Position (60.0, 0.0) outside geofence"
35.08,px4_local_ned_fault_injected,60.0,0.0,1.63,-0.03,-0.02,0.01,100.0,PX4_FAULT_GEOFENCE_TEST,GEOFENCE_VIOLATION,CRITICAL,RETURN_TO_HOME,RETURNING_HOME,RETURN_TO_HOME,GEOFENCE_VIOLATION,"Position (60.0, 0.0) outside geofence"
35.19,px4_local_ned_fault_injected,60.0,0.0,1.63,-0.03,-0.02,0.01,100.0,PX4_FAULT_GEOFENCE_TEST,GEOFENCE_VIOLATION,CRITICAL,RETURN_TO_HOME,RETURNING_HOME,RETURN_TO_HOME,GEOFENCE_VIOLATION,"Position (60.0, 0.0) outside geofence"
35.29,px4_local_ned_fault_injected,60.0,0.0,1.63,-0.03,-0.02,0.01,100.0,PX4_FAULT_GEOFENCE_TEST,GEOFENCE_VIOLATION,CRITICAL,RETURN_TO_HOME,RETURNING_HOME,RETURN_TO_HOME,GEOFENCE_VIOLATION,"Position (60.0, 0.0) outside geofence"
35.4,px4_local_ned_fault_injected,60.0,0.0,1.63,-0.04,-0.02,0.01,100.0,PX4_FAULT_GEOFENCE_TEST,GEOFENCE_VIOLATION,CRITICAL,RETURN_TO_HOME,RETURNING_HOME,RETURN_TO_HOME,GEOFENCE_VIOLATION,"Position (60.0, 0.0) outside geofence"
35.5,px4_local_ned_fault_injected,60.0,0.0,1.63,-0.04,-0.02,0.01,100.0,PX4_FAULT_GEOFENCE_TEST,GEOFENCE_VIOLATION,CRITICAL,RETURN_TO_HOME,RETURNING_HOME,RETURN_TO_HOME,GEOFENCE_VIOLATION,"Position (60.0, 0.0) outside geofence"
35.6,px4_local_ned_fault_injected,60.0,0.0,1.63,-0.04,-0.02,0.01,100.0,PX4_FAULT_GEOFENCE_TEST,GEOFENCE_VIOLATION,CRITICAL,RETURN_TO_HOME,RETURNING_HOME,RETURN_TO_HOME,GEOFENCE_VIOLATION,"Position (60.0, 0.0) outside geofence"
35.71,px4_local_ned_fault_injected,60.0,0.0,1.63,-0.04,-0.02,0.01,100.0,PX4_FAULT_GEOFENCE_TEST,GEOFENCE_VIOLATION,CRITICAL,RETURN_TO_HOME,RETURNING_HOME,RETURN_TO_HOME,GEOFENCE_VIOLATION,"Position (60.0, 0.0) outside geofence"
35.81,px4_local_ned_fault_injected,60.0,0.0,1.63,-0.05,-0.02,0.01,100.0,PX4_FAULT_GEOFENCE_TEST,GEOFENCE_VIOLATION,CRITICAL,RETURN_TO_HOME,RETURNING_HOME,RETURN_TO_HOME,GEOFENCE_VIOLATION,"Position (60.0, 0.0) outside geofence"
35.92,px4_local_ned_fault_injected,60.0,0.0,1.63,-0.05,-0.02,0.01,100.0,PX4_FAULT_GEOFENCE_TEST,GEOFENCE_VIOLATION,CRITICAL,RETURN_TO_HOME,RETURNING_HOME,RETURN_TO_HOME,GEOFENCE_VIOLATION,"Position (60.0, 0.0) outside geofence"
36.02,px4_local_ned_fault_injected,60.0,0.0,1.63,-0.05,-0.02,0.01,100.0,PX4_FAULT_GEOFENCE_TEST,GEOFENCE_VIOLATION,CRITICAL,RETURN_TO_HOME,RETURNING_HOME,RETURN_TO_HOME,GEOFENCE_VIOLATION,"Position (60.0, 0.0) outside geofence"
36.13,px4_local_ned_fault_injected,60.0,0.0,1.63,-0.06,-0.02,0.02,100.0,PX4_FAULT_GEOFENCE_TEST,GEOFENCE_VIOLATION,CRITICAL,RETURN_TO_HOME,RETURNING_HOME,RETURN_TO_HOME,GEOFENCE_VIOLATION,"Position (60.0, 0.0) outside geofence"
36.23,px4_local_ned_fault_injected,60.0,0.0,1.63,-0.06,-0.02,0.02,100.0,PX4_FAULT_GEOFENCE_TEST,GEOFENCE_VIOLATION,CRITICAL,RETURN_TO_HOME,RETURNING_HOME,RETURN_TO_HOME,GEOFENCE_VIOLATION,"Position (60.0, 0.0) outside geofence"
36.34,px4_local_ned_fault_injected,60.0,0.0,1.63,-0.06,-0.02,0.02,100.0,PX4_FAULT_GEOFENCE_TEST,GEOFENCE_VIOLATION,CRITICAL,RETURN_TO_HOME,RETURNING_HOME,RETURN_TO_HOME,GEOFENCE_VIOLATION,"Position (60.0, 0.0) outside geofence"
36.44,px4_local_ned_fault_injected,60.0,0.0,1.63,-0.06,-0.02,0.02,100.0,PX4_FAULT_GEOFENCE_TEST,GEOFENCE_VIOLATION,CRITICAL,RETURN_TO_HOME,RETURNING_HOME,RETURN_TO_HOME,GEOFENCE_VIOLATION,"Position (60.0, 0.0) outside geofence"
36.54,px4_local_ned_fault_injected,60.0,0.0,1.63,-0.07,-0.02,0.02,100.0,PX4_FAULT_GEOFENCE_TEST,GEOFENCE_VIOLATION,CRITICAL,RETURN_TO_HOME,RETURNING_HOME,RETURN_TO_HOME,GEOFENCE_VIOLATION,"Position (60.0, 0.0) outside geofence"
36.65,px4_local_ned_fault_injected,60.0,0.0,1.63,-0.07,-0.02,0.02,100.0,PX4_FAULT_GEOFENCE_TEST,GEOFENCE_VIOLATION,CRITICAL,RETURN_TO_HOME,RETURNING_HOME,RETURN_TO_HOME,GEOFENCE_VIOLATION,"Position (60.0, 0.0) outside geofence"
36.75,px4_local_ned_fault_injected,60.0,0.0,1.63,-0.07,-0.02,0.02,100.0,PX4_FAULT_GEOFENCE_TEST,GEOFENCE_VIOLATION,CRITICAL,RETURN_TO_HOME,RETURNING_HOME,RETURN_TO_HOME,GEOFENCE_VIOLATION,"Position (60.0, 0.0) outside geofence"
36.86,px4_local_ned_fault_injected,60.0,0.0,1.63,-0.07,-0.02,0.01,100.0,PX4_FAULT_GEOFENCE_TEST,GEOFENCE_VIOLATION,CRITICAL,RETURN_TO_HOME,RETURNING_HOME,RETURN_TO_HOME,GEOFENCE_VIOLATION,"Position (60.0, 0.0) outside geofence"
36.96,px4_local_ned_fault_injected,60.0,0.0,1.63,-0.08,-0.02,0.01,100.0,PX4_FAULT_GEOFENCE_TEST,GEOFENCE_VIOLATION,CRITICAL,RETURN_TO_HOME,RETURNING_HOME,RETURN_TO_HOME,GEOFENCE_VIOLATION,"Position (60.0, 0.0) outside geofence"
37.06,px4_local_ned_fault_injected,60.0,0.0,1.63,-0.08,-0.02,0.01,100.0,PX4_FAULT_GEOFENCE_TEST,GEOFENCE_VIOLATION,CRITICAL,RETURN_TO_HOME,RETURNING_HOME,RETURN_TO_HOME,GEOFENCE_VIOLATION,"Position (60.0, 0.0) outside geofence"
37.17,px4_local_ned_fault_injected,60.0,0.0,1.63,-0.08,-0.02,0.01,100.0,PX4_FAULT_GEOFENCE_TEST,GEOFENCE_VIOLATION,CRITICAL,RETURN_TO_HOME,RETURNING_HOME,RETURN_TO_HOME,GEOFENCE_VIOLATION,"Position (60.0, 0.0) outside geofence"
37.27,px4_local_ned_fault_injected,60.0,0.0,1.63,-0.08,-0.02,0.02,100.0,PX4_FAULT_GEOFENCE_TEST,GEOFENCE_VIOLATION,CRITICAL,RETURN_TO_HOME,RETURNING_HOME,RETURN_TO_HOME,GEOFENCE_VIOLATION,"Position (60.0, 0.0) outside geofence"
37.38,px4_local_ned_fault_injected,60.0,0.0,1.63,-0.08,-0.02,0.02,100.0,PX4_FAULT_GEOFENCE_TEST,GEOFENCE_VIOLATION,CRITICAL,RETURN_TO_HOME,RETURNING_HOME,RETURN_TO_HOME,GEOFENCE_VIOLATION,"Position (60.0, 0.0) outside geofence"
37.48,px4_local_ned_fault_injected,60.0,0.0,1.63,-0.08,-0.02,0.01,100.0,PX4_FAULT_GEOFENCE_TEST,GEOFENCE_VIOLATION,CRITICAL,RETURN_TO_HOME,RETURNING_HOME,RETURN_TO_HOME,GEOFENCE_VIOLATION,"Position (60.0, 0.0) outside geofence"
37.58,px4_local_ned_fault_injected,60.0,0.0,1.63,-0.08,-0.02,0.01,100.0,PX4_FAULT_GEOFENCE_TEST,GEOFENCE_VIOLATION,CRITICAL,RETURN_TO_HOME,RETURNING_HOME,RETURN_TO_HOME,GEOFENCE_VIOLATION,"Position (60.0, 0.0) outside geofence"
37.69,px4_local_ned_fault_injected,60.0,0.0,1.63,-0.08,-0.02,0.02,100.0,PX4_FAULT_GEOFENCE_TEST,GEOFENCE_VIOLATION,CRITICAL,RETURN_TO_HOME,RETURNING_HOME,RETURN_TO_HOME,GEOFENCE_VIOLATION,"Position (60.0, 0.0) outside geofence"
37.79,px4_local_ned_fault_injected,60.0,0.0,1.63,-0.09,-0.02,0.02,100.0,PX4_FAULT_GEOFENCE_TEST,GEOFENCE_VIOLATION,CRITICAL,RETURN_TO_HOME,RETURNING_HOME,RETURN_TO_HOME,GEOFENCE_VIOLATION,"Position (60.0, 0.0) outside geofence"
37.9,px4_local_ned_converted,0.05,-0.05,1.63,-0.08,-0.01,0.02,100.0,PX4_TELEMETRY,SAFE,INFO,CONTINUE,RETURNING_HOME,RETURN_TO_HOME,GEOFENCE_VIOLATION,All monitored constraints satisfied
38.0,px4_local_ned_converted,0.05,-0.05,1.63,-0.08,-0.01,0.01,100.0,PX4_TELEMETRY,SAFE,INFO,CONTINUE,RETURNING_HOME,RETURN_TO_HOME,GEOFENCE_VIOLATION,All monitored constraints satisfied
38.11,px4_local_ned_converted,0.05,-0.05,1.63,-0.08,-0.01,0.01,100.0,PX4_TELEMETRY,SAFE,INFO,CONTINUE,RETURNING_HOME,RETURN_TO_HOME,GEOFENCE_VIOLATION,All monitored constraints satisfied
38.21,px4_local_ned_converted,0.04,-0.05,1.64,-0.09,-0.01,0.01,100.0,PX4_TELEMETRY,SAFE,INFO,CONTINUE,RETURNING_HOME,RETURN_TO_HOME,GEOFENCE_VIOLATION,All monitored constraints satisfied
38.32,px4_local_ned_converted,0.05,-0.04,1.64,-0.08,-0.01,0.01,100.0,PX4_TELEMETRY,SAFE,INFO,CONTINUE,RETURNING_HOME,RETURN_TO_HOME,GEOFENCE_VIOLATION,All monitored constraints satisfied
38.42,px4_local_ned_converted,0.05,-0.04,1.64,-0.08,-0.01,0.01,100.0,PX4_TELEMETRY,SAFE,INFO,CONTINUE,RETURNING_HOME,RETURN_TO_HOME,GEOFENCE_VIOLATION,All monitored constraints satisfied
38.52,px4_local_ned_converted,0.04,-0.04,1.64,-0.08,-0.01,0.01,100.0,PX4_TELEMETRY,SAFE,INFO,CONTINUE,RETURNING_HOME,RETURN_TO_HOME,GEOFENCE_VIOLATION,All monitored constraints satisfied
38.63,px4_local_ned_converted,0.04,-0.04,1.64,-0.08,-0.01,0.01,100.0,PX4_TELEMETRY,SAFE,INFO,CONTINUE,RETURNING_HOME,RETURN_TO_HOME,GEOFENCE_VIOLATION,All monitored constraints satisfied
38.73,px4_local_ned_converted,0.05,-0.04,1.64,-0.08,-0.01,0.01,100.0,PX4_TELEMETRY,SAFE,INFO,CONTINUE,RETURNING_HOME,RETURN_TO_HOME,GEOFENCE_VIOLATION,All monitored constraints satisfied
38.83,px4_local_ned_converted,0.05,-0.04,1.64,-0.08,-0.01,0.01,100.0,PX4_TELEMETRY,SAFE,INFO,CONTINUE,RETURNING_HOME,RETURN_TO_HOME,GEOFENCE_VIOLATION,All monitored constraints satisfied
38.94,px4_local_ned_converted,0.04,-0.04,1.64,-0.08,-0.01,0.0,100.0,PX4_TELEMETRY,SAFE,INFO,CONTINUE,RETURNING_HOME,RETURN_TO_HOME,GEOFENCE_VIOLATION,All monitored constraints satisfied
39.04,px4_local_ned_converted,0.04,-0.04,1.64,-0.08,-0.01,0.0,100.0,PX4_TELEMETRY,SAFE,INFO,CONTINUE,RETURNING_HOME,RETURN_TO_HOME,GEOFENCE_VIOLATION,All monitored constraints satisfied
39.15,px4_local_ned_converted,0.05,-0.04,1.64,-0.08,-0.01,0.0,100.0,PX4_TELEMETRY,SAFE,INFO,CONTINUE,RETURNING_HOME,RETURN_TO_HOME,GEOFENCE_VIOLATION,All monitored constraints satisfied
39.25,px4_local_ned_converted,0.05,-0.04,1.63,-0.08,-0.01,0.0,100.0,PX4_TELEMETRY,SAFE,INFO,CONTINUE,RETURNING_HOME,RETURN_TO_HOME,GEOFENCE_VIOLATION,All monitored constraints satisfied
39.36,px4_local_ned_converted,0.05,-0.04,1.63,-0.08,-0.01,0.01,100.0,PX4_TELEMETRY,SAFE,INFO,CONTINUE,RETURNING_HOME,RETURN_TO_HOME,GEOFENCE_VIOLATION,All monitored constraints satisfied
39.46,px4_local_ned_converted,0.05,-0.04,1.63,-0.08,-0.01,0.01,100.0,PX4_TELEMETRY,SAFE,INFO,CONTINUE,RETURNING_HOME,RETURN_TO_HOME,GEOFENCE_VIOLATION,All monitored constraints satisfied
39.56,px4_local_ned_converted,0.05,-0.04,1.63,-0.08,-0.01,0.01,100.0,PX4_TELEMETRY,SAFE,INFO,CONTINUE,RETURNING_HOME,RETURN_TO_HOME,GEOFENCE_VIOLATION,All monitored constraints satisfied
39.67,px4_local_ned_converted,0.05,-0.04,1.63,-0.08,-0.01,0.02,100.0,PX4_TELEMETRY,SAFE,INFO,CONTINUE,RETURNING_HOME,RETURN_TO_HOME,GEOFENCE_VIOLATION,All monitored constraints satisfied
39.77,px4_local_ned_converted,0.05,-0.04,1.63,-0.08,-0.01,0.02,100.0,PX4_TELEMETRY,SAFE,INFO,CONTINUE,RETURNING_HOME,RETURN_TO_HOME,GEOFENCE_VIOLATION,All monitored constraints satisfied
39.88,px4_local_ned_converted,0.05,-0.04,1.63,-0.08,-0.01,0.02,100.0,PX4_TELEMETRY,SAFE,INFO,CONTINUE,RETURNING_HOME,RETURN_TO_HOME,GEOFENCE_VIOLATION,All monitored constraints satisfied
39.98,px4_local_ned_converted,0.05,-0.03,1.63,-0.08,-0.01,0.02,100.0,PX4_TELEMETRY,SAFE,INFO,CONTINUE,RETURNING_HOME,RETURN_TO_HOME,GEOFENCE_VIOLATION,All monitored constraints satisfied
40.08,px4_local_ned_converted,0.05,-0.02,1.63,-0.08,-0.01,0.02,100.0,PX4_TELEMETRY,SAFE,INFO,CONTINUE,RETURNING_HOME,RETURN_TO_HOME,GEOFENCE_VIOLATION,All monitored constraints satisfied
40.19,px4_local_ned_converted,0.05,-0.02,1.63,-0.08,-0.01,0.02,100.0,PX4_TELEMETRY,SAFE,INFO,CONTINUE,RETURNING_HOME,RETURN_TO_HOME,GEOFENCE_VIOLATION,All monitored constraints satisfied
40.29,px4_local_ned_converted,0.05,-0.02,1.63,-0.08,-0.01,0.01,100.0,PX4_TELEMETRY,SAFE,INFO,CONTINUE,RETURNING_HOME,RETURN_TO_HOME,GEOFENCE_VIOLATION,All monitored constraints satisfied
40.39,px4_local_ned_converted,0.05,-0.02,1.63,-0.08,-0.02,0.01,100.0,PX4_TELEMETRY,SAFE,INFO,CONTINUE,RETURNING_HOME,RETURN_TO_HOME,GEOFENCE_VIOLATION,All monitored constraints satisfied
40.5,px4_local_ned_converted,0.05,-0.02,1.63,-0.08,-0.02,0.01,100.0,PX4_TELEMETRY,SAFE,INFO,CONTINUE,RETURNING_HOME,RETURN_TO_HOME,GEOFENCE_VIOLATION,All monitored constraints satisfied
40.6,px4_local_ned_converted,0.04,-0.02,1.63,-0.09,-0.03,0.01,100.0,PX4_TELEMETRY,SAFE,INFO,CONTINUE,RETURNING_HOME,RETURN_TO_HOME,GEOFENCE_VIOLATION,All monitored constraints satisfied
40.71,px4_local_ned_converted,0.05,-0.01,1.63,-0.08,-0.03,0.01,100.0,PX4_TELEMETRY,SAFE,INFO,CONTINUE,RETURNING_HOME,RETURN_TO_HOME,GEOFENCE_VIOLATION,All monitored constraints satisfied
40.81,px4_local_ned_converted,0.05,-0.01,1.63,-0.08,-0.03,0.01,100.0,PX4_TELEMETRY,SAFE,INFO,CONTINUE,RETURNING_HOME,RETURN_TO_HOME,GEOFENCE_VIOLATION,All monitored constraints satisfied
40.91,px4_local_ned_converted,0.05,-0.01,1.63,-0.08,-0.03,0.01,100.0,PX4_TELEMETRY,SAFE,INFO,CONTINUE,RETURNING_HOME,RETURN_TO_HOME,GEOFENCE_VIOLATION,All monitored constraints satisfied
41.01,px4_local_ned_converted,0.05,-0.01,1.63,-0.09,-0.03,0.01,100.0,PX4_TELEMETRY,SAFE,INFO,CONTINUE,RETURNING_HOME,RETURN_TO_HOME,GEOFENCE_VIOLATION,All monitored constraints satisfied
41.12,px4_local_ned_converted,0.05,-0.01,1.63,-0.09,-0.03,0.01,100.0,PX4_TELEMETRY,SAFE,INFO,CONTINUE,RETURNING_HOME,RETURN_TO_HOME,GEOFENCE_VIOLATION,All monitored constraints satisfied
41.22,px4_local_ned_converted,0.05,-0.01,1.63,-0.09,-0.03,0.01,100.0,PX4_TELEMETRY,SAFE,INFO,CONTINUE,RETURNING_HOME,RETURN_TO_HOME,GEOFENCE_VIOLATION,All monitored constraints satisfied
41.33,px4_local_ned_converted,0.05,-0.01,1.63,-0.09,-0.04,0.01,100.0,PX4_TELEMETRY,SAFE,INFO,CONTINUE,RETURNING_HOME,RETURN_TO_HOME,GEOFENCE_VIOLATION,All monitored constraints satisfied
41.43,px4_local_ned_converted,0.04,-0.01,1.63,-0.09,-0.04,0.02,100.0,PX4_TELEMETRY,SAFE,INFO,CONTINUE,RETURNING_HOME,RETURN_TO_HOME,GEOFENCE_VIOLATION,All monitored constraints satisfied
41.53,px4_local_ned_converted,0.05,-0.01,1.63,-0.09,-0.04,0.02,100.0,PX4_TELEMETRY,SAFE,INFO,CONTINUE,RETURNING_HOME,RETURN_TO_HOME,GEOFENCE_VIOLATION,All monitored constraints satisfied
41.63,px4_local_ned_converted,0.05,-0.0,1.63,-0.09,-0.04,0.02,100.0,PX4_TELEMETRY,SAFE,INFO,CONTINUE,RETURNING_HOME,RETURN_TO_HOME,GEOFENCE_VIOLATION,All monitored constraints satisfied
41.74,px4_local_ned_converted,0.04,-0.0,1.63,-0.09,-0.04,0.02,100.0,PX4_TELEMETRY,SAFE,INFO,CONTINUE,RETURNING_HOME,RETURN_TO_HOME,GEOFENCE_VIOLATION,All monitored constraints satisfied
41.84,px4_local_ned_converted,0.04,-0.0,1.63,-0.09,-0.04,0.02,100.0,PX4_TELEMETRY,SAFE,INFO,CONTINUE,RETURNING_HOME,RETURN_TO_HOME,GEOFENCE_VIOLATION,All monitored constraints satisfied
41.94,px4_local_ned_converted,0.04,-0.0,1.63,-0.09,-0.04,0.02,100.0,PX4_TELEMETRY,SAFE,INFO,CONTINUE,RETURNING_HOME,RETURN_TO_HOME,GEOFENCE_VIOLATION,All monitored constraints satisfied
42.05,px4_local_ned_converted,0.05,-0.0,1.63,-0.09,-0.04,0.02,100.0,PX4_TELEMETRY,SAFE,INFO,CONTINUE,RETURNING_HOME,RETURN_TO_HOME,GEOFENCE_VIOLATION,All monitored constraints satisfied
42.15,px4_local_ned_converted,0.04,-0.0,1.63,-0.09,-0.04,0.02,100.0,PX4_TELEMETRY,SAFE,INFO,CONTINUE,RETURNING_HOME,RETURN_TO_HOME,GEOFENCE_VIOLATION,All monitored constraints satisfied
42.26,px4_local_ned_converted,0.04,-0.01,1.63,-0.09,-0.04,0.02,100.0,PX4_TELEMETRY,SAFE,INFO,CONTINUE,RETURNING_HOME,RETURN_TO_HOME,GEOFENCE_VIOLATION,All monitored constraints satisfied
42.36,px4_local_ned_converted,0.04,-0.0,1.63,-0.09,-0.04,0.01,100.0,PX4_TELEMETRY,SAFE,INFO,CONTINUE,RETURNING_HOME,RETURN_TO_HOME,GEOFENCE_VIOLATION,All monitored constraints satisfied
42.47,px4_local_ned_converted,0.04,-0.01,1.63,-0.09,-0.04,0.01,100.0,PX4_TELEMETRY,SAFE,INFO,CONTINUE,RETURNING_HOME,RETURN_TO_HOME,GEOFENCE_VIOLATION,All monitored constraints satisfied
42.57,px4_local_ned_converted,0.03,-0.01,1.63,-0.09,-0.05,0.02,100.0,PX4_TELEMETRY,SAFE,INFO,CONTINUE,RETURNING_HOME,RETURN_TO_HOME,GEOFENCE_VIOLATION,All monitored constraints satisfied
42.68,px4_local_ned_converted,0.03,-0.01,1.63,-0.09,-0.05,0.01,100.0,PX4_TELEMETRY,SAFE,INFO,CONTINUE,RETURNING_HOME,RETURN_TO_HOME,GEOFENCE_VIOLATION,All monitored constraints satisfied
42.78,px4_local_ned_converted,0.03,-0.01,1.63,-0.08,-0.04,0.01,100.0,PX4_TELEMETRY,SAFE,INFO,CONTINUE,RETURNING_HOME,RETURN_TO_HOME,GEOFENCE_VIOLATION,All monitored constraints satisfied
42.89,px4_local_ned_converted,0.03,-0.01,1.63,-0.08,-0.04,0.01,100.0,PX4_TELEMETRY,SAFE,INFO,CONTINUE,RETURNING_HOME,RETURN_TO_HOME,GEOFENCE_VIOLATION,All monitored constraints satisfied
42.99,px4_local_ned_converted,0.03,-0.01,1.63,-0.08,-0.04,0.02,100.0,PX4_TELEMETRY,SAFE,INFO,CONTINUE,RETURNING_HOME,RETURN_TO_HOME,GEOFENCE_VIOLATION,All monitored constraints satisfied
43.09,px4_local_ned_converted,0.03,-0.01,1.63,-0.08,-0.04,0.01,100.0,PX4_TELEMETRY,SAFE,INFO,CONTINUE,RETURNING_HOME,RETURN_TO_HOME,GEOFENCE_VIOLATION,All monitored constraints satisfied
43.2,px4_local_ned_converted,0.03,-0.01,1.63,-0.08,-0.04,0.02,100.0,PX4_TELEMETRY,SAFE,INFO,CONTINUE,RETURNING_HOME,RETURN_TO_HOME,GEOFENCE_VIOLATION,All monitored constraints satisfied
43.3,px4_local_ned_converted,0.03,-0.01,1.63,-0.08,-0.04,0.02,100.0,PX4_TELEMETRY,SAFE,INFO,CONTINUE,RETURNING_HOME,RETURN_TO_HOME,GEOFENCE_VIOLATION,All monitored constraints satisfied
43.4,px4_local_ned_converted,0.02,-0.01,1.63,-0.08,-0.04,0.02,100.0,PX4_TELEMETRY,SAFE,INFO,CONTINUE,RETURNING_HOME,RETURN_TO_HOME,GEOFENCE_VIOLATION,All monitored constraints satisfied
43.51,px4_local_ned_converted,0.03,-0.01,1.63,-0.08,-0.04,0.02,100.0,PX4_TELEMETRY,SAFE,INFO,CONTINUE,RETURNING_HOME,RETURN_TO_HOME,GEOFENCE_VIOLATION,All monitored constraints satisfied
43.61,px4_local_ned_converted,0.03,-0.01,1.63,-0.07,-0.04,0.02,100.0,PX4_TELEMETRY,SAFE,INFO,CONTINUE,RETURNING_HOME,RETURN_TO_HOME,GEOFENCE_VIOLATION,All monitored constraints satisfied
43.71,px4_local_ned_converted,0.03,-0.01,1.63,-0.07,-0.04,0.02,100.0,PX4_TELEMETRY,SAFE,INFO,CONTINUE,RETURNING_HOME,RETURN_TO_HOME,GEOFENCE_VIOLATION,All monitored constraints satisfied
43.82,px4_local_ned_converted,0.02,-0.01,1.63,-0.07,-0.04,0.02,100.0,PX4_TELEMETRY,SAFE,INFO,CONTINUE,RETURNING_HOME,RETURN_TO_HOME,GEOFENCE_VIOLATION,All monitored constraints satisfied
43.92,px4_local_ned_converted,0.03,-0.01,1.63,-0.07,-0.04,0.02,100.0,PX4_TELEMETRY,SAFE,INFO,CONTINUE,RETURNING_HOME,RETURN_TO_HOME,GEOFENCE_VIOLATION,All monitored constraints satisfied
44.03,px4_local_ned_converted,0.03,-0.01,1.63,-0.07,-0.04,0.02,100.0,PX4_TELEMETRY,SAFE,INFO,CONTINUE,RETURNING_HOME,RETURN_TO_HOME,GEOFENCE_VIOLATION,All monitored constraints satisfied
44.13,px4_local_ned_converted,0.03,-0.01,1.63,-0.07,-0.04,0.02,100.0,PX4_TELEMETRY,SAFE,INFO,CONTINUE,RETURNING_HOME,RETURN_TO_HOME,GEOFENCE_VIOLATION,All monitored constraints satisfied
44.23,px4_local_ned_converted,0.03,-0.01,1.64,-0.07,-0.04,0.01,100.0,PX4_TELEMETRY,SAFE,INFO,CONTINUE,RETURNING_HOME,RETURN_TO_HOME,GEOFENCE_VIOLATION,All monitored constraints satisfied
44.34,px4_local_ned_converted,0.04,-0.01,1.64,-0.07,-0.04,0.01,100.0,PX4_TELEMETRY,SAFE,INFO,CONTINUE,RETURNING_HOME,RETURN_TO_HOME,GEOFENCE_VIOLATION,All monitored constraints satisfied
44.44,px4_local_ned_converted,0.04,-0.01,1.64,-0.07,-0.05,0.01,100.0,PX4_TELEMETRY,SAFE,INFO,CONTINUE,RETURNING_HOME,RETURN_TO_HOME,GEOFENCE_VIOLATION,All monitored constraints satisfied
44.55,px4_local_ned_converted,0.04,-0.02,1.64,-0.07,-0.05,0.01,100.0,PX4_TELEMETRY,SAFE,INFO,CONTINUE,RETURNING_HOME,RETURN_TO_HOME,GEOFENCE_VIOLATION,All monitored constraints satisfied
44.65,px4_local_ned_converted,0.04,-0.02,1.64,-0.07,-0.05,0.01,100.0,PX4_TELEMETRY,SAFE,INFO,CONTINUE,RETURNING_HOME,RETURN_TO_HOME,GEOFENCE_VIOLATION,All monitored constraints satisfied
44.75,px4_local_ned_converted,0.04,-0.02,1.64,-0.07,-0.05,0.01,100.0,PX4_TELEMETRY,SAFE,INFO,CONTINUE,RETURNING_HOME,RETURN_TO_HOME,GEOFENCE_VIOLATION,All monitored constraints satisfied
44.85,px4_local_ned_converted,0.04,-0.02,1.64,-0.07,-0.04,0.01,100.0,PX4_TELEMETRY,SAFE,INFO,CONTINUE,RETURNING_HOME,RETURN_TO_HOME,GEOFENCE_VIOLATION,All monitored constraints satisfied
44.96,px4_local_ned_converted,0.04,-0.02,1.64,-0.07,-0.04,0.0,100.0,PX4_TELEMETRY,SAFE,INFO,CONTINUE,RETURNING_HOME,RETURN_TO_HOME,GEOFENCE_VIOLATION,All monitored constraints satisfied
45.07,px4_local_ned_converted,0.04,-0.02,1.64,-0.07,-0.04,0.01,100.0,PX4_TELEMETRY,SAFE,INFO,CONTINUE,RETURNING_HOME,RETURN_TO_HOME,GEOFENCE_VIOLATION,All monitored constraints satisfied
45.17,px4_local_ned_converted,0.04,-0.02,1.64,-0.07,-0.04,0.0,100.0,PX4_TELEMETRY,SAFE,INFO,CONTINUE,RETURNING_HOME,RETURN_TO_HOME,GEOFENCE_VIOLATION,All monitored constraints satisfied
45.28,px4_local_ned_converted,0.04,-0.02,1.65,-0.07,-0.04,0.0,100.0,PX4_TELEMETRY,SAFE,INFO,CONTINUE,RETURNING_HOME,RETURN_TO_HOME,GEOFENCE_VIOLATION,All monitored constraints satisfied
45.38,px4_local_ned_converted,0.04,-0.02,1.65,-0.08,-0.04,0.0,100.0,PX4_TELEMETRY,SAFE,INFO,CONTINUE,RETURNING_HOME,RETURN_TO_HOME,GEOFENCE_VIOLATION,All monitored constraints satisfied
45.48,px4_local_ned_converted,0.04,-0.02,1.65,-0.07,-0.03,-0.0,100.0,PX4_TELEMETRY,SAFE,INFO,CONTINUE,RETURNING_HOME,RETURN_TO_HOME,GEOFENCE_VIOLATION,All monitored constraints satisfied
45.59,px4_local_ned_converted,0.04,-0.02,1.65,-0.07,-0.03,-0.0,100.0,PX4_TELEMETRY,SAFE,INFO,CONTINUE,RETURNING_HOME,RETURN_TO_HOME,GEOFENCE_VIOLATION,All monitored constraints satisfied
45.69,px4_local_ned_converted,0.04,-0.02,1.65,-0.07,-0.03,-0.0,100.0,PX4_TELEMETRY,SAFE,INFO,CONTINUE,RETURNING_HOME,RETURN_TO_HOME,GEOFENCE_VIOLATION,All monitored constraints satisfied
45.79,px4_local_ned_converted,0.04,-0.02,1.65,-0.08,-0.03,-0.0,100.0,PX4_TELEMETRY,SAFE,INFO,CONTINUE,RETURNING_HOME,RETURN_TO_HOME,GEOFENCE_VIOLATION,All monitored constraints satisfied
45.89,px4_local_ned_converted,0.04,-0.02,1.65,-0.08,-0.03,-0.0,100.0,PX4_TELEMETRY,SAFE,INFO,CONTINUE,RETURNING_HOME,RETURN_TO_HOME,GEOFENCE_VIOLATION,All monitored constraints satisfied
46.0,px4_local_ned_converted,0.05,-0.02,1.64,-0.07,-0.03,-0.0,100.0,PX4_TELEMETRY,SAFE,INFO,CONTINUE,RETURNING_HOME,RETURN_TO_HOME,GEOFENCE_VIOLATION,All monitored constraints satisfied
46.1,px4_local_ned_converted,0.04,-0.02,1.64,-0.08,-0.03,-0.0,100.0,PX4_TELEMETRY,SAFE,INFO,CONTINUE,RETURNING_HOME,RETURN_TO_HOME,GEOFENCE_VIOLATION,All monitored constraints satisfied
46.21,px4_local_ned_converted,0.04,-0.02,1.64,-0.08,-0.03,0.0,100.0,PX4_TELEMETRY,SAFE,INFO,CONTINUE,RETURNING_HOME,RETURN_TO_HOME,GEOFENCE_VIOLATION,All monitored constraints satisfied
46.31,px4_local_ned_converted,0.04,-0.01,1.64,-0.08,-0.03,0.0,100.0,PX4_TELEMETRY,SAFE,INFO,CONTINUE,RETURNING_HOME,RETURN_TO_HOME,GEOFENCE_VIOLATION,All monitored constraints satisfied
46.41,px4_local_ned_converted,0.04,-0.01,1.64,-0.08,-0.03,0.0,100.0,PX4_TELEMETRY,SAFE,INFO,CONTINUE,RETURNING_HOME,RETURN_TO_HOME,GEOFENCE_VIOLATION,All monitored constraints satisfied
46.52,px4_local_ned_converted,0.04,-0.01,1.64,-0.08,-0.03,0.0,100.0,PX4_TELEMETRY,SAFE,INFO,CONTINUE,RETURNING_HOME,RETURN_TO_HOME,GEOFENCE_VIOLATION,All monitored constraints satisfied
46.62,px4_local_ned_converted,0.04,-0.01,1.64,-0.08,-0.03,0.01,100.0,PX4_TELEMETRY,SAFE,INFO,CONTINUE,RETURNING_HOME,RETURN_TO_HOME,GEOFENCE_VIOLATION,All monitored constraints satisfied
46.72,px4_local_ned_converted,0.04,-0.01,1.64,-0.08,-0.03,0.01,100.0,PX4_TELEMETRY,SAFE,INFO,CONTINUE,RETURNING_HOME,RETURN_TO_HOME,GEOFENCE_VIOLATION,All monitored constraints satisfied
46.83,px4_local_ned_converted,0.04,-0.01,1.64,-0.08,-0.03,0.01,100.0,PX4_TELEMETRY,SAFE,INFO,CONTINUE,RETURNING_HOME,RETURN_TO_HOME,GEOFENCE_VIOLATION,All monitored constraints satisfied
46.93,px4_local_ned_converted,0.03,-0.01,1.64,-0.08,-0.03,0.01,100.0,PX4_TELEMETRY,SAFE,INFO,CONTINUE,RETURNING_HOME,RETURN_TO_HOME,GEOFENCE_VIOLATION,All monitored constraints satisfied
47.04,px4_local_ned_converted,0.03,-0.01,1.64,-0.08,-0.04,0.01,100.0,PX4_TELEMETRY,SAFE,INFO,CONTINUE,RETURNING_HOME,RETURN_TO_HOME,GEOFENCE_VIOLATION,All monitored constraints satisfied
47.14,px4_local_ned_converted,0.03,-0.01,1.64,-0.08,-0.03,0.01,100.0,PX4_TELEMETRY,SAFE,INFO,CONTINUE,RETURNING_HOME,RETURN_TO_HOME,GEOFENCE_VIOLATION,All monitored constraints satisfied
47.25,px4_local_ned_converted,0.03,-0.01,1.63,-0.08,-0.03,0.01,100.0,PX4_TELEMETRY,SAFE,INFO,CONTINUE,RETURNING_HOME,RETURN_TO_HOME,GEOFENCE_VIOLATION,All monitored constraints satisfied
47.35,px4_local_ned_converted,0.03,-0.01,1.63,-0.08,-0.03,0.01,100.0,PX4_TELEMETRY,SAFE,INFO,CONTINUE,RETURNING_HOME,RETURN_TO_HOME,GEOFENCE_VIOLATION,All monitored constraints satisfied
47.46,px4_local_ned_converted,0.02,-0.01,1.63,-0.07,-0.03,0.01,100.0,PX4_TELEMETRY,SAFE,INFO,CONTINUE,RETURNING_HOME,RETURN_TO_HOME,GEOFENCE_VIOLATION,All monitored constraints satisfied
47.56,px4_local_ned_converted,0.03,-0.01,1.63,-0.07,-0.03,0.01,100.0,PX4_TELEMETRY,SAFE,INFO,CONTINUE,RETURNING_HOME,RETURN_TO_HOME,GEOFENCE_VIOLATION,All monitored constraints satisfied
47.67,px4_local_ned_converted,0.02,-0.01,1.64,-0.07,-0.03,0.01,100.0,PX4_TELEMETRY,SAFE,INFO,CONTINUE,RETURNING_HOME,RETURN_TO_HOME,GEOFENCE_VIOLATION,All monitored constraints satisfied
47.77,px4_local_ned_converted,0.02,-0.02,1.64,-0.07,-0.03,0.01,100.0,PX4_TELEMETRY,SAFE,INFO,CONTINUE,RETURNING_HOME,RETURN_TO_HOME,GEOFENCE_VIOLATION,All monitored constraints satisfied
47.87,px4_local_ned_converted,0.02,-0.02,1.64,-0.07,-0.03,0.01,100.0,PX4_TELEMETRY,SAFE,INFO,CONTINUE,RETURNING_HOME,RETURN_TO_HOME,GEOFENCE_VIOLATION,All monitored constraints satisfied
47.98,px4_local_ned_converted,0.02,-0.02,1.64,-0.07,-0.03,0.01,100.0,PX4_TELEMETRY,SAFE,INFO,CONTINUE,RETURNING_HOME,RETURN_TO_HOME,GEOFENCE_VIOLATION,All monitored constraints satisfied
48.08,px4_local_ned_converted,0.02,-0.02,1.64,-0.07,-0.03,0.01,100.0,PX4_TELEMETRY,SAFE,INFO,CONTINUE,RETURNING_HOME,RETURN_TO_HOME,GEOFENCE_VIOLATION,All monitored constraints satisfied
48.19,px4_local_ned_converted,0.02,-0.02,1.64,-0.07,-0.03,0.01,100.0,PX4_TELEMETRY,SAFE,INFO,CONTINUE,RETURNING_HOME,RETURN_TO_HOME,GEOFENCE_VIOLATION,All monitored constraints satisfied
48.29,px4_local_ned_converted,0.02,-0.02,1.64,-0.07,-0.03,0.01,100.0,PX4_TELEMETRY,SAFE,INFO,CONTINUE,RETURNING_HOME,RETURN_TO_HOME,GEOFENCE_VIOLATION,All monitored constraints satisfied
48.39,px4_local_ned_converted,0.02,-0.02,1.64,-0.07,-0.03,0.0,100.0,PX4_TELEMETRY,SAFE,INFO,CONTINUE,RETURNING_HOME,RETURN_TO_HOME,GEOFENCE_VIOLATION,All monitored constraints satisfied
48.5,px4_local_ned_converted,0.02,-0.02,1.64,-0.07,-0.03,0.0,100.0,PX4_TELEMETRY,SAFE,INFO,CONTINUE,RETURNING_HOME,RETURN_TO_HOME,GEOFENCE_VIOLATION,All monitored constraints satisfied
48.6,px4_local_ned_converted,0.01,-0.02,1.64,-0.07,-0.03,0.0,100.0,PX4_TELEMETRY,SAFE,INFO,CONTINUE,RETURNING_HOME,RETURN_TO_HOME,GEOFENCE_VIOLATION,All monitored constraints satisfied
48.7,px4_local_ned_converted,0.01,-0.02,1.64,-0.06,-0.03,0.0,100.0,PX4_TELEMETRY,SAFE,INFO,CONTINUE,RETURNING_HOME,RETURN_TO_HOME,GEOFENCE_VIOLATION,All monitored constraints satisfied
48.81,px4_local_ned_converted,0.01,-0.02,1.65,-0.06,-0.03,-0.0,100.0,PX4_TELEMETRY,SAFE,INFO,CONTINUE,RETURNING_HOME,RETURN_TO_HOME,GEOFENCE_VIOLATION,All monitored constraints satisfied
48.91,px4_local_ned_converted,0.01,-0.02,1.65,-0.06,-0.03,-0.0,100.0,PX4_TELEMETRY,SAFE,INFO,CONTINUE,RETURNING_HOME,RETURN_TO_HOME,GEOFENCE_VIOLATION,All monitored constraints satisfied
49.02,px4_local_ned_converted,0.01,-0.03,1.65,-0.06,-0.02,-0.0,100.0,PX4_TELEMETRY,SAFE,INFO,CONTINUE,RETURNING_HOME,RETURN_TO_HOME,GEOFENCE_VIOLATION,All monitored constraints satisfied
49.12,px4_local_ned_converted,0.01,-0.02,1.65,-0.06,-0.02,-0.0,100.0,PX4_TELEMETRY,SAFE,INFO,CONTINUE,RETURNING_HOME,RETURN_TO_HOME,GEOFENCE_VIOLATION,All monitored constraints satisfied
49.23,px4_local_ned_converted,0.01,-0.02,1.65,-0.06,-0.02,-0.01,100.0,PX4_TELEMETRY,SAFE,INFO,CONTINUE,RETURNING_HOME,RETURN_TO_HOME,GEOFENCE_VIOLATION,All monitored constraints satisfied
49.33,px4_local_ned_converted,0.01,-0.03,1.65,-0.06,-0.02,-0.01,100.0,PX4_TELEMETRY,SAFE,INFO,CONTINUE,RETURNING_HOME,RETURN_TO_HOME,GEOFENCE_VIOLATION,All monitored constraints satisfied
49.43,px4_local_ned_converted,0.0,-0.03,1.65,-0.06,-0.03,-0.01,100.0,PX4_TELEMETRY,SAFE,INFO,CONTINUE,RETURNING_HOME,RETURN_TO_HOME,GEOFENCE_VIOLATION,All monitored constraints satisfied
49.54,px4_local_ned_converted,0.0,-0.03,1.66,-0.06,-0.02,-0.01,100.0,PX4_TELEMETRY,SAFE,INFO,CONTINUE,RETURNING_HOME,RETURN_TO_HOME,GEOFENCE_VIOLATION,All monitored constraints satisfied
49.64,px4_local_ned_converted,0.0,-0.03,1.66,-0.06,-0.02,-0.01,100.0,PX4_TELEMETRY,SAFE,INFO,CONTINUE,RETURNING_HOME,RETURN_TO_HOME,GEOFENCE_VIOLATION,All monitored constraints satisfied
49.75,px4_local_ned_converted,0.0,-0.03,1.66,-0.06,-0.02,-0.01,100.0,PX4_TELEMETRY,SAFE,INFO,CONTINUE,RETURNING_HOME,RETURN_TO_HOME,GEOFENCE_VIOLATION,All monitored constraints satisfied
49.85,px4_local_ned_converted,-0.0,-0.03,1.66,-0.06,-0.02,-0.02,100.0,PX4_TELEMETRY,SAFE,INFO,CONTINUE,RETURNING_HOME,RETURN_TO_HOME,GEOFENCE_VIOLATION,All monitored constraints satisfied
49.95,px4_local_ned_converted,0.0,-0.04,1.66,-0.05,-0.02,-0.02,100.0,PX4_TELEMETRY,SAFE,INFO,CONTINUE,RETURNING_HOME,RETURN_TO_HOME,GEOFENCE_VIOLATION,All monitored constraints satisfied
50.06,px4_local_ned_converted,0.0,-0.04,1.66,-0.05,-0.02,-0.02,100.0,PX4_TELEMETRY,SAFE,INFO,CONTINUE,RETURNING_HOME,RETURN_TO_HOME,GEOFENCE_VIOLATION,All monitored constraints satisfied
50.16,px4_local_ned_converted,0.0,-0.04,1.66,-0.05,-0.02,-0.02,100.0,PX4_TELEMETRY,SAFE,INFO,CONTINUE,RETURNING_HOME,RETURN_TO_HOME,GEOFENCE_VIOLATION,All monitored constraints satisfied
50.26,px4_local_ned_converted,0.0,-0.04,1.66,-0.05,-0.02,-0.01,100.0,PX4_TELEMETRY,SAFE,INFO,CONTINUE,RETURNING_HOME,RETURN_TO_HOME,GEOFENCE_VIOLATION,All monitored constraints satisfied
50.36,px4_local_ned_converted,0.01,-0.05,1.66,-0.05,-0.02,-0.01,100.0,PX4_TELEMETRY,SAFE,INFO,CONTINUE,RETURNING_HOME,RETURN_TO_HOME,GEOFENCE_VIOLATION,All monitored constraints satisfied
50.47,px4_local_ned_converted,0.01,-0.05,1.66,-0.05,-0.01,-0.02,100.0,PX4_TELEMETRY,SAFE,INFO,CONTINUE,RETURNING_HOME,RETURN_TO_HOME,GEOFENCE_VIOLATION,All monitored constraints satisfied
50.57,px4_local_ned_converted,0.01,-0.05,1.66,-0.05,-0.01,-0.02,100.0,PX4_TELEMETRY,SAFE,INFO,CONTINUE,RETURNING_HOME,RETURN_TO_HOME,GEOFENCE_VIOLATION,All monitored constraints satisfied
50.68,px4_local_ned_converted,0.01,-0.05,1.66,-0.05,-0.01,-0.02,100.0,PX4_TELEMETRY,SAFE,INFO,CONTINUE,RETURNING_HOME,RETURN_TO_HOME,GEOFENCE_VIOLATION,All monitored constraints satisfied
50.78,px4_local_ned_converted,0.02,-0.05,1.67,-0.05,-0.01,-0.02,100.0,PX4_TELEMETRY,SAFE,INFO,CONTINUE,RETURNING_HOME,RETURN_TO_HOME,GEOFENCE_VIOLATION,All monitored constraints satisfied
50.89,px4_local_ned_converted,0.02,-0.05,1.67,-0.05,-0.01,-0.02,100.0,PX4_TELEMETRY,SAFE,INFO,CONTINUE,RETURNING_HOME,RETURN_TO_HOME,GEOFENCE_VIOLATION,All monitored constraints satisfied
50.99,px4_local_ned_converted,0.02,-0.05,1.67,-0.05,-0.01,-0.02,100.0,PX4_TELEMETRY,SAFE,INFO,CONTINUE,RETURNING_HOME,RETURN_TO_HOME,GEOFENCE_VIOLATION,All monitored constraints satisfied
51.09,px4_local_ned_converted,0.02,-0.05,1.67,-0.05,-0.01,-0.02,100.0,PX4_TELEMETRY,SAFE,INFO,CONTINUE,RETURNING_HOME,RETURN_TO_HOME,GEOFENCE_VIOLATION,All monitored constraints satisfied
51.2,px4_local_ned_converted,0.03,-0.05,1.68,-0.05,-0.0,-0.02,100.0,PX4_TELEMETRY,SAFE,INFO,CONTINUE,RETURNING_HOME,RETURN_TO_HOME,GEOFENCE_VIOLATION,All monitored constraints satisfied
51.3,px4_local_ned_converted,0.03,-0.05,1.68,-0.06,-0.0,-0.03,100.0,PX4_TELEMETRY,SAFE,INFO,CONTINUE,RETURNING_HOME,RETURN_TO_HOME,GEOFENCE_VIOLATION,All monitored constraints satisfied
51.4,px4_local_ned_converted,0.02,-0.05,1.68,-0.06,-0.0,-0.03,100.0,PX4_TELEMETRY,SAFE,INFO,CONTINUE,RETURNING_HOME,RETURN_TO_HOME,GEOFENCE_VIOLATION,All monitored constraints satisfied
51.51,px4_local_ned_converted,0.02,-0.05,1.68,-0.06,-0.0,-0.03,100.0,PX4_TELEMETRY,SAFE,INFO,CONTINUE,RETURNING_HOME,RETURN_TO_HOME,GEOFENCE_VIOLATION,All monitored constraints satisfied
51.61,px4_local_ned_converted,0.02,-0.05,1.68,-0.06,-0.0,-0.04,100.0,PX4_TELEMETRY,SAFE,INFO,CONTINUE,RETURNING_HOME,RETURN_TO_HOME,GEOFENCE_VIOLATION,All monitored constraints satisfied
51.71,px4_local_ned_converted,0.02,-0.05,1.68,-0.06,-0.0,-0.04,100.0,PX4_TELEMETRY,SAFE,INFO,CONTINUE,RETURNING_HOME,RETURN_TO_HOME,GEOFENCE_VIOLATION,All monitored constraints satisfied
51.81,px4_local_ned_converted,0.02,-0.05,1.68,-0.06,0.0,-0.04,100.0,PX4_TELEMETRY,SAFE,INFO,CONTINUE,RETURNING_HOME,RETURN_TO_HOME,GEOFENCE_VIOLATION,All monitored constraints satisfied
51.92,px4_local_ned_converted,0.02,-0.05,1.68,-0.06,-0.0,-0.04,100.0,PX4_TELEMETRY,SAFE,INFO,CONTINUE,RETURNING_HOME,RETURN_TO_HOME,GEOFENCE_VIOLATION,All monitored constraints satisfied
52.02,px4_local_ned_converted,0.02,-0.05,1.69,-0.06,-0.0,-0.04,100.0,PX4_TELEMETRY,SAFE,INFO,CONTINUE,RETURNING_HOME,RETURN_TO_HOME,GEOFENCE_VIOLATION,All monitored constraints satisfied
52.13,px4_local_ned_converted,0.02,-0.05,1.68,-0.06,-0.0,-0.04,100.0,PX4_TELEMETRY,SAFE,INFO,CONTINUE,RETURNING_HOME,RETURN_TO_HOME,GEOFENCE_VIOLATION,All monitored constraints satisfied
52.23,px4_local_ned_converted,0.02,-0.05,1.68,-0.06,0.0,-0.04,100.0,PX4_TELEMETRY,SAFE,INFO,CONTINUE,RETURNING_HOME,RETURN_TO_HOME,GEOFENCE_VIOLATION,All monitored constraints satisfied
52.34,px4_local_ned_converted,0.02,-0.05,1.69,-0.06,0.0,-0.04,100.0,PX4_TELEMETRY,SAFE,INFO,CONTINUE,RETURNING_HOME,RETURN_TO_HOME,GEOFENCE_VIOLATION,All monitored constraints satisfied
52.44,px4_local_ned_converted,0.01,-0.05,1.69,-0.06,0.0,-0.04,100.0,PX4_TELEMETRY,SAFE,INFO,CONTINUE,RETURNING_HOME,RETURN_TO_HOME,GEOFENCE_VIOLATION,All monitored constraints satisfied
52.54,px4_local_ned_converted,0.01,-0.05,1.69,-0.06,0.0,-0.04,100.0,PX4_TELEMETRY,SAFE,INFO,CONTINUE,RETURNING_HOME,RETURN_TO_HOME,GEOFENCE_VIOLATION,All monitored constraints satisfied
52.65,px4_local_ned_converted,0.01,-0.05,1.69,-0.06,0.0,-0.04,100.0,PX4_TELEMETRY,SAFE,INFO,CONTINUE,RETURNING_HOME,RETURN_TO_HOME,GEOFENCE_VIOLATION,All monitored constraints satisfied
52.75,px4_local_ned_converted,0.01,-0.05,1.7,-0.06,0.0,-0.04,100.0,PX4_TELEMETRY,SAFE,INFO,CONTINUE,RETURNING_HOME,RETURN_TO_HOME,GEOFENCE_VIOLATION,All monitored constraints satisfied
52.86,px4_local_ned_converted,0.01,-0.05,1.7,-0.06,0.0,-0.05,100.0,PX4_TELEMETRY,SAFE,INFO,CONTINUE,RETURNING_HOME,RETURN_TO_HOME,GEOFENCE_VIOLATION,All monitored constraints satisfied
52.96,px4_local_ned_converted,0.0,-0.05,1.7,-0.06,0.0,-0.05,100.0,PX4_TELEMETRY,SAFE,INFO,CONTINUE,RETURNING_HOME,RETURN_TO_HOME,GEOFENCE_VIOLATION,All monitored constraints satisfied
53.06,px4_local_ned_converted,-0.0,-0.05,1.7,-0.06,0.0,-0.05,100.0,PX4_TELEMETRY,SAFE,INFO,CONTINUE,RETURNING_HOME,RETURN_TO_HOME,GEOFENCE_VIOLATION,All monitored constraints satisfied
53.17,px4_local_ned_converted,0.0,-0.05,1.7,-0.06,0.0,-0.05,100.0,PX4_TELEMETRY,SAFE,INFO,CONTINUE,RETURNING_HOME,RETURN_TO_HOME,GEOFENCE_VIOLATION,All monitored constraints satisfied
53.27,px4_local_ned_converted,-0.0,-0.05,1.7,-0.06,0.0,-0.05,100.0,PX4_TELEMETRY,SAFE,INFO,CONTINUE,RETURNING_HOME,RETURN_TO_HOME,GEOFENCE_VIOLATION,All monitored constraints satisfied
53.38,px4_local_ned_converted,-0.0,-0.05,1.7,-0.06,0.0,-0.05,100.0,PX4_TELEMETRY,SAFE,INFO,CONTINUE,RETURNING_HOME,RETURN_TO_HOME,GEOFENCE_VIOLATION,All monitored constraints satisfied
53.48,px4_local_ned_converted,-0.01,-0.05,1.7,-0.06,0.0,-0.05,100.0,PX4_TELEMETRY,SAFE,INFO,CONTINUE,RETURNING_HOME,RETURN_TO_HOME,GEOFENCE_VIOLATION,All monitored constraints satisfied
53.59,px4_local_ned_converted,-0.0,-0.05,1.7,-0.05,0.0,-0.05,100.0,PX4_TELEMETRY,SAFE,INFO,CONTINUE,RETURNING_HOME,RETURN_TO_HOME,GEOFENCE_VIOLATION,All monitored constraints satisfied
53.69,px4_local_ned_converted,-0.01,-0.05,1.7,-0.05,0.0,-0.05,100.0,PX4_TELEMETRY,SAFE,INFO,CONTINUE,RETURNING_HOME,RETURN_TO_HOME,GEOFENCE_VIOLATION,All monitored constraints satisfied
53.79,px4_local_ned_converted,-0.01,-0.05,1.7,-0.05,0.0,-0.05,100.0,PX4_TELEMETRY,SAFE,INFO,CONTINUE,RETURNING_HOME,RETURN_TO_HOME,GEOFENCE_VIOLATION,All monitored constraints satisfied
53.9,px4_local_ned_converted,-0.01,-0.05,1.7,-0.05,0.0,-0.05,100.0,PX4_TELEMETRY,SAFE,INFO,CONTINUE,RETURNING_HOME,RETURN_TO_HOME,GEOFENCE_VIOLATION,All monitored constraints satisfied
54.0,px4_local_ned_converted,-0.0,-0.05,1.7,-0.05,0.0,-0.05,100.0,PX4_TELEMETRY,SAFE,INFO,CONTINUE,RETURNING_HOME,RETURN_TO_HOME,GEOFENCE_VIOLATION,All monitored constraints satisfied
54.11,px4_local_ned_converted,-0.0,-0.05,1.7,-0.04,0.0,-0.05,100.0,PX4_TELEMETRY,SAFE,INFO,CONTINUE,RETURNING_HOME,RETURN_TO_HOME,GEOFENCE_VIOLATION,All monitored constraints satisfied
54.21,px4_local_ned_converted,-0.0,-0.05,1.69,-0.05,0.0,-0.05,100.0,PX4_TELEMETRY,SAFE,INFO,CONTINUE,RETURNING_HOME,RETURN_TO_HOME,GEOFENCE_VIOLATION,All monitored constraints satisfied
54.31,px4_local_ned_converted,0.0,-0.05,1.69,-0.04,0.0,-0.05,100.0,PX4_TELEMETRY,SAFE,INFO,CONTINUE,RETURNING_HOME,RETURN_TO_HOME,GEOFENCE_VIOLATION,All monitored constraints satisfied
54.42,px4_local_ned_converted,0.01,-0.05,1.69,-0.04,0.0,-0.05,100.0,PX4_TELEMETRY,SAFE,INFO,CONTINUE,RETURNING_HOME,RETURN_TO_HOME,GEOFENCE_VIOLATION,All monitored constraints satisfied
54.52,px4_local_ned_converted,0.01,-0.05,1.68,-0.04,0.0,-0.04,100.0,PX4_TELEMETRY,SAFE,INFO,CONTINUE,RETURNING_HOME,RETURN_TO_HOME,GEOFENCE_VIOLATION,All monitored constraints satisfied
54.63,px4_local_ned_converted,0.01,-0.05,1.68,-0.04,0.0,-0.04,100.0,PX4_TELEMETRY,SAFE,INFO,CONTINUE,RETURNING_HOME,RETURN_TO_HOME,GEOFENCE_VIOLATION,All monitored constraints satisfied
54.73,px4_local_ned_converted,0.01,-0.05,1.68,-0.04,0.0,-0.03,100.0,PX4_TELEMETRY,SAFE,INFO,CONTINUE,RETURNING_HOME,RETURN_TO_HOME,GEOFENCE_VIOLATION,All monitored constraints satisfied
54.84,px4_local_ned_converted,0.01,-0.05,1.68,-0.05,0.0,-0.03,100.0,PX4_TELEMETRY,SAFE,INFO,CONTINUE,RETURNING_HOME,RETURN_TO_HOME,GEOFENCE_VIOLATION,All monitored constraints satisfied
54.94,px4_local_ned_converted,0.01,-0.05,1.68,-0.05,0.0,-0.04,100.0,PX4_TELEMETRY,SAFE,INFO,CONTINUE,RETURNING_HOME,RETURN_TO_HOME,GEOFENCE_VIOLATION,All monitored constraints satisfied
55.04,px4_local_ned_converted,0.01,-0.05,1.68,-0.05,0.0,-0.04,100.0,PX4_TELEMETRY,SAFE,INFO,CONTINUE,RETURNING_HOME,RETURN_TO_HOME,GEOFENCE_VIOLATION,All monitored constraints satisfied
55.15,px4_local_ned_converted,0.01,-0.05,1.68,-0.05,0.0,-0.04,100.0,PX4_TELEMETRY,SAFE,INFO,CONTINUE,RETURNING_HOME,RETURN_TO_HOME,GEOFENCE_VIOLATION,All monitored constraints satisfied
55.25,px4_local_ned_converted,0.02,-0.05,1.68,-0.05,0.0,-0.04,100.0,PX4_TELEMETRY,SAFE,INFO,CONTINUE,RETURNING_HOME,RETURN_TO_HOME,GEOFENCE_VIOLATION,All monitored constraints satisfied
55.36,px4_local_ned_converted,0.02,-0.05,1.68,-0.05,0.0,-0.04,100.0,PX4_TELEMETRY,SAFE,INFO,CONTINUE,RETURNING_HOME,RETURN_TO_HOME,GEOFENCE_VIOLATION,All monitored constraints satisfied
55.46,px4_local_ned_converted,0.01,-0.05,1.68,-0.05,0.0,-0.04,100.0,PX4_TELEMETRY,SAFE,INFO,CONTINUE,RETURNING_HOME,RETURN_TO_HOME,GEOFENCE_VIOLATION,All monitored constraints satisfied
55.57,px4_local_ned_converted,0.02,-0.05,1.68,-0.05,0.0,-0.03,100.0,PX4_TELEMETRY,SAFE,INFO,CONTINUE,RETURNING_HOME,RETURN_TO_HOME,GEOFENCE_VIOLATION,All monitored constraints satisfied
55.67,px4_local_ned_converted,0.02,-0.05,1.68,-0.05,0.0,-0.04,100.0,PX4_TELEMETRY,SAFE,INFO,CONTINUE,RETURNING_HOME,RETURN_TO_HOME,GEOFENCE_VIOLATION,All monitored constraints satisfied
55.77,px4_local_ned_converted,0.02,-0.05,1.68,-0.05,0.0,-0.04,100.0,PX4_TELEMETRY,SAFE,INFO,CONTINUE,RETURNING_HOME,RETURN_TO_HOME,GEOFENCE_VIOLATION,All monitored constraints satisfied
55.88,px4_local_ned_converted,0.02,-0.05,1.68,-0.06,0.0,-0.04,100.0,PX4_TELEMETRY,SAFE,INFO,CONTINUE,RETURNING_HOME,RETURN_TO_HOME,GEOFENCE_VIOLATION,All monitored constraints satisfied
55.98,px4_local_ned_converted,0.02,-0.05,1.68,-0.05,0.0,-0.03,100.0,PX4_TELEMETRY,SAFE,INFO,CONTINUE,RETURNING_HOME,RETURN_TO_HOME,GEOFENCE_VIOLATION,All monitored constraints satisfied
56.08,px4_local_ned_converted,0.02,-0.05,1.68,-0.05,0.0,-0.04,100.0,PX4_TELEMETRY,SAFE,INFO,CONTINUE,RETURNING_HOME,RETURN_TO_HOME,GEOFENCE_VIOLATION,All monitored constraints satisfied
56.19,px4_local_ned_converted,0.01,-0.05,1.68,-0.06,0.0,-0.04,100.0,PX4_TELEMETRY,SAFE,INFO,CONTINUE,RETURNING_HOME,RETURN_TO_HOME,GEOFENCE_VIOLATION,All monitored constraints satisfied
56.29,px4_local_ned_converted,0.01,-0.05,1.68,-0.06,0.0,-0.04,100.0,PX4_TELEMETRY,SAFE,INFO,CONTINUE,RETURNING_HOME,RETURN_TO_HOME,GEOFENCE_VIOLATION,All monitored constraints satisfied
56.4,px4_local_ned_converted,0.01,-0.05,1.68,-0.06,0.0,-0.04,100.0,PX4_TELEMETRY,SAFE,INFO,CONTINUE,RETURNING_HOME,RETURN_TO_HOME,GEOFENCE_VIOLATION,All monitored constraints satisfied
56.5,px4_local_ned_converted,0.01,-0.05,1.68,-0.06,0.0,-0.04,100.0,PX4_TELEMETRY,SAFE,INFO,CONTINUE,RETURNING_HOME,RETURN_TO_HOME,GEOFENCE_VIOLATION,All monitored constraints satisfied
56.61,px4_local_ned_converted,0.0,-0.05,1.68,-0.06,0.0,-0.03,100.0,PX4_TELEMETRY,SAFE,INFO,CONTINUE,RETURNING_HOME,RETURN_TO_HOME,GEOFENCE_VIOLATION,All monitored constraints satisfied
56.71,px4_local_ned_converted,0.0,-0.05,1.67,-0.05,0.0,-0.03,100.0,PX4_TELEMETRY,SAFE,INFO,CONTINUE,RETURNING_HOME,RETURN_TO_HOME,GEOFENCE_VIOLATION,All monitored constraints satisfied
56.81,px4_local_ned_converted,0.0,-0.05,1.67,-0.05,0.0,-0.03,100.0,PX4_TELEMETRY,SAFE,INFO,CONTINUE,RETURNING_HOME,RETURN_TO_HOME,GEOFENCE_VIOLATION,All monitored constraints satisfied
56.92,px4_local_ned_converted,-0.0,-0.05,1.67,-0.05,0.0,-0.03,100.0,PX4_TELEMETRY,SAFE,INFO,CONTINUE,RETURNING_HOME,RETURN_TO_HOME,GEOFENCE_VIOLATION,All monitored constraints satisfied
57.02,px4_local_ned_converted,-0.01,-0.05,1.67,-0.05,0.0,-0.03,100.0,PX4_TELEMETRY,SAFE,INFO,CONTINUE,RETURNING_HOME,RETURN_TO_HOME,GEOFENCE_VIOLATION,All monitored constraints satisfied
57.13,px4_local_ned_converted,-0.01,-0.05,1.67,-0.05,0.0,-0.03,100.0,PX4_TELEMETRY,SAFE,INFO,CONTINUE,RETURNING_HOME,RETURN_TO_HOME,GEOFENCE_VIOLATION,All monitored constraints satisfied
57.23,px4_local_ned_converted,-0.01,-0.05,1.67,-0.04,0.0,-0.02,100.0,PX4_TELEMETRY,SAFE,INFO,CONTINUE,RETURNING_HOME,RETURN_TO_HOME,GEOFENCE_VIOLATION,All monitored constraints satisfied
57.34,px4_local_ned_converted,-0.01,-0.05,1.67,-0.04,0.0,-0.02,100.0,PX4_TELEMETRY,SAFE,INFO,CONTINUE,RETURNING_HOME,RETURN_TO_HOME,GEOFENCE_VIOLATION,All monitored constraints satisfied
57.44,px4_local_ned_converted,-0.01,-0.05,1.67,-0.04,0.0,-0.02,100.0,PX4_TELEMETRY,SAFE,INFO,CONTINUE,RETURNING_HOME,RETURN_TO_HOME,GEOFENCE_VIOLATION,All monitored constraints satisfied
57.55,px4_local_ned_converted,-0.01,-0.05,1.67,-0.04,0.0,-0.02,100.0,PX4_TELEMETRY,SAFE,INFO,CONTINUE,RETURNING_HOME,RETURN_TO_HOME,GEOFENCE_VIOLATION,All monitored constraints satisfied
57.65,px4_local_ned_converted,-0.01,-0.05,1.67,-0.03,0.0,-0.02,100.0,PX4_TELEMETRY,SAFE,INFO,CONTINUE,RETURNING_HOME,RETURN_TO_HOME,GEOFENCE_VIOLATION,All monitored constraints satisfied
57.75,px4_local_ned_converted,-0.01,-0.05,1.67,-0.03,0.0,-0.02,100.0,PX4_TELEMETRY,SAFE,INFO,CONTINUE,RETURNING_HOME,RETURN_TO_HOME,GEOFENCE_VIOLATION,All monitored constraints satisfied
57.85,px4_local_ned_converted,-0.02,-0.05,1.66,-0.03,0.0,-0.02,100.0,PX4_TELEMETRY,SAFE,INFO,CONTINUE,RETURNING_HOME,RETURN_TO_HOME,GEOFENCE_VIOLATION,All monitored constraints satisfied
57.95,px4_local_ned_converted,-0.02,-0.06,1.66,-0.03,0.0,-0.02,100.0,PX4_TELEMETRY,SAFE,INFO,CONTINUE,RETURNING_HOME,RETURN_TO_HOME,GEOFENCE_VIOLATION,All monitored constraints satisfied
58.06,px4_local_ned_converted,-0.02,-0.06,1.66,-0.03,0.0,-0.02,100.0,PX4_TELEMETRY,SAFE,INFO,CONTINUE,RETURNING_HOME,RETURN_TO_HOME,GEOFENCE_VIOLATION,All monitored constraints satisfied
58.16,px4_local_ned_converted,-0.02,-0.06,1.66,-0.03,0.0,-0.01,100.0,PX4_TELEMETRY,SAFE,INFO,CONTINUE,RETURNING_HOME,RETURN_TO_HOME,GEOFENCE_VIOLATION,All monitored constraints satisfied
58.27,px4_local_ned_converted,-0.02,-0.06,1.66,-0.03,0.0,-0.01,100.0,PX4_TELEMETRY,SAFE,INFO,CONTINUE,RETURNING_HOME,RETURN_TO_HOME,GEOFENCE_VIOLATION,All monitored constraints satisfied
58.37,px4_local_ned_converted,-0.02,-0.06,1.66,-0.02,0.0,-0.01,100.0,PX4_TELEMETRY,SAFE,INFO,CONTINUE,RETURNING_HOME,RETURN_TO_HOME,GEOFENCE_VIOLATION,All monitored constraints satisfied
58.47,px4_local_ned_converted,-0.02,-0.06,1.65,-0.02,0.0,-0.01,100.0,PX4_TELEMETRY,SAFE,INFO,CONTINUE,RETURNING_HOME,RETURN_TO_HOME,GEOFENCE_VIOLATION,All monitored constraints satisfied
58.58,px4_local_ned_converted,-0.02,-0.06,1.65,-0.02,0.0,-0.01,100.0,PX4_TELEMETRY,SAFE,INFO,CONTINUE,RETURNING_HOME,RETURN_TO_HOME,GEOFENCE_VIOLATION,All monitored constraints satisfied
58.68,px4_local_ned_converted,-0.02,-0.06,1.65,-0.02,0.0,-0.01,100.0,PX4_TELEMETRY,SAFE,INFO,CONTINUE,RETURNING_HOME,RETURN_TO_HOME,GEOFENCE_VIOLATION,All monitored constraints satisfied
58.79,px4_local_ned_converted,-0.03,-0.06,1.65,-0.02,0.0,-0.01,100.0,PX4_TELEMETRY,SAFE,INFO,CONTINUE,RETURNING_HOME,RETURN_TO_HOME,GEOFENCE_VIOLATION,All monitored constraints satisfied
58.89,px4_local_ned_converted,-0.03,-0.06,1.65,-0.02,0.0,-0.0,100.0,PX4_TELEMETRY,SAFE,INFO,CONTINUE,RETURNING_HOME,RETURN_TO_HOME,GEOFENCE_VIOLATION,All monitored constraints satisfied
59.0,px4_local_ned_converted,-0.04,-0.06,1.65,-0.02,0.0,-0.0,100.0,PX4_TELEMETRY,SAFE,INFO,CONTINUE,RETURNING_HOME,RETURN_TO_HOME,GEOFENCE_VIOLATION,All monitored constraints satisfied
59.1,px4_local_ned_converted,-0.04,-0.06,1.65,-0.02,0.0,-0.0,100.0,PX4_TELEMETRY,SAFE,INFO,CONTINUE,RETURNING_HOME,RETURN_TO_HOME,GEOFENCE_VIOLATION,All monitored constraints satisfied
59.2,px4_local_ned_converted,-0.04,-0.07,1.65,-0.02,0.0,-0.0,100.0,PX4_TELEMETRY,SAFE,INFO,CONTINUE,RETURNING_HOME,RETURN_TO_HOME,GEOFENCE_VIOLATION,All monitored constraints satisfied
59.31,px4_local_ned_converted,-0.04,-0.07,1.65,-0.02,0.01,-0.0,100.0,PX4_TELEMETRY,SAFE,INFO,CONTINUE,RETURNING_HOME,RETURN_TO_HOME,GEOFENCE_VIOLATION,All monitored constraints satisfied
59.41,px4_local_ned_converted,-0.04,-0.07,1.65,-0.02,0.01,-0.0,100.0,PX4_TELEMETRY,SAFE,INFO,CONTINUE,RETURNING_HOME,RETURN_TO_HOME,GEOFENCE_VIOLATION,All monitored constraints satisfied
59.52,px4_local_ned_converted,-0.04,-0.07,1.64,-0.01,0.01,0.0,100.0,PX4_TELEMETRY,SAFE,INFO,CONTINUE,RETURNING_HOME,RETURN_TO_HOME,GEOFENCE_VIOLATION,All monitored constraints satisfied
59.62,px4_local_ned_converted,-0.04,-0.07,1.64,-0.01,0.01,0.0,100.0,PX4_TELEMETRY,SAFE,INFO,CONTINUE,RETURNING_HOME,RETURN_TO_HOME,GEOFENCE_VIOLATION,All monitored constraints satisfied
59.72,px4_local_ned_converted,-0.04,-0.07,1.64,-0.01,0.01,0.0,100.0,PX4_TELEMETRY,SAFE,INFO,CONTINUE,RETURNING_HOME,RETURN_TO_HOME,GEOFENCE_VIOLATION,All monitored constraints satisfied
59.83,px4_local_ned_converted,-0.04,-0.07,1.64,-0.01,0.01,0.01,100.0,PX4_TELEMETRY,SAFE,INFO,CONTINUE,RETURNING_HOME,RETURN_TO_HOME,GEOFENCE_VIOLATION,All monitored constraints satisfied
59.93,px4_local_ned_converted,-0.04,-0.07,1.63,-0.01,0.01,0.01,100.0,PX4_TELEMETRY,SAFE,INFO,CONTINUE,RETURNING_HOME,RETURN_TO_HOME,GEOFENCE_VIOLATION,All monitored constraints satisfied
60.04,px4_local_ned_converted,-0.04,-0.07,1.63,-0.01,0.01,0.01,100.0,PX4_TELEMETRY,SAFE,INFO,CONTINUE,RETURNING_HOME,RETURN_TO_HOME,GEOFENCE_VIOLATION,All monitored constraints satisfied
60.14,px4_local_ned_converted,-0.04,-0.07,1.63,-0.0,0.01,0.02,100.0,PX4_TELEMETRY,SAFE,INFO,CONTINUE,RETURNING_HOME,RETURN_TO_HOME,GEOFENCE_VIOLATION,All monitored constraints satisfied
60.24,px4_local_ned_converted,-0.04,-0.07,1.63,-0.0,0.01,0.02,100.0,PX4_TELEMETRY,SAFE,INFO,CONTINUE,RETURNING_HOME,RETURN_TO_HOME,GEOFENCE_VIOLATION,All monitored constraints satisfied
60.35,px4_local_ned_converted,-0.05,-0.07,1.63,-0.0,0.01,0.02,100.0,PX4_TELEMETRY,SAFE,INFO,CONTINUE,RETURNING_HOME,RETURN_TO_HOME,GEOFENCE_VIOLATION,All monitored constraints satisfied
60.45,px4_local_ned_converted,-0.05,-0.07,1.63,-0.0,0.01,0.02,100.0,PX4_TELEMETRY,SAFE,INFO,CONTINUE,RETURNING_HOME,RETURN_TO_HOME,GEOFENCE_VIOLATION,All monitored constraints satisfied
60.56,px4_local_ned_converted,-0.05,-0.07,1.63,-0.0,0.01,0.02,100.0,PX4_TELEMETRY,SAFE,INFO,CONTINUE,RETURNING_HOME,RETURN_TO_HOME,GEOFENCE_VIOLATION,All monitored constraints satisfied
60.66,px4_local_ned_converted,-0.05,-0.07,1.63,-0.0,0.01,0.02,100.0,PX4_TELEMETRY,SAFE,INFO,CONTINUE,RETURNING_HOME,RETURN_TO_HOME,GEOFENCE_VIOLATION,All monitored constraints satisfied
60.76,px4_local_ned_converted,-0.05,-0.07,1.63,-0.0,0.01,0.02,100.0,PX4_TELEMETRY,SAFE,INFO,CONTINUE,RETURNING_HOME,RETURN_TO_HOME,GEOFENCE_VIOLATION,All monitored constraints satisfied
60.87,px4_local_ned_converted,-0.05,-0.07,1.63,-0.0,0.01,0.02,100.0,PX4_TELEMETRY,SAFE,INFO,CONTINUE,RETURNING_HOME,RETURN_TO_HOME,GEOFENCE_VIOLATION,All monitored constraints satisfied
60.97,px4_local_ned_converted,-0.06,-0.06,1.63,-0.0,0.01,0.02,100.0,PX4_TELEMETRY,SAFE,INFO,CONTINUE,RETURNING_HOME,RETURN_TO_HOME,GEOFENCE_VIOLATION,All monitored constraints satisfied
61.08,px4_local_ned_converted,-0.06,-0.06,1.63,0.0,0.01,0.02,100.0,PX4_TELEMETRY,SAFE,INFO,CONTINUE,RETURNING_HOME,RETURN_TO_HOME,GEOFENCE_VIOLATION,All monitored constraints satisfied
61.18,px4_local_ned_converted,-0.06,-0.06,1.63,0.0,0.01,0.02,100.0,PX4_TELEMETRY,SAFE,INFO,CONTINUE,RETURNING_HOME,RETURN_TO_HOME,GEOFENCE_VIOLATION,All monitored constraints satisfied
61.29,px4_local_ned_converted,-0.06,-0.06,1.63,0.0,0.01,0.02,100.0,PX4_TELEMETRY,SAFE,INFO,CONTINUE,RETURNING_HOME,RETURN_TO_HOME,GEOFENCE_VIOLATION,All monitored constraints satisfied
61.39,px4_local_ned_converted,-0.06,-0.06,1.63,0.0,0.01,0.02,100.0,PX4_TELEMETRY,SAFE,INFO,CONTINUE,RETURNING_HOME,RETURN_TO_HOME,GEOFENCE_VIOLATION,All monitored constraints satisfied
61.49,px4_local_ned_converted,-0.06,-0.06,1.63,0.0,0.01,0.02,100.0,PX4_TELEMETRY,SAFE,INFO,CONTINUE,RETURNING_HOME,RETURN_TO_HOME,GEOFENCE_VIOLATION,All monitored constraints satisfied
61.6,px4_local_ned_converted,-0.05,-0.05,1.62,0.01,0.01,0.02,100.0,PX4_TELEMETRY,SAFE,INFO,CONTINUE,RETURNING_HOME,RETURN_TO_HOME,GEOFENCE_VIOLATION,All monitored constraints satisfied
61.7,px4_local_ned_converted,-0.05,-0.05,1.62,0.0,0.01,0.02,100.0,PX4_TELEMETRY,SAFE,INFO,CONTINUE,RETURNING_HOME,RETURN_TO_HOME,GEOFENCE_VIOLATION,All monitored constraints satisfied
61.81,px4_local_ned_converted,-0.05,-0.05,1.62,0.0,0.01,0.02,100.0,PX4_TELEMETRY,SAFE,INFO,CONTINUE,RETURNING_HOME,RETURN_TO_HOME,GEOFENCE_VIOLATION,All monitored constraints satisfied
61.91,px4_local_ned_converted,-0.05,-0.05,1.62,0.01,0.01,0.02,100.0,PX4_TELEMETRY,SAFE,INFO,CONTINUE,RETURNING_HOME,RETURN_TO_HOME,GEOFENCE_VIOLATION,All monitored constraints satisfied
62.01,px4_local_ned_converted,-0.05,-0.05,1.62,0.01,0.0,0.02,100.0,PX4_TELEMETRY,SAFE,INFO,CONTINUE,RETURNING_HOME,RETURN_TO_HOME,GEOFENCE_VIOLATION,All monitored constraints satisfied
62.12,px4_local_ned_converted,-0.05,-0.05,1.62,0.01,0.0,0.03,100.0,PX4_TELEMETRY,SAFE,INFO,CONTINUE,RETURNING_HOME,RETURN_TO_HOME,GEOFENCE_VIOLATION,All monitored constraints satisfied
62.22,px4_local_ned_converted,-0.05,-0.05,1.62,0.01,0.0,0.03,100.0,PX4_TELEMETRY,SAFE,INFO,CONTINUE,RETURNING_HOME,RETURN_TO_HOME,GEOFENCE_VIOLATION,All monitored constraints satisfied
62.33,px4_local_ned_converted,-0.05,-0.05,1.62,0.0,0.0,0.03,100.0,PX4_TELEMETRY,SAFE,INFO,CONTINUE,RETURNING_HOME,RETURN_TO_HOME,GEOFENCE_VIOLATION,All monitored constraints satisfied
62.43,px4_local_ned_converted,-0.05,-0.04,1.62,0.0,0.0,0.03,100.0,PX4_TELEMETRY,SAFE,INFO,CONTINUE,RETURNING_HOME,RETURN_TO_HOME,GEOFENCE_VIOLATION,All monitored constraints satisfied
62.53,px4_local_ned_converted,-0.05,-0.04,1.62,0.0,0.0,0.03,100.0,PX4_TELEMETRY,SAFE,INFO,CONTINUE,RETURNING_HOME,RETURN_TO_HOME,GEOFENCE_VIOLATION,All monitored constraints satisfied
62.64,px4_local_ned_converted,-0.05,-0.04,1.62,0.0,0.0,0.03,100.0,PX4_TELEMETRY,SAFE,INFO,CONTINUE,RETURNING_HOME,RETURN_TO_HOME,GEOFENCE_VIOLATION,All monitored constraints satisfied
62.74,px4_local_ned_converted,-0.05,-0.04,1.61,0.0,0.0,0.03,100.0,PX4_TELEMETRY,SAFE,INFO,CONTINUE,RETURNING_HOME,RETURN_TO_HOME,GEOFENCE_VIOLATION,All monitored constraints satisfied
62.85,px4_local_ned_converted,-0.05,-0.04,1.61,0.0,0.0,0.03,100.0,PX4_TELEMETRY,SAFE,INFO,CONTINUE,RETURNING_HOME,RETURN_TO_HOME,GEOFENCE_VIOLATION,All monitored constraints satisfied
62.96,px4_local_ned_converted,-0.05,-0.04,1.6,0.0,0.0,0.04,100.0,PX4_TELEMETRY,SAFE,INFO,CONTINUE,RETURNING_HOME,RETURN_TO_HOME,GEOFENCE_VIOLATION,All monitored constraints satisfied
63.06,px4_local_ned_converted,-0.05,-0.03,1.6,-0.0,0.0,0.04,100.0,PX4_TELEMETRY,SAFE,INFO,CONTINUE,RETURNING_HOME,RETURN_TO_HOME,GEOFENCE_VIOLATION,All monitored constraints satisfied
63.17,px4_local_ned_converted,-0.05,-0.03,1.6,-0.0,0.0,0.04,100.0,PX4_TELEMETRY,SAFE,INFO,CONTINUE,RETURNING_HOME,RETURN_TO_HOME,GEOFENCE_VIOLATION,All monitored constraints satisfied
63.27,px4_local_ned_converted,-0.05,-0.03,1.6,-0.0,0.0,0.05,100.0,PX4_TELEMETRY,SAFE,INFO,CONTINUE,RETURNING_HOME,RETURN_TO_HOME,GEOFENCE_VIOLATION,All monitored constraints satisfied
63.38,px4_local_ned_converted,-0.04,-0.03,1.6,0.0,0.0,0.05,100.0,PX4_TELEMETRY,SAFE,INFO,CONTINUE,RETURNING_HOME,RETURN_TO_HOME,GEOFENCE_VIOLATION,All monitored constraints satisfied
63.48,px4_local_ned_converted,-0.04,-0.03,1.6,-0.0,-0.0,0.05,100.0,PX4_TELEMETRY,SAFE,INFO,CONTINUE,RETURNING_HOME,RETURN_TO_HOME,GEOFENCE_VIOLATION,All monitored constraints satisfied
63.59,px4_local_ned_converted,-0.04,-0.03,1.6,-0.0,-0.0,0.05,100.0,PX4_TELEMETRY,SAFE,INFO,CONTINUE,RETURNING_HOME,RETURN_TO_HOME,GEOFENCE_VIOLATION,All monitored constraints satisfied
63.69,px4_local_ned_converted,-0.04,-0.03,1.6,-0.0,-0.0,0.05,100.0,PX4_TELEMETRY,SAFE,INFO,CONTINUE,RETURNING_HOME,RETURN_TO_HOME,GEOFENCE_VIOLATION,All monitored constraints satisfied
63.8,px4_local_ned_converted,-0.04,-0.03,1.6,-0.0,-0.0,0.05,100.0,PX4_TELEMETRY,SAFE,INFO,CONTINUE,RETURNING_HOME,RETURN_TO_HOME,GEOFENCE_VIOLATION,All monitored constraints satisfied
63.9,px4_local_ned_converted,-0.04,-0.03,1.61,-0.0,-0.01,0.04,100.0,PX4_TELEMETRY,SAFE,INFO,CONTINUE,RETURNING_HOME,RETURN_TO_HOME,GEOFENCE_VIOLATION,All monitored constraints satisfied
64.01,px4_local_ned_converted,-0.04,-0.03,1.6,-0.0,-0.01,0.04,100.0,PX4_TELEMETRY,SAFE,INFO,CONTINUE,RETURNING_HOME,RETURN_TO_HOME,GEOFENCE_VIOLATION,All monitored constraints satisfied
64.11,px4_local_ned_converted,-0.03,-0.03,1.6,-0.0,-0.01,0.04,100.0,PX4_TELEMETRY,SAFE,INFO,CONTINUE,RETURNING_HOME,RETURN_TO_HOME,GEOFENCE_VIOLATION,All monitored constraints satisfied
64.21,px4_local_ned_converted,-0.03,-0.03,1.6,-0.0,-0.01,0.04,100.0,PX4_TELEMETRY,SAFE,INFO,CONTINUE,RETURNING_HOME,RETURN_TO_HOME,GEOFENCE_VIOLATION,All monitored constraints satisfied
64.32,px4_local_ned_converted,-0.03,-0.03,1.6,-0.01,-0.01,0.04,100.0,PX4_TELEMETRY,SAFE,INFO,CONTINUE,RETURNING_HOME,RETURN_TO_HOME,GEOFENCE_VIOLATION,All monitored constraints satisfied
64.42,px4_local_ned_converted,-0.03,-0.03,1.6,-0.01,-0.01,0.04,100.0,PX4_TELEMETRY,SAFE,INFO,CONTINUE,RETURNING_HOME,RETURN_TO_HOME,GEOFENCE_VIOLATION,All monitored constraints satisfied
64.53,px4_local_ned_converted,-0.03,-0.04,1.6,-0.01,-0.01,0.05,100.0,PX4_TELEMETRY,SAFE,INFO,CONTINUE,RETURNING_HOME,RETURN_TO_HOME,GEOFENCE_VIOLATION,All monitored constraints satisfied
64.63,px4_local_ned_converted,-0.03,-0.04,1.6,-0.01,-0.01,0.05,100.0,PX4_TELEMETRY,SAFE,INFO,CONTINUE,RETURNING_HOME,RETURN_TO_HOME,GEOFENCE_VIOLATION,All monitored constraints satisfied
64.73,px4_local_ned_converted,-0.03,-0.04,1.6,-0.01,-0.01,0.04,100.0,PX4_TELEMETRY,SAFE,INFO,CONTINUE,RETURNING_HOME,RETURN_TO_HOME,GEOFENCE_VIOLATION,All monitored constraints satisfied
64.85,px4_local_ned_converted,-0.03,-0.05,1.6,-0.01,-0.01,0.04,100.0,PX4_TELEMETRY,SAFE,INFO,CONTINUE,RETURNING_HOME,RETURN_TO_HOME,GEOFENCE_VIOLATION,All monitored constraints satisfied
64.96,px4_local_ned_converted,-0.02,-0.05,1.61,-0.01,-0.01,0.04,100.0,PX4_TELEMETRY,SAFE,INFO,CONTINUE,RETURNING_HOME,RETURN_TO_HOME,GEOFENCE_VIOLATION,All monitored constraints satisfied
65.06,px4_local_ned_converted,-0.02,-0.05,1.61,-0.02,-0.01,0.04,100.0,PX4_TELEMETRY,SAFE,INFO,CONTINUE,RETURNING_HOME,RETURN_TO_HOME,GEOFENCE_VIOLATION,All monitored constraints satisfied
65.17,px4_local_ned_converted,-0.02,-0.06,1.61,-0.02,-0.01,0.04,100.0,PX4_TELEMETRY,SAFE,INFO,CONTINUE,RETURNING_HOME,RETURN_TO_HOME,GEOFENCE_VIOLATION,All monitored constraints satisfied
65.28,px4_local_ned_converted,-0.02,-0.06,1.61,-0.02,-0.01,0.04,100.0,PX4_TELEMETRY,SAFE,INFO,CONTINUE,RETURNING_HOME,RETURN_TO_HOME,GEOFENCE_VIOLATION,All monitored constraints satisfied
65.38,px4_local_ned_converted,-0.02,-0.06,1.61,-0.02,-0.0,0.04,100.0,PX4_TELEMETRY,SAFE,INFO,CONTINUE,RETURNING_HOME,RETURN_TO_HOME,GEOFENCE_VIOLATION,All monitored constraints satisfied
65.49,px4_local_ned_converted,-0.02,-0.06,1.61,-0.02,-0.0,0.04,100.0,PX4_TELEMETRY,SAFE,INFO,CONTINUE,RETURNING_HOME,RETURN_TO_HOME,GEOFENCE_VIOLATION,All monitored constraints satisfied
65.59,px4_local_ned_converted,-0.01,-0.06,1.61,-0.02,0.0,0.04,100.0,PX4_TELEMETRY,SAFE,INFO,CONTINUE,RETURNING_HOME,RETURN_TO_HOME,GEOFENCE_VIOLATION,All monitored constraints satisfied
65.7,px4_local_ned_converted,-0.01,-0.06,1.61,-0.03,0.0,0.04,100.0,PX4_TELEMETRY,SAFE,INFO,CONTINUE,RETURNING_HOME,RETURN_TO_HOME,GEOFENCE_VIOLATION,All monitored constraints satisfied
65.81,px4_local_ned_converted,-0.01,-0.06,1.61,-0.03,0.01,0.04,100.0,PX4_TELEMETRY,SAFE,INFO,CONTINUE,RETURNING_HOME,RETURN_TO_HOME,GEOFENCE_VIOLATION,All monitored constraints satisfied
65.91,px4_local_ned_converted,-0.01,-0.06,1.61,-0.03,0.01,0.04,100.0,PX4_TELEMETRY,SAFE,INFO,CONTINUE,RETURNING_HOME,RETURN_TO_HOME,GEOFENCE_VIOLATION,All monitored constraints satisfied
66.01,px4_local_ned_converted,-0.01,-0.06,1.61,-0.03,0.01,0.04,100.0,PX4_TELEMETRY,SAFE,INFO,CONTINUE,RETURNING_HOME,RETURN_TO_HOME,GEOFENCE_VIOLATION,All monitored constraints satisfied
66.11,px4_local_ned_converted,-0.0,-0.06,1.6,-0.03,0.01,0.04,100.0,PX4_TELEMETRY,SAFE,INFO,CONTINUE,RETURNING_HOME,RETURN_TO_HOME,GEOFENCE_VIOLATION,All monitored constraints satisfied
66.21,px4_local_ned_converted,-0.0,-0.06,1.6,-0.03,0.01,0.04,100.0,PX4_TELEMETRY,SAFE,INFO,CONTINUE,RETURNING_HOME,RETURN_TO_HOME,GEOFENCE_VIOLATION,All monitored constraints satisfied
66.31,px4_local_ned_converted,-0.0,-0.06,1.6,-0.04,0.01,0.04,100.0,PX4_TELEMETRY,SAFE,INFO,CONTINUE,RETURNING_HOME,RETURN_TO_HOME,GEOFENCE_VIOLATION,All monitored constraints satisfied
66.42,px4_local_ned_converted,-0.0,-0.06,1.6,-0.04,0.01,0.04,100.0,PX4_TELEMETRY,SAFE,INFO,CONTINUE,RETURNING_HOME,RETURN_TO_HOME,GEOFENCE_VIOLATION,All monitored constraints satisfied
66.52,px4_local_ned_converted,0.0,-0.06,1.6,-0.04,0.01,0.04,100.0,PX4_TELEMETRY,SAFE,INFO,CONTINUE,RETURNING_HOME,RETURN_TO_HOME,GEOFENCE_VIOLATION,All monitored constraints satisfied
66.62,px4_local_ned_converted,-0.0,-0.06,1.6,-0.04,0.01,0.04,100.0,PX4_TELEMETRY,SAFE,INFO,CONTINUE,RETURNING_HOME,RETURN_TO_HOME,GEOFENCE_VIOLATION,All monitored constraints satisfied
66.73,px4_local_ned_converted,0.0,-0.06,1.6,-0.04,0.01,0.04,100.0,PX4_TELEMETRY,SAFE,INFO,CONTINUE,RETURNING_HOME,RETURN_TO_HOME,GEOFENCE_VIOLATION,All monitored constraints satisfied
66.83,px4_local_ned_converted,0.01,-0.07,1.6,-0.04,0.01,0.04,100.0,PX4_TELEMETRY,SAFE,INFO,CONTINUE,RETURNING_HOME,RETURN_TO_HOME,GEOFENCE_VIOLATION,All monitored constraints satisfied
66.93,px4_local_ned_converted,0.01,-0.07,1.6,-0.04,0.01,0.04,100.0,PX4_TELEMETRY,SAFE,INFO,CONTINUE,RETURNING_HOME,RETURN_TO_HOME,GEOFENCE_VIOLATION,All monitored constraints satisfied
67.04,px4_local_ned_converted,0.01,-0.07,1.6,-0.04,0.01,0.04,100.0,PX4_TELEMETRY,SAFE,INFO,CONTINUE,RETURNING_HOME,RETURN_TO_HOME,GEOFENCE_VIOLATION,All monitored constraints satisfied
67.14,px4_local_ned_converted,0.01,-0.07,1.61,-0.04,0.01,0.04,100.0,PX4_TELEMETRY,SAFE,INFO,CONTINUE,RETURNING_HOME,RETURN_TO_HOME,GEOFENCE_VIOLATION,All monitored constraints satisfied
67.25,px4_local_ned_converted,0.01,-0.06,1.61,-0.04,0.01,0.04,100.0,PX4_TELEMETRY,SAFE,INFO,CONTINUE,RETURNING_HOME,RETURN_TO_HOME,GEOFENCE_VIOLATION,All monitored constraints satisfied
67.35,px4_local_ned_converted,0.01,-0.06,1.61,-0.04,0.01,0.04,100.0,PX4_TELEMETRY,SAFE,INFO,CONTINUE,RETURNING_HOME,RETURN_TO_HOME,GEOFENCE_VIOLATION,All monitored constraints satisfied
67.46,px4_local_ned_converted,0.01,-0.06,1.61,-0.05,0.01,0.04,100.0,PX4_TELEMETRY,SAFE,INFO,CONTINUE,RETURNING_HOME,RETURN_TO_HOME,GEOFENCE_VIOLATION,All monitored constraints satisfied
67.56,px4_local_ned_converted,0.01,-0.06,1.61,-0.05,0.01,0.03,100.0,PX4_TELEMETRY,SAFE,INFO,CONTINUE,RETURNING_HOME,RETURN_TO_HOME,GEOFENCE_VIOLATION,All monitored constraints satisfied
67.66,px4_local_ned_converted,0.02,-0.06,1.61,-0.05,0.01,0.03,100.0,PX4_TELEMETRY,SAFE,INFO,CONTINUE,RETURNING_HOME,RETURN_TO_HOME,GEOFENCE_VIOLATION,All monitored constraints satisfied
67.77,px4_local_ned_converted,0.02,-0.06,1.61,-0.05,0.01,0.03,100.0,PX4_TELEMETRY,SAFE,INFO,CONTINUE,RETURNING_HOME,RETURN_TO_HOME,GEOFENCE_VIOLATION,All monitored constraints satisfied
67.87,px4_local_ned_converted,0.02,-0.06,1.61,-0.05,0.01,0.03,100.0,PX4_TELEMETRY,SAFE,INFO,CONTINUE,RETURNING_HOME,RETURN_TO_HOME,GEOFENCE_VIOLATION,All monitored constraints satisfied
67.98,px4_local_ned_converted,0.02,-0.06,1.61,-0.05,0.01,0.03,100.0,PX4_TELEMETRY,SAFE,INFO,CONTINUE,RETURNING_HOME,RETURN_TO_HOME,GEOFENCE_VIOLATION,All monitored constraints satisfied
68.08,px4_local_ned_converted,0.02,-0.06,1.61,-0.05,0.01,0.03,100.0,PX4_TELEMETRY,SAFE,INFO,CONTINUE,RETURNING_HOME,RETURN_TO_HOME,GEOFENCE_VIOLATION,All monitored constraints satisfied
68.19,px4_local_ned_converted,0.02,-0.06,1.61,-0.05,0.01,0.03,100.0,PX4_TELEMETRY,SAFE,INFO,CONTINUE,RETURNING_HOME,RETURN_TO_HOME,GEOFENCE_VIOLATION,All monitored constraints satisfied
68.29,px4_local_ned_converted,0.02,-0.06,1.61,-0.06,0.01,0.03,100.0,PX4_TELEMETRY,SAFE,INFO,CONTINUE,RETURNING_HOME,RETURN_TO_HOME,GEOFENCE_VIOLATION,All monitored constraints satisfied
68.39,px4_local_ned_converted,0.02,-0.06,1.61,-0.06,0.0,0.03,100.0,PX4_TELEMETRY,SAFE,INFO,CONTINUE,RETURNING_HOME,RETURN_TO_HOME,GEOFENCE_VIOLATION,All monitored constraints satisfied
68.5,px4_local_ned_converted,0.02,-0.06,1.61,-0.06,0.0,0.03,100.0,PX4_TELEMETRY,SAFE,INFO,CONTINUE,RETURNING_HOME,RETURN_TO_HOME,GEOFENCE_VIOLATION,All monitored constraints satisfied
68.6,px4_local_ned_converted,0.02,-0.06,1.61,-0.06,0.0,0.03,100.0,PX4_TELEMETRY,SAFE,INFO,CONTINUE,RETURNING_HOME,RETURN_TO_HOME,GEOFENCE_VIOLATION,All monitored constraints satisfied
68.71,px4_local_ned_converted,0.02,-0.06,1.61,-0.06,0.0,0.04,100.0,PX4_TELEMETRY,SAFE,INFO,CONTINUE,RETURNING_HOME,RETURN_TO_HOME,GEOFENCE_VIOLATION,All monitored constraints satisfied
68.82,px4_local_ned_converted,0.02,-0.06,1.61,-0.06,0.01,0.03,100.0,PX4_TELEMETRY,SAFE,INFO,CONTINUE,RETURNING_HOME,RETURN_TO_HOME,GEOFENCE_VIOLATION,All monitored constraints satisfied
68.92,px4_local_ned_converted,0.02,-0.06,1.61,-0.06,0.01,0.03,100.0,PX4_TELEMETRY,SAFE,INFO,CONTINUE,RETURNING_HOME,RETURN_TO_HOME,GEOFENCE_VIOLATION,All monitored constraints satisfied
69.03,px4_local_ned_converted,0.02,-0.05,1.61,-0.06,0.01,0.03,100.0,PX4_TELEMETRY,SAFE,INFO,CONTINUE,RETURNING_HOME,RETURN_TO_HOME,GEOFENCE_VIOLATION,All monitored constraints satisfied
69.13,px4_local_ned_converted,0.02,-0.05,1.61,-0.06,0.0,0.03,100.0,PX4_TELEMETRY,SAFE,INFO,CONTINUE,RETURNING_HOME,RETURN_TO_HOME,GEOFENCE_VIOLATION,All monitored constraints satisfied
69.24,px4_local_ned_converted,0.02,-0.05,1.61,-0.06,0.0,0.03,100.0,PX4_TELEMETRY,SAFE,INFO,CONTINUE,RETURNING_HOME,RETURN_TO_HOME,GEOFENCE_VIOLATION,All monitored constraints satisfied
69.34,px4_local_ned_converted,0.02,-0.05,1.62,-0.06,0.0,0.03,100.0,PX4_TELEMETRY,SAFE,INFO,CONTINUE,RETURNING_HOME,RETURN_TO_HOME,GEOFENCE_VIOLATION,All monitored constraints satisfied
69.44,px4_local_ned_converted,0.02,-0.05,1.62,-0.06,-0.0,0.03,100.0,PX4_TELEMETRY,SAFE,INFO,CONTINUE,RETURNING_HOME,RETURN_TO_HOME,GEOFENCE_VIOLATION,All monitored constraints satisfied
69.55,px4_local_ned_converted,0.02,-0.05,1.62,-0.06,-0.0,0.03,100.0,PX4_TELEMETRY,SAFE,INFO,CONTINUE,RETURNING_HOME,RETURN_TO_HOME,GEOFENCE_VIOLATION,All monitored constraints satisfied
69.65,px4_local_ned_converted,0.02,-0.04,1.62,-0.06,-0.0,0.03,100.0,PX4_TELEMETRY,SAFE,INFO,CONTINUE,RETURNING_HOME,RETURN_TO_HOME,GEOFENCE_VIOLATION,All monitored constraints satisfied
69.75,px4_local_ned_converted,0.02,-0.04,1.62,-0.06,-0.0,0.03,100.0,PX4_TELEMETRY,SAFE,INFO,CONTINUE,RETURNING_HOME,RETURN_TO_HOME,GEOFENCE_VIOLATION,All monitored constraints satisfied
69.86,px4_local_ned_converted,0.02,-0.04,1.62,-0.06,-0.0,0.03,100.0,PX4_TELEMETRY,SAFE,INFO,CONTINUE,RETURNING_HOME,RETURN_TO_HOME,GEOFENCE_VIOLATION,All monitored constraints satisfied
69.96,px4_local_ned_converted,0.02,-0.04,1.62,-0.06,-0.01,0.02,100.0,PX4_TELEMETRY,SAFE,INFO,CONTINUE,RETURNING_HOME,RETURN_TO_HOME,GEOFENCE_VIOLATION,All monitored constraints satisfied
70.07,px4_local_ned_converted,0.02,-0.03,1.63,-0.05,-0.01,0.02,100.0,PX4_TELEMETRY,SAFE,INFO,CONTINUE,RETURNING_HOME,RETURN_TO_HOME,GEOFENCE_VIOLATION,All monitored constraints satisfied
70.17,px4_local_ned_converted,0.02,-0.03,1.63,-0.05,-0.01,0.02,100.0,PX4_TELEMETRY,SAFE,INFO,CONTINUE,RETURNING_HOME,RETURN_TO_HOME,GEOFENCE_VIOLATION,All monitored constraints satisfied
70.28,px4_local_ned_converted,0.01,-0.03,1.63,-0.05,-0.01,0.02,100.0,PX4_TELEMETRY,SAFE,INFO,CONTINUE,RETURNING_HOME,RETURN_TO_HOME,GEOFENCE_VIOLATION,All monitored constraints satisfied
70.38,px4_local_ned_converted,0.01,-0.03,1.63,-0.05,-0.01,0.02,100.0,PX4_TELEMETRY,SAFE,INFO,CONTINUE,RETURNING_HOME,RETURN_TO_HOME,GEOFENCE_VIOLATION,All monitored constraints satisfied
70.49,px4_local_ned_converted,0.01,-0.02,1.63,-0.05,-0.01,0.02,100.0,PX4_TELEMETRY,SAFE,INFO,CONTINUE,RETURNING_HOME,RETURN_TO_HOME,GEOFENCE_VIOLATION,All monitored constraints satisfied
70.59,px4_local_ned_converted,0.01,-0.02,1.63,-0.05,-0.01,0.02,100.0,PX4_TELEMETRY,SAFE,INFO,CONTINUE,RETURNING_HOME,RETURN_TO_HOME,GEOFENCE_VIOLATION,All monitored constraints satisfied
70.7,px4_local_ned_converted,0.01,-0.02,1.63,-0.05,-0.02,0.02,100.0,PX4_TELEMETRY,SAFE,INFO,CONTINUE,RETURNING_HOME,RETURN_TO_HOME,GEOFENCE_VIOLATION,All monitored constraints satisfied
70.8,px4_local_ned_converted,0.01,-0.02,1.63,-0.05,-0.02,0.01,100.0,PX4_TELEMETRY,SAFE,INFO,CONTINUE,RETURNING_HOME,RETURN_TO_HOME,GEOFENCE_VIOLATION,All monitored constraints satisfied
70.9,px4_local_ned_converted,0.0,-0.01,1.63,-0.05,-0.02,0.01,100.0,PX4_TELEMETRY,SAFE,INFO,CONTINUE,RETURNING_HOME,RETURN_TO_HOME,GEOFENCE_VIOLATION,All monitored constraints satisfied
71.01,px4_local_ned_converted,-0.0,-0.01,1.63,-0.05,-0.02,0.01,100.0,PX4_TELEMETRY,SAFE,INFO,CONTINUE,RETURNING_HOME,RETURN_TO_HOME,GEOFENCE_VIOLATION,All monitored constraints satisfied
71.11,px4_local_ned_converted,-0.01,-0.01,1.64,-0.05,-0.02,0.01,100.0,PX4_TELEMETRY,SAFE,INFO,CONTINUE,RETURNING_HOME,RETURN_TO_HOME,GEOFENCE_VIOLATION,All monitored constraints satisfied
71.22,px4_local_ned_converted,-0.01,-0.01,1.64,-0.05,-0.02,0.01,100.0,PX4_TELEMETRY,SAFE,INFO,CONTINUE,RETURNING_HOME,RETURN_TO_HOME,GEOFENCE_VIOLATION,All monitored constraints satisfied
71.33,px4_local_ned_converted,-0.01,-0.01,1.64,-0.05,-0.03,0.01,100.0,PX4_TELEMETRY,SAFE,INFO,CONTINUE,RETURNING_HOME,RETURN_TO_HOME,GEOFENCE_VIOLATION,All monitored constraints satisfied
71.43,px4_local_ned_converted,-0.02,-0.01,1.64,-0.05,-0.03,0.01,100.0,PX4_TELEMETRY,SAFE,INFO,CONTINUE,RETURNING_HOME,RETURN_TO_HOME,GEOFENCE_VIOLATION,All monitored constraints satisfied
71.53,px4_local_ned_converted,-0.02,-0.01,1.64,-0.04,-0.03,0.01,100.0,PX4_TELEMETRY,SAFE,INFO,CONTINUE,RETURNING_HOME,RETURN_TO_HOME,GEOFENCE_VIOLATION,All monitored constraints satisfied
71.64,px4_local_ned_converted,-0.02,-0.0,1.64,-0.04,-0.03,0.01,100.0,PX4_TELEMETRY,SAFE,INFO,CONTINUE,RETURNING_HOME,RETURN_TO_HOME,GEOFENCE_VIOLATION,All monitored constraints satisfied
71.74,px4_local_ned_converted,-0.02,-0.0,1.64,-0.04,-0.04,0.01,100.0,PX4_TELEMETRY,SAFE,INFO,CONTINUE,RETURNING_HOME,RETURN_TO_HOME,GEOFENCE_VIOLATION,All monitored constraints satisfied
71.85,px4_local_ned_converted,-0.02,-0.0,1.64,-0.03,-0.04,0.01,100.0,PX4_TELEMETRY,SAFE,INFO,CONTINUE,RETURNING_HOME,RETURN_TO_HOME,GEOFENCE_VIOLATION,All monitored constraints satisfied
71.95,px4_local_ned_converted,-0.02,-0.0,1.64,-0.03,-0.04,0.01,100.0,PX4_TELEMETRY,SAFE,INFO,CONTINUE,RETURNING_HOME,RETURN_TO_HOME,GEOFENCE_VIOLATION,All monitored constraints satisfied
72.06,px4_local_ned_converted,-0.02,0.0,1.64,-0.03,-0.04,0.01,100.0,PX4_TELEMETRY,SAFE,INFO,CONTINUE,RETURNING_HOME,RETURN_TO_HOME,GEOFENCE_VIOLATION,All monitored constraints satisfied
72.16,px4_local_ned_converted,-0.02,0.01,1.64,-0.03,-0.04,0.01,100.0,PX4_TELEMETRY,SAFE,INFO,CONTINUE,RETURNING_HOME,RETURN_TO_HOME,GEOFENCE_VIOLATION,All monitored constraints satisfied
72.26,px4_local_ned_converted,-0.03,0.01,1.64,-0.03,-0.04,0.01,100.0,PX4_TELEMETRY,SAFE,INFO,CONTINUE,RETURNING_HOME,RETURN_TO_HOME,GEOFENCE_VIOLATION,All monitored constraints satisfied
72.37,px4_local_ned_converted,-0.03,0.01,1.64,-0.03,-0.04,0.0,100.0,PX4_TELEMETRY,SAFE,INFO,CONTINUE,RETURNING_HOME,RETURN_TO_HOME,GEOFENCE_VIOLATION,All monitored constraints satisfied
72.47,px4_local_ned_converted,-0.03,0.01,1.65,-0.03,-0.04,0.0,100.0,PX4_TELEMETRY,SAFE,INFO,CONTINUE,RETURNING_HOME,RETURN_TO_HOME,GEOFENCE_VIOLATION,All monitored constraints satisfied
72.58,px4_local_ned_converted,-0.03,0.01,1.65,-0.03,-0.04,0.0,100.0,PX4_TELEMETRY,SAFE,INFO,CONTINUE,RETURNING_HOME,RETURN_TO_HOME,GEOFENCE_VIOLATION,All monitored constraints satisfied
72.68,px4_local_ned_converted,-0.03,0.01,1.65,-0.03,-0.05,-0.0,100.0,PX4_TELEMETRY,SAFE,INFO,CONTINUE,RETURNING_HOME,RETURN_TO_HOME,GEOFENCE_VIOLATION,All monitored constraints satisfied
72.78,px4_local_ned_converted,-0.03,0.01,1.65,-0.02,-0.05,-0.0,100.0,PX4_TELEMETRY,SAFE,INFO,CONTINUE,RETURNING_HOME,RETURN_TO_HOME,GEOFENCE_VIOLATION,All monitored constraints satisfied
72.89,px4_local_ned_converted,-0.03,0.01,1.65,-0.02,-0.05,-0.0,100.0,PX4_TELEMETRY,SAFE,INFO,CONTINUE,RETURNING_HOME,RETURN_TO_HOME,GEOFENCE_VIOLATION,All monitored constraints satisfied
72.99,px4_local_ned_converted,-0.03,0.0,1.65,-0.02,-0.05,-0.0,100.0,PX4_TELEMETRY,SAFE,INFO,CONTINUE,RETURNING_HOME,RETURN_TO_HOME,GEOFENCE_VIOLATION,All monitored constraints satisfied
73.1,px4_local_ned_converted,-0.03,0.0,1.65,-0.02,-0.05,-0.0,100.0,PX4_TELEMETRY,SAFE,INFO,CONTINUE,RETURNING_HOME,RETURN_TO_HOME,GEOFENCE_VIOLATION,All monitored constraints satisfied
73.2,px4_local_ned_converted,-0.03,0.0,1.65,-0.02,-0.05,-0.0,100.0,PX4_TELEMETRY,SAFE,INFO,CONTINUE,RETURNING_HOME,RETURN_TO_HOME,GEOFENCE_VIOLATION,All monitored constraints satisfied
73.31,px4_local_ned_converted,-0.03,0.0,1.65,-0.02,-0.05,-0.0,100.0,PX4_TELEMETRY,SAFE,INFO,CONTINUE,RETURNING_HOME,RETURN_TO_HOME,GEOFENCE_VIOLATION,All monitored constraints satisfied
73.41,px4_local_ned_converted,-0.03,0.0,1.65,-0.02,-0.05,-0.0,100.0,PX4_TELEMETRY,SAFE,INFO,CONTINUE,RETURNING_HOME,RETURN_TO_HOME,GEOFENCE_VIOLATION,All monitored constraints satisfied
73.51,px4_local_ned_converted,-0.03,0.0,1.65,-0.02,-0.05,-0.0,100.0,PX4_TELEMETRY,SAFE,INFO,CONTINUE,RETURNING_HOME,RETURN_TO_HOME,GEOFENCE_VIOLATION,All monitored constraints satisfied
73.62,px4_local_ned_converted,-0.03,0.0,1.65,-0.02,-0.05,-0.0,100.0,PX4_TELEMETRY,SAFE,INFO,CONTINUE,RETURNING_HOME,RETURN_TO_HOME,GEOFENCE_VIOLATION,All monitored constraints satisfied
73.72,px4_local_ned_converted,-0.03,-0.0,1.65,-0.02,-0.05,-0.0,100.0,PX4_TELEMETRY,SAFE,INFO,CONTINUE,RETURNING_HOME,RETURN_TO_HOME,GEOFENCE_VIOLATION,All monitored constraints satisfied
73.83,px4_local_ned_converted,-0.03,-0.0,1.65,-0.02,-0.05,-0.0,100.0,PX4_TELEMETRY,SAFE,INFO,CONTINUE,RETURNING_HOME,RETURN_TO_HOME,GEOFENCE_VIOLATION,All monitored constraints satisfied
73.93,px4_local_ned_converted,-0.03,-0.01,1.65,-0.02,-0.05,-0.0,100.0,PX4_TELEMETRY,SAFE,INFO,CONTINUE,RETURNING_HOME,RETURN_TO_HOME,GEOFENCE_VIOLATION,All monitored constraints satisfied
74.03,px4_local_ned_converted,-0.03,-0.01,1.65,-0.02,-0.05,-0.0,100.0,PX4_TELEMETRY,SAFE,INFO,CONTINUE,RETURNING_HOME,RETURN_TO_HOME,GEOFENCE_VIOLATION,All monitored constraints satisfied
74.14,px4_local_ned_converted,-0.03,-0.01,1.65,-0.02,-0.04,-0.01,100.0,PX4_TELEMETRY,SAFE,INFO,CONTINUE,RETURNING_HOME,RETURN_TO_HOME,GEOFENCE_VIOLATION,All monitored constraints satisfied
74.24,px4_local_ned_converted,-0.04,-0.01,1.65,-0.01,-0.04,-0.01,100.0,PX4_TELEMETRY,SAFE,INFO,CONTINUE,RETURNING_HOME,RETURN_TO_HOME,GEOFENCE_VIOLATION,All monitored constraints satisfied
74.35,px4_local_ned_converted,-0.04,-0.02,1.65,-0.01,-0.04,-0.01,100.0,PX4_TELEMETRY,SAFE,INFO,CONTINUE,RETURNING_HOME,RETURN_TO_HOME,GEOFENCE_VIOLATION,All monitored constraints satisfied
74.45,px4_local_ned_converted,-0.03,-0.02,1.65,-0.01,-0.04,-0.01,100.0,PX4_TELEMETRY,SAFE,INFO,CONTINUE,RETURNING_HOME,RETURN_TO_HOME,GEOFENCE_VIOLATION,All monitored constraints satisfied
74.56,px4_local_ned_converted,-0.03,-0.02,1.65,-0.01,-0.04,-0.01,100.0,PX4_TELEMETRY,SAFE,INFO,CONTINUE,RETURNING_HOME,RETURN_TO_HOME,GEOFENCE_VIOLATION,All monitored constraints satisfied
74.66,px4_local_ned_converted,-0.04,-0.02,1.65,-0.01,-0.04,-0.01,100.0,PX4_TELEMETRY,SAFE,INFO,CONTINUE,RETURNING_HOME,RETURN_TO_HOME,GEOFENCE_VIOLATION,All monitored constraints satisfied
74.76,px4_local_ned_converted,-0.03,-0.02,1.65,-0.01,-0.04,-0.01,100.0,PX4_TELEMETRY,SAFE,INFO,CONTINUE,RETURNING_HOME,RETURN_TO_HOME,GEOFENCE_VIOLATION,All monitored constraints satisfied
74.87,px4_local_ned_converted,-0.03,-0.02,1.66,-0.01,-0.03,-0.01,100.0,PX4_TELEMETRY,SAFE,INFO,CONTINUE,RETURNING_HOME,RETURN_TO_HOME,GEOFENCE_VIOLATION,All monitored constraints satisfied
74.97,px4_local_ned_converted,-0.03,-0.02,1.66,-0.01,-0.03,-0.01,100.0,PX4_TELEMETRY,SAFE,INFO,CONTINUE,RETURNING_HOME,RETURN_TO_HOME,GEOFENCE_VIOLATION,All monitored constraints satisfied
75.08,px4_local_ned_converted,-0.03,-0.02,1.66,-0.01,-0.03,-0.01,100.0,PX4_TELEMETRY,SAFE,INFO,CONTINUE,RETURNING_HOME,RETURN_TO_HOME,GEOFENCE_VIOLATION,All monitored constraints satisfied
75.18,px4_local_ned_converted,-0.03,-0.02,1.66,-0.01,-0.03,-0.01,100.0,PX4_TELEMETRY,SAFE,INFO,CONTINUE,RETURNING_HOME,RETURN_TO_HOME,GEOFENCE_VIOLATION,All monitored constraints satisfied
75.29,px4_local_ned_converted,-0.03,-0.02,1.66,-0.01,-0.03,-0.01,100.0,PX4_TELEMETRY,SAFE,INFO,CONTINUE,RETURNING_HOME,RETURN_TO_HOME,GEOFENCE_VIOLATION,All monitored constraints satisfied
75.4,px4_local_ned_converted,-0.03,-0.02,1.66,-0.01,-0.03,-0.02,100.0,PX4_TELEMETRY,SAFE,INFO,CONTINUE,RETURNING_HOME,RETURN_TO_HOME,GEOFENCE_VIOLATION,All monitored constraints satisfied
75.5,px4_local_ned_converted,-0.03,-0.02,1.66,-0.01,-0.03,-0.02,100.0,PX4_TELEMETRY,SAFE,INFO,CONTINUE,RETURNING_HOME,RETURN_TO_HOME,GEOFENCE_VIOLATION,All monitored constraints satisfied
75.6,px4_local_ned_converted,-0.02,-0.02,1.66,-0.01,-0.03,-0.02,100.0,PX4_TELEMETRY,SAFE,INFO,CONTINUE,RETURNING_HOME,RETURN_TO_HOME,GEOFENCE_VIOLATION,All monitored constraints satisfied
75.71,px4_local_ned_converted,-0.02,-0.02,1.66,-0.01,-0.03,-0.02,100.0,PX4_TELEMETRY,SAFE,INFO,CONTINUE,RETURNING_HOME,RETURN_TO_HOME,GEOFENCE_VIOLATION,All monitored constraints satisfied
75.81,px4_local_ned_converted,-0.02,-0.02,1.66,-0.01,-0.03,-0.02,100.0,PX4_TELEMETRY,SAFE,INFO,CONTINUE,RETURNING_HOME,RETURN_TO_HOME,GEOFENCE_VIOLATION,All monitored constraints satisfied
75.92,px4_local_ned_converted,-0.02,-0.02,1.66,-0.01,-0.03,-0.02,100.0,PX4_TELEMETRY,SAFE,INFO,CONTINUE,RETURNING_HOME,RETURN_TO_HOME,GEOFENCE_VIOLATION,All monitored constraints satisfied
76.02,px4_local_ned_converted,-0.02,-0.02,1.67,-0.01,-0.03,-0.02,100.0,PX4_TELEMETRY,SAFE,INFO,CONTINUE,RETURNING_HOME,RETURN_TO_HOME,GEOFENCE_VIOLATION,All monitored constraints satisfied
76.13,px4_local_ned_converted,-0.02,-0.02,1.67,-0.02,-0.03,-0.02,100.0,PX4_TELEMETRY,SAFE,INFO,CONTINUE,RETURNING_HOME,RETURN_TO_HOME,GEOFENCE_VIOLATION,All monitored constraints satisfied
76.23,px4_local_ned_converted,-0.02,-0.03,1.67,-0.02,-0.03,-0.02,100.0,PX4_TELEMETRY,SAFE,INFO,CONTINUE,RETURNING_HOME,RETURN_TO_HOME,GEOFENCE_VIOLATION,All monitored constraints satisfied
76.34,px4_local_ned_converted,-0.02,-0.03,1.67,-0.02,-0.03,-0.03,100.0,PX4_TELEMETRY,SAFE,INFO,CONTINUE,RETURNING_HOME,RETURN_TO_HOME,GEOFENCE_VIOLATION,All monitored constraints satisfied
76.44,px4_local_ned_converted,-0.02,-0.02,1.68,-0.02,-0.03,-0.03,100.0,PX4_TELEMETRY,SAFE,INFO,CONTINUE,RETURNING_HOME,RETURN_TO_HOME,GEOFENCE_VIOLATION,All monitored constraints satisfied
76.54,px4_local_ned_converted,-0.02,-0.02,1.68,-0.02,-0.03,-0.03,100.0,PX4_TELEMETRY,SAFE,INFO,CONTINUE,RETURNING_HOME,RETURN_TO_HOME,GEOFENCE_VIOLATION,All monitored constraints satisfied
76.65,px4_local_ned_converted,-0.02,-0.02,1.68,-0.02,-0.03,-0.03,100.0,PX4_TELEMETRY,SAFE,INFO,CONTINUE,RETURNING_HOME,RETURN_TO_HOME,GEOFENCE_VIOLATION,All monitored constraints satisfied
76.75,px4_local_ned_converted,-0.02,-0.02,1.68,-0.02,-0.03,-0.03,100.0,PX4_TELEMETRY,SAFE,INFO,CONTINUE,RETURNING_HOME,RETURN_TO_HOME,GEOFENCE_VIOLATION,All monitored constraints satisfied
76.86,px4_local_ned_converted,-0.02,-0.02,1.68,-0.02,-0.03,-0.03,100.0,PX4_TELEMETRY,SAFE,INFO,CONTINUE,RETURNING_HOME,RETURN_TO_HOME,GEOFENCE_VIOLATION,All monitored constraints satisfied
76.96,px4_local_ned_converted,-0.03,-0.02,1.68,-0.02,-0.03,-0.04,100.0,PX4_TELEMETRY,SAFE,INFO,CONTINUE,RETURNING_HOME,RETURN_TO_HOME,GEOFENCE_VIOLATION,All monitored constraints satisfied
77.06,px4_local_ned_converted,-0.03,-0.02,1.68,-0.02,-0.03,-0.04,100.0,PX4_TELEMETRY,SAFE,INFO,CONTINUE,RETURNING_HOME,RETURN_TO_HOME,GEOFENCE_VIOLATION,All monitored constraints satisfied
77.17,px4_local_ned_converted,-0.03,-0.02,1.68,-0.02,-0.03,-0.04,100.0,PX4_TELEMETRY,SAFE,INFO,CONTINUE,RETURNING_HOME,RETURN_TO_HOME,GEOFENCE_VIOLATION,All monitored constraints satisfied
77.27,px4_local_ned_converted,-0.03,-0.02,1.68,-0.01,-0.03,-0.04,100.0,PX4_TELEMETRY,SAFE,INFO,CONTINUE,RETURNING_HOME,RETURN_TO_HOME,GEOFENCE_VIOLATION,All monitored constraints satisfied
77.38,px4_local_ned_converted,-0.03,-0.02,1.68,-0.01,-0.03,-0.04,100.0,PX4_TELEMETRY,SAFE,INFO,CONTINUE,RETURNING_HOME,RETURN_TO_HOME,GEOFENCE_VIOLATION,All monitored constraints satisfied
77.48,px4_local_ned_converted,-0.03,-0.02,1.68,-0.01,-0.03,-0.04,100.0,PX4_TELEMETRY,SAFE,INFO,CONTINUE,RETURNING_HOME,RETURN_TO_HOME,GEOFENCE_VIOLATION,All monitored constraints satisfied
77.59,px4_local_ned_converted,-0.03,-0.02,1.69,-0.01,-0.03,-0.04,100.0,PX4_TELEMETRY,SAFE,INFO,CONTINUE,RETURNING_HOME,RETURN_TO_HOME,GEOFENCE_VIOLATION,All monitored constraints satisfied
77.69,px4_local_ned_converted,-0.03,-0.01,1.69,-0.01,-0.03,-0.04,100.0,PX4_TELEMETRY,SAFE,INFO,CONTINUE,RETURNING_HOME,RETURN_TO_HOME,GEOFENCE_VIOLATION,All monitored constraints satisfied
77.79,px4_local_ned_converted,-0.02,-0.01,1.69,-0.01,-0.03,-0.04,100.0,PX4_TELEMETRY,SAFE,INFO,CONTINUE,RETURNING_HOME,RETURN_TO_HOME,GEOFENCE_VIOLATION,All monitored constraints satisfied
77.9,px4_local_ned_converted,-0.02,-0.01,1.69,-0.01,-0.04,-0.04,100.0,PX4_TELEMETRY,SAFE,INFO,CONTINUE,RETURNING_HOME,RETURN_TO_HOME,GEOFENCE_VIOLATION,All monitored constraints satisfied
78.0,px4_local_ned_converted,-0.02,-0.01,1.69,-0.01,-0.04,-0.04,100.0,PX4_TELEMETRY,SAFE,INFO,CONTINUE,RETURNING_HOME,RETURN_TO_HOME,GEOFENCE_VIOLATION,All monitored constraints satisfied
78.11,px4_local_ned_converted,-0.02,-0.01,1.69,-0.01,-0.04,-0.04,100.0,PX4_TELEMETRY,SAFE,INFO,CONTINUE,RETURNING_HOME,RETURN_TO_HOME,GEOFENCE_VIOLATION,All monitored constraints satisfied
78.21,px4_local_ned_converted,-0.02,-0.01,1.69,-0.01,-0.04,-0.05,100.0,PX4_TELEMETRY,SAFE,INFO,CONTINUE,RETURNING_HOME,RETURN_TO_HOME,GEOFENCE_VIOLATION,All monitored constraints satisfied
78.31,px4_local_ned_converted,-0.02,-0.01,1.69,-0.01,-0.04,-0.05,100.0,PX4_TELEMETRY,SAFE,INFO,CONTINUE,RETURNING_HOME,RETURN_TO_HOME,GEOFENCE_VIOLATION,All monitored constraints satisfied
78.42,px4_local_ned_converted,-0.02,-0.01,1.69,-0.01,-0.04,-0.04,100.0,PX4_TELEMETRY,SAFE,INFO,CONTINUE,RETURNING_HOME,RETURN_TO_HOME,GEOFENCE_VIOLATION,All monitored constraints satisfied
78.52,px4_local_ned_converted,-0.03,-0.01,1.7,-0.01,-0.04,-0.05,100.0,PX4_TELEMETRY,SAFE,INFO,CONTINUE,RETURNING_HOME,RETURN_TO_HOME,GEOFENCE_VIOLATION,All monitored constraints satisfied
78.63,px4_local_ned_converted,-0.03,-0.01,1.7,-0.01,-0.04,-0.05,100.0,PX4_TELEMETRY,SAFE,INFO,CONTINUE,RETURNING_HOME,RETURN_TO_HOME,GEOFENCE_VIOLATION,All monitored constraints satisfied
78.73,px4_local_ned_converted,-0.03,-0.01,1.7,-0.01,-0.04,-0.05,100.0,PX4_TELEMETRY,SAFE,INFO,CONTINUE,RETURNING_HOME,RETURN_TO_HOME,GEOFENCE_VIOLATION,All monitored constraints satisfied
78.84,px4_local_ned_converted,-0.04,-0.01,1.7,-0.01,-0.04,-0.05,100.0,PX4_TELEMETRY,SAFE,INFO,CONTINUE,RETURNING_HOME,RETURN_TO_HOME,GEOFENCE_VIOLATION,All monitored constraints satisfied
78.94,px4_local_ned_converted,-0.04,-0.01,1.7,-0.01,-0.04,-0.05,100.0,PX4_TELEMETRY,SAFE,INFO,CONTINUE,RETURNING_HOME,RETURN_TO_HOME,GEOFENCE_VIOLATION,All monitored constraints satisfied
79.04,px4_local_ned_converted,-0.04,-0.01,1.7,-0.01,-0.04,-0.06,100.0,PX4_TELEMETRY,SAFE,INFO,CONTINUE,RETURNING_HOME,RETURN_TO_HOME,GEOFENCE_VIOLATION,All monitored constraints satisfied
79.15,px4_local_ned_converted,-0.05,-0.01,1.7,-0.01,-0.04,-0.06,100.0,PX4_TELEMETRY,SAFE,INFO,CONTINUE,RETURNING_HOME,RETURN_TO_HOME,GEOFENCE_VIOLATION,All monitored constraints satisfied
79.25,px4_local_ned_converted,-0.05,-0.0,1.71,-0.0,-0.04,-0.05,100.0,PX4_TELEMETRY,SAFE,INFO,CONTINUE,RETURNING_HOME,RETURN_TO_HOME,GEOFENCE_VIOLATION,All monitored constraints satisfied
79.35,px4_local_ned_converted,-0.05,-0.0,1.71,-0.0,-0.04,-0.06,100.0,PX4_TELEMETRY,SAFE,INFO,CONTINUE,RETURNING_HOME,RETURN_TO_HOME,GEOFENCE_VIOLATION,All monitored constraints satisfied
79.46,px4_local_ned_converted,-0.06,-0.0,1.71,0.0,-0.04,-0.06,100.0,PX4_TELEMETRY,SAFE,INFO,CONTINUE,RETURNING_HOME,RETURN_TO_HOME,GEOFENCE_VIOLATION,All monitored constraints satisfied
79.56,px4_local_ned_converted,-0.06,-0.0,1.71,0.0,-0.04,-0.06,100.0,PX4_TELEMETRY,SAFE,INFO,CONTINUE,RETURNING_HOME,RETURN_TO_HOME,GEOFENCE_VIOLATION,All monitored constraints satisfied
79.67,px4_local_ned_converted,-0.06,0.0,1.71,0.01,-0.04,-0.06,100.0,PX4_TELEMETRY,SAFE,INFO,CONTINUE,RETURNING_HOME,RETURN_TO_HOME,GEOFENCE_VIOLATION,All monitored constraints satisfied
79.77,px4_local_ned_converted,-0.06,0.01,1.71,0.01,-0.04,-0.06,100.0,PX4_TELEMETRY,SAFE,INFO,CONTINUE,RETURNING_HOME,RETURN_TO_HOME,GEOFENCE_VIOLATION,All monitored constraints satisfied
79.87,px4_local_ned_converted,-0.06,0.01,1.71,0.01,-0.05,-0.07,100.0,PX4_TELEMETRY,SAFE,INFO,CONTINUE,RETURNING_HOME,RETURN_TO_HOME,GEOFENCE_VIOLATION,All monitored constraints satisfied
79.98,px4_local_ned_converted,-0.06,0.01,1.71,0.01,-0.05,-0.07,100.0,PX4_TELEMETRY,SAFE,INFO,CONTINUE,RETURNING_HOME,RETURN_TO_HOME,GEOFENCE_VIOLATION,All monitored constraints satisfied
80.08,px4_local_ned_converted,-0.07,0.01,1.71,0.01,-0.05,-0.07,100.0,PX4_TELEMETRY,SAFE,INFO,CONTINUE,RETURNING_HOME,RETURN_TO_HOME,GEOFENCE_VIOLATION,All monitored constraints satisfied
80.19,px4_local_ned_converted,-0.07,0.01,1.71,0.01,-0.05,-0.07,100.0,PX4_TELEMETRY,SAFE,INFO,CONTINUE,RETURNING_HOME,RETURN_TO_HOME,GEOFENCE_VIOLATION,All monitored constraints satisfied
80.29,px4_local_ned_converted,-0.07,0.01,1.71,0.01,-0.06,-0.07,100.0,PX4_TELEMETRY,SAFE,INFO,CONTINUE,RETURNING_HOME,RETURN_TO_HOME,GEOFENCE_VIOLATION,All monitored constraints satisfied
80.41,px4_local_ned_converted,-0.07,0.02,1.71,0.02,-0.06,-0.06,100.0,PX4_TELEMETRY,SAFE,INFO,CONTINUE,RETURNING_HOME,RETURN_TO_HOME,GEOFENCE_VIOLATION,All monitored constraints satisfied
80.51,px4_local_ned_converted,-0.07,0.02,1.71,0.02,-0.06,-0.06,100.0,PX4_TELEMETRY,SAFE,INFO,CONTINUE,RETURNING_HOME,RETURN_TO_HOME,GEOFENCE_VIOLATION,All monitored constraints satisfied
80.61,px4_local_ned_converted,-0.07,0.02,1.71,0.02,-0.06,-0.06,100.0,PX4_TELEMETRY,SAFE,INFO,CONTINUE,RETURNING_HOME,RETURN_TO_HOME,GEOFENCE_VIOLATION,All monitored constraints satisfied
80.72,px4_local_ned_converted,-0.07,0.02,1.71,0.02,-0.06,-0.06,100.0,PX4_TELEMETRY,SAFE,INFO,CONTINUE,RETURNING_HOME,RETURN_TO_HOME,GEOFENCE_VIOLATION,All monitored constraints satisfied
80.82,px4_local_ned_converted,-0.07,0.02,1.71,0.02,-0.06,-0.06,100.0,PX4_TELEMETRY,SAFE,INFO,CONTINUE,RETURNING_HOME,RETURN_TO_HOME,GEOFENCE_VIOLATION,All monitored constraints satisfied
80.93,px4_local_ned_converted,-0.08,0.02,1.71,0.02,-0.06,-0.06,100.0,PX4_TELEMETRY,SAFE,INFO,CONTINUE,RETURNING_HOME,RETURN_TO_HOME,GEOFENCE_VIOLATION,All monitored constraints satisfied
81.03,px4_local_ned_converted,-0.08,0.02,1.7,0.02,-0.06,-0.06,100.0,PX4_TELEMETRY,SAFE,INFO,CONTINUE,RETURNING_HOME,RETURN_TO_HOME,GEOFENCE_VIOLATION,All monitored constraints satisfied
81.14,px4_local_ned_converted,-0.08,0.02,1.7,0.02,-0.06,-0.06,100.0,PX4_TELEMETRY,SAFE,INFO,CONTINUE,RETURNING_HOME,RETURN_TO_HOME,GEOFENCE_VIOLATION,All monitored constraints satisfied
81.24,px4_local_ned_converted,-0.08,0.02,1.7,0.02,-0.06,-0.05,100.0,PX4_TELEMETRY,SAFE,INFO,CONTINUE,RETURNING_HOME,RETURN_TO_HOME,GEOFENCE_VIOLATION,All monitored constraints satisfied
81.34,px4_local_ned_converted,-0.08,0.02,1.7,0.02,-0.06,-0.05,100.0,PX4_TELEMETRY,SAFE,INFO,CONTINUE,RETURNING_HOME,RETURN_TO_HOME,GEOFENCE_VIOLATION,All monitored constraints satisfied
81.45,px4_local_ned_converted,-0.08,0.02,1.7,0.03,-0.06,-0.05,100.0,PX4_TELEMETRY,SAFE,INFO,CONTINUE,RETURNING_HOME,RETURN_TO_HOME,GEOFENCE_VIOLATION,All monitored constraints satisfied
81.55,px4_local_ned_converted,-0.08,0.01,1.7,0.03,-0.06,-0.05,100.0,PX4_TELEMETRY,SAFE,INFO,CONTINUE,RETURNING_HOME,RETURN_TO_HOME,GEOFENCE_VIOLATION,All monitored constraints satisfied
81.65,px4_local_ned_converted,-0.07,0.02,1.7,0.03,-0.06,-0.05,100.0,PX4_TELEMETRY,SAFE,INFO,CONTINUE,RETURNING_HOME,RETURN_TO_HOME,GEOFENCE_VIOLATION,All monitored constraints satisfied
81.76,px4_local_ned_converted,-0.07,0.01,1.7,0.03,-0.06,-0.05,100.0,PX4_TELEMETRY,SAFE,INFO,CONTINUE,RETURNING_HOME,RETURN_TO_HOME,GEOFENCE_VIOLATION,All monitored constraints satisfied
81.86,px4_local_ned_converted,-0.07,0.01,1.7,0.03,-0.06,-0.05,100.0,PX4_TELEMETRY,SAFE,INFO,CONTINUE,RETURNING_HOME,RETURN_TO_HOME,GEOFENCE_VIOLATION,All monitored constraints satisfied
81.96,px4_local_ned_converted,-0.07,0.01,1.7,0.03,-0.06,-0.05,100.0,PX4_TELEMETRY,SAFE,INFO,CONTINUE,RETURNING_HOME,RETURN_TO_HOME,GEOFENCE_VIOLATION,All monitored constraints satisfied
82.07,px4_local_ned_converted,-0.07,0.01,1.7,0.03,-0.06,-0.05,100.0,PX4_TELEMETRY,SAFE,INFO,CONTINUE,RETURNING_HOME,RETURN_TO_HOME,GEOFENCE_VIOLATION,All monitored constraints satisfied
82.17,px4_local_ned_converted,-0.07,0.01,1.69,0.03,-0.06,-0.05,100.0,PX4_TELEMETRY,SAFE,INFO,CONTINUE,RETURNING_HOME,RETURN_TO_HOME,GEOFENCE_VIOLATION,All monitored constraints satisfied
82.28,px4_local_ned_converted,-0.07,0.01,1.69,0.02,-0.06,-0.05,100.0,PX4_TELEMETRY,SAFE,INFO,CONTINUE,RETURNING_HOME,RETURN_TO_HOME,GEOFENCE_VIOLATION,All monitored constraints satisfied
82.38,px4_local_ned_converted,-0.07,0.01,1.69,0.02,-0.06,-0.05,100.0,PX4_TELEMETRY,SAFE,INFO,CONTINUE,RETURNING_HOME,RETURN_TO_HOME,GEOFENCE_VIOLATION,All monitored constraints satisfied
82.49,px4_local_ned_converted,-0.07,0.01,1.69,0.02,-0.06,-0.04,100.0,PX4_TELEMETRY,SAFE,INFO,CONTINUE,RETURNING_HOME,RETURN_TO_HOME,GEOFENCE_VIOLATION,All monitored constraints satisfied
82.59,px4_local_ned_converted,-0.07,0.01,1.69,0.02,-0.05,-0.04,100.0,PX4_TELEMETRY,SAFE,INFO,CONTINUE,RETURNING_HOME,RETURN_TO_HOME,GEOFENCE_VIOLATION,All monitored constraints satisfied
82.7,px4_local_ned_converted,-0.06,0.01,1.69,0.02,-0.05,-0.04,100.0,PX4_TELEMETRY,SAFE,INFO,CONTINUE,RETURNING_HOME,RETURN_TO_HOME,GEOFENCE_VIOLATION,All monitored constraints satisfied
82.8,px4_local_ned_converted,-0.06,0.01,1.69,0.02,-0.05,-0.04,100.0,PX4_TELEMETRY,SAFE,INFO,CONTINUE,RETURNING_HOME,RETURN_TO_HOME,GEOFENCE_VIOLATION,All monitored constraints satisfied
82.9,px4_local_ned_converted,-0.06,0.0,1.68,0.02,-0.05,-0.04,100.0,PX4_TELEMETRY,SAFE,INFO,CONTINUE,RETURNING_HOME,RETURN_TO_HOME,GEOFENCE_VIOLATION,All monitored constraints satisfied
83.01,px4_local_ned_converted,-0.06,0.0,1.68,0.02,-0.05,-0.04,100.0,PX4_TELEMETRY,SAFE,INFO,CONTINUE,RETURNING_HOME,RETURN_TO_HOME,GEOFENCE_VIOLATION,All monitored constraints satisfied
83.11,px4_local_ned_converted,-0.06,0.0,1.68,0.02,-0.05,-0.04,100.0,PX4_TELEMETRY,SAFE,INFO,CONTINUE,RETURNING_HOME,RETURN_TO_HOME,GEOFENCE_VIOLATION,All monitored constraints satisfied
83.21,px4_local_ned_converted,-0.05,-0.0,1.67,0.02,-0.05,-0.03,100.0,PX4_TELEMETRY,SAFE,INFO,CONTINUE,RETURNING_HOME,RETURN_TO_HOME,GEOFENCE_VIOLATION,All monitored constraints satisfied
83.32,px4_local_ned_converted,-0.05,-0.0,1.67,0.02,-0.05,-0.03,100.0,PX4_TELEMETRY,SAFE,INFO,CONTINUE,RETURNING_HOME,RETURN_TO_HOME,GEOFENCE_VIOLATION,All monitored constraints satisfied
83.43,px4_local_ned_converted,-0.05,-0.01,1.67,0.01,-0.05,-0.03,100.0,PX4_TELEMETRY,SAFE,INFO,CONTINUE,RETURNING_HOME,RETURN_TO_HOME,GEOFENCE_VIOLATION,All monitored constraints satisfied
83.53,px4_local_ned_converted,-0.05,-0.01,1.67,0.01,-0.05,-0.02,100.0,PX4_TELEMETRY,SAFE,INFO,CONTINUE,RETURNING_HOME,RETURN_TO_HOME,GEOFENCE_VIOLATION,All monitored constraints satisfied
83.64,px4_local_ned_converted,-0.05,-0.02,1.66,0.01,-0.05,-0.02,100.0,PX4_TELEMETRY,SAFE,INFO,CONTINUE,RETURNING_HOME,RETURN_TO_HOME,GEOFENCE_VIOLATION,All monitored constraints satisfied
83.74,px4_local_ned_converted,-0.05,-0.02,1.66,0.01,-0.05,-0.02,100.0,PX4_TELEMETRY,SAFE,INFO,CONTINUE,RETURNING_HOME,RETURN_TO_HOME,GEOFENCE_VIOLATION,All monitored constraints satisfied
83.84,px4_local_ned_converted,-0.05,-0.02,1.66,0.01,-0.05,-0.01,100.0,PX4_TELEMETRY,SAFE,INFO,CONTINUE,RETURNING_HOME,RETURN_TO_HOME,GEOFENCE_VIOLATION,All monitored constraints satisfied
83.95,px4_local_ned_converted,-0.05,-0.03,1.65,0.01,-0.04,-0.01,100.0,PX4_TELEMETRY,SAFE,INFO,CONTINUE,RETURNING_HOME,RETURN_TO_HOME,GEOFENCE_VIOLATION,All monitored constraints satisfied
84.05,px4_local_ned_converted,-0.05,-0.03,1.65,0.01,-0.04,-0.01,100.0,PX4_TELEMETRY,SAFE,INFO,CONTINUE,RETURNING_HOME,RETURN_TO_HOME,GEOFENCE_VIOLATION,All monitored constraints satisfied
84.16,px4_local_ned_converted,-0.05,-0.03,1.65,0.01,-0.04,-0.0,100.0,PX4_TELEMETRY,SAFE,INFO,CONTINUE,RETURNING_HOME,RETURN_TO_HOME,GEOFENCE_VIOLATION,All monitored constraints satisfied
84.26,px4_local_ned_converted,-0.05,-0.03,1.65,0.01,-0.04,-0.0,100.0,PX4_TELEMETRY,SAFE,INFO,CONTINUE,RETURNING_HOME,RETURN_TO_HOME,GEOFENCE_VIOLATION,All monitored constraints satisfied
84.37,px4_local_ned_converted,-0.05,-0.03,1.65,0.01,-0.03,-0.0,100.0,PX4_TELEMETRY,SAFE,INFO,CONTINUE,RETURNING_HOME,RETURN_TO_HOME,GEOFENCE_VIOLATION,All monitored constraints satisfied
84.47,px4_local_ned_converted,-0.05,-0.04,1.65,0.01,-0.03,-0.01,100.0,PX4_TELEMETRY,SAFE,INFO,CONTINUE,RETURNING_HOME,RETURN_TO_HOME,GEOFENCE_VIOLATION,All monitored constraints satisfied
84.58,px4_local_ned_converted,-0.05,-0.04,1.65,0.01,-0.03,-0.01,100.0,PX4_TELEMETRY,SAFE,INFO,CONTINUE,RETURNING_HOME,RETURN_TO_HOME,GEOFENCE_VIOLATION,All monitored constraints satisfied
84.68,px4_local_ned_converted,-0.05,-0.04,1.65,0.01,-0.02,-0.01,100.0,PX4_TELEMETRY,SAFE,INFO,CONTINUE,RETURNING_HOME,RETURN_TO_HOME,GEOFENCE_VIOLATION,All monitored constraints satisfied
84.79,px4_local_ned_converted,-0.05,-0.04,1.65,0.01,-0.02,-0.0,100.0,PX4_TELEMETRY,SAFE,INFO,CONTINUE,RETURNING_HOME,RETURN_TO_HOME,GEOFENCE_VIOLATION,All monitored constraints satisfied
84.89,px4_local_ned_converted,-0.05,-0.04,1.65,0.01,-0.02,0.0,100.0,PX4_TELEMETRY,SAFE,INFO,CONTINUE,RETURNING_HOME,RETURN_TO_HOME,GEOFENCE_VIOLATION,All monitored constraints satisfied
84.99,px4_local_ned_converted,-0.05,-0.04,1.64,0.01,-0.02,0.0,100.0,PX4_TELEMETRY,SAFE,INFO,CONTINUE,RETURNING_HOME,RETURN_TO_HOME,GEOFENCE_VIOLATION,All monitored constraints satisfied
85.1,px4_local_ned_converted,-0.05,-0.04,1.64,0.01,-0.02,0.0,100.0,PX4_TELEMETRY,SAFE,INFO,CONTINUE,RETURNING_HOME,RETURN_TO_HOME,GEOFENCE_VIOLATION,All monitored constraints satisfied
85.2,px4_local_ned_converted,-0.05,-0.04,1.63,0.01,-0.02,0.01,100.0,PX4_TELEMETRY,SAFE,INFO,CONTINUE,RETURNING_HOME,RETURN_TO_HOME,GEOFENCE_VIOLATION,All monitored constraints satisfied
85.3,px4_local_ned_converted,-0.05,-0.04,1.63,0.0,-0.02,0.01,100.0,PX4_TELEMETRY,SAFE,INFO,CONTINUE,RETURNING_HOME,RETURN_TO_HOME,GEOFENCE_VIOLATION,All monitored constraints satisfied
85.4,px4_local_ned_converted,-0.05,-0.04,1.63,0.01,-0.02,0.01,100.0,PX4_TELEMETRY,SAFE,INFO,CONTINUE,RETURNING_HOME,RETURN_TO_HOME,GEOFENCE_VIOLATION,All monitored constraints satisfied
85.51,px4_local_ned_converted,-0.05,-0.04,1.63,0.01,-0.02,0.01,100.0,PX4_TELEMETRY,SAFE,INFO,CONTINUE,RETURNING_HOME,RETURN_TO_HOME,GEOFENCE_VIOLATION,All monitored constraints satisfied
85.61,px4_local_ned_converted,-0.04,-0.04,1.63,0.01,-0.01,0.02,100.0,PX4_TELEMETRY,SAFE,INFO,CONTINUE,RETURNING_HOME,RETURN_TO_HOME,GEOFENCE_VIOLATION,All monitored constraints satisfied
85.72,px4_local_ned_converted,-0.04,-0.04,1.63,0.01,-0.02,0.02,100.0,PX4_TELEMETRY,SAFE,INFO,CONTINUE,RETURNING_HOME,RETURN_TO_HOME,GEOFENCE_VIOLATION,All monitored constraints satisfied
85.82,px4_local_ned_converted,-0.04,-0.04,1.63,0.01,-0.02,0.02,100.0,PX4_TELEMETRY,SAFE,INFO,CONTINUE,RETURNING_HOME,RETURN_TO_HOME,GEOFENCE_VIOLATION,All monitored constraints satisfied
85.92,px4_local_ned_converted,-0.05,-0.05,1.63,0.0,-0.02,0.02,100.0,PX4_TELEMETRY,SAFE,INFO,CONTINUE,RETURNING_HOME,RETURN_TO_HOME,GEOFENCE_VIOLATION,All monitored constraints satisfied
86.03,px4_local_ned_converted,-0.05,-0.05,1.63,0.0,-0.01,0.02,100.0,PX4_TELEMETRY,SAFE,INFO,CONTINUE,RETURNING_HOME,RETURN_TO_HOME,GEOFENCE_VIOLATION,All monitored constraints satisfied
86.13,px4_local_ned_converted,-0.05,-0.05,1.63,0.0,-0.01,0.02,100.0,PX4_TELEMETRY,SAFE,INFO,CONTINUE,RETURNING_HOME,RETURN_TO_HOME,GEOFENCE_VIOLATION,All monitored constraints satisfied
86.24,px4_local_ned_converted,-0.04,-0.05,1.63,0.0,-0.01,0.02,100.0,PX4_TELEMETRY,SAFE,INFO,CONTINUE,RETURNING_HOME,RETURN_TO_HOME,GEOFENCE_VIOLATION,All monitored constraints satisfied
86.34,px4_local_ned_converted,-0.04,-0.06,1.63,0.0,-0.01,0.02,100.0,PX4_TELEMETRY,SAFE,INFO,CONTINUE,RETURNING_HOME,RETURN_TO_HOME,GEOFENCE_VIOLATION,All monitored constraints satisfied
86.45,px4_local_ned_converted,-0.04,-0.06,1.63,0.0,-0.01,0.02,100.0,PX4_TELEMETRY,SAFE,INFO,CONTINUE,RETURNING_HOME,RETURN_TO_HOME,GEOFENCE_VIOLATION,All monitored constraints satisfied
86.55,px4_local_ned_converted,-0.04,-0.06,1.63,0.0,-0.01,0.02,100.0,PX4_TELEMETRY,SAFE,INFO,CONTINUE,RETURNING_HOME,RETURN_TO_HOME,GEOFENCE_VIOLATION,All monitored constraints satisfied
86.65,px4_local_ned_converted,-0.04,-0.07,1.63,0.0,-0.01,0.02,100.0,PX4_TELEMETRY,SAFE,INFO,CONTINUE,RETURNING_HOME,RETURN_TO_HOME,GEOFENCE_VIOLATION,All monitored constraints satisfied
86.76,px4_local_ned_converted,-0.04,-0.07,1.63,0.01,-0.01,0.02,100.0,PX4_TELEMETRY,SAFE,INFO,CONTINUE,RETURNING_HOME,RETURN_TO_HOME,GEOFENCE_VIOLATION,All monitored constraints satisfied
86.86,px4_local_ned_converted,-0.03,-0.07,1.63,0.0,-0.0,0.02,100.0,PX4_TELEMETRY,SAFE,INFO,CONTINUE,RETURNING_HOME,RETURN_TO_HOME,GEOFENCE_VIOLATION,All monitored constraints satisfied
86.96,px4_local_ned_converted,-0.03,-0.07,1.62,0.0,-0.0,0.02,100.0,PX4_TELEMETRY,SAFE,INFO,CONTINUE,RETURNING_HOME,RETURN_TO_HOME,GEOFENCE_VIOLATION,All monitored constraints satisfied
87.07,px4_local_ned_converted,-0.03,-0.07,1.62,0.0,0.0,0.02,100.0,PX4_TELEMETRY,SAFE,INFO,CONTINUE,RETURNING_HOME,RETURN_TO_HOME,GEOFENCE_VIOLATION,All monitored constraints satisfied
87.17,px4_local_ned_converted,-0.03,-0.08,1.62,0.0,0.0,0.02,100.0,PX4_TELEMETRY,SAFE,INFO,CONTINUE,RETURNING_HOME,RETURN_TO_HOME,GEOFENCE_VIOLATION,All monitored constraints satisfied
87.28,px4_local_ned_converted,-0.03,-0.08,1.62,-0.0,0.01,0.02,100.0,PX4_TELEMETRY,SAFE,INFO,CONTINUE,RETURNING_HOME,RETURN_TO_HOME,GEOFENCE_VIOLATION,All monitored constraints satisfied
87.38,px4_local_ned_converted,-0.03,-0.08,1.62,-0.0,0.01,0.02,100.0,PX4_TELEMETRY,SAFE,INFO,CONTINUE,RETURNING_HOME,RETURN_TO_HOME,GEOFENCE_VIOLATION,All monitored constraints satisfied
87.49,px4_local_ned_converted,-0.03,-0.08,1.62,-0.0,0.01,0.02,100.0,PX4_TELEMETRY,SAFE,INFO,CONTINUE,RETURNING_HOME,RETURN_TO_HOME,GEOFENCE_VIOLATION,All monitored constraints satisfied
87.59,px4_local_ned_converted,-0.02,-0.08,1.62,-0.0,0.01,0.03,100.0,PX4_TELEMETRY,SAFE,INFO,CONTINUE,RETURNING_HOME,RETURN_TO_HOME,GEOFENCE_VIOLATION,All monitored constraints satisfied
87.69,px4_local_ned_converted,-0.02,-0.08,1.62,-0.0,0.02,0.03,100.0,PX4_TELEMETRY,SAFE,INFO,CONTINUE,RETURNING_HOME,RETURN_TO_HOME,GEOFENCE_VIOLATION,All monitored constraints satisfied
87.8,px4_local_ned_converted,-0.02,-0.08,1.61,-0.0,0.02,0.03,100.0,PX4_TELEMETRY,SAFE,INFO,CONTINUE,RETURNING_HOME,RETURN_TO_HOME,GEOFENCE_VIOLATION,All monitored constraints satisfied
87.9,px4_local_ned_converted,-0.02,-0.08,1.61,-0.0,0.02,0.03,100.0,PX4_TELEMETRY,SAFE,INFO,CONTINUE,RETURNING_HOME,RETURN_TO_HOME,GEOFENCE_VIOLATION,All monitored constraints satisfied
88.01,px4_local_ned_converted,-0.02,-0.08,1.61,-0.01,0.02,0.03,100.0,PX4_TELEMETRY,SAFE,INFO,CONTINUE,RETURNING_HOME,RETURN_TO_HOME,GEOFENCE_VIOLATION,All monitored constraints satisfied
88.11,px4_local_ned_converted,-0.02,-0.08,1.61,-0.01,0.02,0.03,100.0,PX4_TELEMETRY,SAFE,INFO,CONTINUE,RETURNING_HOME,RETURN_TO_HOME,GEOFENCE_VIOLATION,All monitored constraints satisfied
88.22,px4_local_ned_converted,-0.02,-0.08,1.61,-0.01,0.02,0.03,100.0,PX4_TELEMETRY,SAFE,INFO,CONTINUE,RETURNING_HOME,RETURN_TO_HOME,GEOFENCE_VIOLATION,All monitored constraints satisfied
88.32,px4_local_ned_converted,-0.02,-0.08,1.61,-0.01,0.02,0.03,100.0,PX4_TELEMETRY,SAFE,INFO,CONTINUE,RETURNING_HOME,RETURN_TO_HOME,GEOFENCE_VIOLATION,All monitored constraints satisfied
88.42,px4_local_ned_converted,-0.02,-0.08,1.61,-0.01,0.02,0.04,100.0,PX4_TELEMETRY,SAFE,INFO,CONTINUE,RETURNING_HOME,RETURN_TO_HOME,GEOFENCE_VIOLATION,All monitored constraints satisfied
88.53,px4_local_ned_converted,-0.02,-0.08,1.61,-0.01,0.03,0.04,100.0,PX4_TELEMETRY,SAFE,INFO,CONTINUE,RETURNING_HOME,RETURN_TO_HOME,GEOFENCE_VIOLATION,All monitored constraints satisfied
88.63,px4_local_ned_converted,-0.02,-0.08,1.61,-0.01,0.03,0.04,100.0,PX4_TELEMETRY,SAFE,INFO,CONTINUE,RETURNING_HOME,RETURN_TO_HOME,GEOFENCE_VIOLATION,All monitored constraints satisfied
88.73,px4_local_ned_converted,-0.02,-0.08,1.61,-0.01,0.03,0.04,100.0,PX4_TELEMETRY,SAFE,INFO,CONTINUE,RETURNING_HOME,RETURN_TO_HOME,GEOFENCE_VIOLATION,All monitored constraints satisfied
88.84,px4_local_ned_converted,-0.02,-0.08,1.61,-0.01,0.03,0.04,100.0,PX4_TELEMETRY,SAFE,INFO,CONTINUE,RETURNING_HOME,RETURN_TO_HOME,GEOFENCE_VIOLATION,All monitored constraints satisfied
88.94,px4_local_ned_converted,-0.02,-0.08,1.61,-0.01,0.03,0.04,100.0,PX4_TELEMETRY,SAFE,INFO,CONTINUE,RETURNING_HOME,RETURN_TO_HOME,GEOFENCE_VIOLATION,All monitored constraints satisfied
89.04,px4_local_ned_converted,-0.02,-0.08,1.61,-0.01,0.03,0.04,100.0,PX4_TELEMETRY,SAFE,INFO,CONTINUE,RETURNING_HOME,RETURN_TO_HOME,GEOFENCE_VIOLATION,All monitored constraints satisfied
89.15,px4_local_ned_converted,-0.02,-0.08,1.61,-0.01,0.03,0.04,100.0,PX4_TELEMETRY,SAFE,INFO,CONTINUE,RETURNING_HOME,RETURN_TO_HOME,GEOFENCE_VIOLATION,All monitored constraints satisfied
89.25,px4_local_ned_converted,-0.02,-0.09,1.61,-0.01,0.03,0.04,100.0,PX4_TELEMETRY,SAFE,INFO,CONTINUE,RETURNING_HOME,RETURN_TO_HOME,GEOFENCE_VIOLATION,All monitored constraints satisfied
89.36,px4_local_ned_converted,-0.02,-0.09,1.6,-0.01,0.03,0.04,100.0,PX4_TELEMETRY,SAFE,INFO,CONTINUE,RETURNING_HOME,RETURN_TO_HOME,GEOFENCE_VIOLATION,All monitored constraints satisfied
89.46,px4_local_ned_converted,-0.03,-0.09,1.6,-0.01,0.03,0.04,100.0,PX4_TELEMETRY,SAFE,INFO,CONTINUE,RETURNING_HOME,RETURN_TO_HOME,GEOFENCE_VIOLATION,All monitored constraints satisfied
89.56,px4_local_ned_converted,-0.03,-0.09,1.6,-0.01,0.03,0.04,100.0,PX4_TELEMETRY,SAFE,INFO,CONTINUE,RETURNING_HOME,RETURN_TO_HOME,GEOFENCE_VIOLATION,All monitored constraints satisfied
89.67,px4_local_ned_converted,-0.03,-0.09,1.6,-0.01,0.03,0.05,100.0,PX4_TELEMETRY,SAFE,INFO,CONTINUE,RETURNING_HOME,RETURN_TO_HOME,GEOFENCE_VIOLATION,All monitored constraints satisfied
89.77,px4_local_ned_converted,-0.03,-0.09,1.6,-0.01,0.03,0.04,100.0,PX4_TELEMETRY,SAFE,INFO,CONTINUE,RETURNING_HOME,RETURN_TO_HOME,GEOFENCE_VIOLATION,All monitored constraints satisfied
89.88,px4_local_ned_converted,-0.04,-0.09,1.6,-0.01,0.03,0.04,100.0,PX4_TELEMETRY,SAFE,INFO,CONTINUE,RETURNING_HOME,RETURN_TO_HOME,GEOFENCE_VIOLATION,All monitored constraints satisfied
89.98,px4_local_ned_converted,-0.04,-0.09,1.6,-0.01,0.04,0.04,100.0,PX4_TELEMETRY,SAFE,INFO,CONTINUE,RETURNING_HOME,RETURN_TO_HOME,GEOFENCE_VIOLATION,All monitored constraints satisfied
90.08,px4_local_ned_converted,-0.04,-0.09,1.61,-0.01,0.04,0.04,100.0,PX4_TELEMETRY,SAFE,INFO,CONTINUE,RETURNING_HOME,RETURN_TO_HOME,GEOFENCE_VIOLATION,All monitored constraints satisfied
90.19,px4_local_ned_converted,-0.04,-0.09,1.61,-0.01,0.04,0.04,100.0,PX4_TELEMETRY,SAFE,INFO,CONTINUE,RETURNING_HOME,RETURN_TO_HOME,GEOFENCE_VIOLATION,All monitored constraints satisfied
90.29,px4_local_ned_converted,-0.04,-0.1,1.61,-0.01,0.03,0.04,100.0,PX4_TELEMETRY,SAFE,INFO,CONTINUE,RETURNING_HOME,RETURN_TO_HOME,GEOFENCE_VIOLATION,All monitored constraints satisfied
90.4,px4_local_ned_converted,-0.04,-0.1,1.61,-0.0,0.03,0.04,100.0,PX4_TELEMETRY,SAFE,INFO,CONTINUE,RETURNING_HOME,RETURN_TO_HOME,GEOFENCE_VIOLATION,All monitored constraints satisfied
90.5,px4_local_ned_converted,-0.04,-0.1,1.61,-0.0,0.04,0.04,100.0,PX4_TELEMETRY,SAFE,INFO,CONTINUE,RETURNING_HOME,RETURN_TO_HOME,GEOFENCE_VIOLATION,All monitored constraints satisfied
90.61,px4_local_ned_converted,-0.05,-0.1,1.61,-0.0,0.04,0.04,100.0,PX4_TELEMETRY,SAFE,INFO,CONTINUE,RETURNING_HOME,RETURN_TO_HOME,GEOFENCE_VIOLATION,All monitored constraints satisfied
90.71,px4_local_ned_converted,-0.05,-0.1,1.61,-0.0,0.04,0.04,100.0,PX4_TELEMETRY,SAFE,INFO,CONTINUE,RETURNING_HOME,RETURN_TO_HOME,GEOFENCE_VIOLATION,All monitored constraints satisfied
90.81,px4_local_ned_converted,-0.05,-0.1,1.61,-0.0,0.04,0.04,100.0,PX4_TELEMETRY,SAFE,INFO,CONTINUE,RETURNING_HOME,RETURN_TO_HOME,GEOFENCE_VIOLATION,All monitored constraints satisfied
90.92,px4_local_ned_converted,-0.05,-0.1,1.61,-0.0,0.04,0.04,100.0,PX4_TELEMETRY,SAFE,INFO,CONTINUE,RETURNING_HOME,RETURN_TO_HOME,GEOFENCE_VIOLATION,All monitored constraints satisfied
91.02,px4_local_ned_converted,-0.06,-0.1,1.61,-0.0,0.04,0.04,100.0,PX4_TELEMETRY,SAFE,INFO,CONTINUE,RETURNING_HOME,RETURN_TO_HOME,GEOFENCE_VIOLATION,All monitored constraints satisfied
91.13,px4_local_ned_converted,-0.06,-0.1,1.61,0.0,0.04,0.04,100.0,PX4_TELEMETRY,SAFE,INFO,CONTINUE,RETURNING_HOME,RETURN_TO_HOME,GEOFENCE_VIOLATION,All monitored constraints satisfied
91.24,px4_local_ned_converted,-0.06,-0.1,1.61,0.0,0.05,0.04,100.0,PX4_TELEMETRY,SAFE,INFO,CONTINUE,RETURNING_HOME,RETURN_TO_HOME,GEOFENCE_VIOLATION,All monitored constraints satisfied
91.34,px4_local_ned_converted,-0.06,-0.1,1.61,0.0,0.05,0.04,100.0,PX4_TELEMETRY,SAFE,INFO,CONTINUE,RETURNING_HOME,RETURN_TO_HOME,GEOFENCE_VIOLATION,All monitored constraints satisfied
91.45,px4_local_ned_converted,-0.06,-0.1,1.61,0.0,0.04,0.03,100.0,PX4_TELEMETRY,SAFE,INFO,CONTINUE,RETURNING_HOME,RETURN_TO_HOME,GEOFENCE_VIOLATION,All monitored constraints satisfied
91.55,px4_local_ned_converted,-0.06,-0.1,1.61,0.0,0.04,0.03,100.0,PX4_TELEMETRY,SAFE,INFO,CONTINUE,RETURNING_HOME,RETURN_TO_HOME,GEOFENCE_VIOLATION,All monitored constraints satisfied
91.66,px4_local_ned_converted,-0.06,-0.1,1.62,0.01,0.05,0.03,100.0,PX4_TELEMETRY,SAFE,INFO,CONTINUE,RETURNING_HOME,RETURN_TO_HOME,GEOFENCE_VIOLATION,All monitored constraints satisfied
91.76,px4_local_ned_converted,-0.06,-0.1,1.62,0.01,0.05,0.03,100.0,PX4_TELEMETRY,SAFE,INFO,CONTINUE,RETURNING_HOME,RETURN_TO_HOME,GEOFENCE_VIOLATION,All monitored constraints satisfied
91.87,px4_local_ned_converted,-0.06,-0.11,1.62,0.01,0.05,0.03,100.0,PX4_TELEMETRY,SAFE,INFO,CONTINUE,RETURNING_HOME,RETURN_TO_HOME,GEOFENCE_VIOLATION,All monitored constraints satisfied
91.97,px4_local_ned_converted,-0.06,-0.11,1.62,0.01,0.05,0.03,100.0,PX4_TELEMETRY,SAFE,INFO,CONTINUE,RETURNING_HOME,RETURN_TO_HOME,GEOFENCE_VIOLATION,All monitored constraints satisfied
92.08,px4_local_ned_converted,-0.06,-0.11,1.62,0.01,0.05,0.03,100.0,PX4_TELEMETRY,SAFE,INFO,CONTINUE,RETURNING_HOME,RETURN_TO_HOME,GEOFENCE_VIOLATION,All monitored constraints satisfied
92.18,px4_local_ned_converted,-0.06,-0.11,1.62,0.01,0.05,0.03,100.0,PX4_TELEMETRY,SAFE,INFO,CONTINUE,RETURNING_HOME,RETURN_TO_HOME,GEOFENCE_VIOLATION,All monitored constraints satisfied
92.29,px4_local_ned_converted,-0.06,-0.11,1.62,0.01,0.05,0.03,100.0,PX4_TELEMETRY,SAFE,INFO,CONTINUE,RETURNING_HOME,RETURN_TO_HOME,GEOFENCE_VIOLATION,All monitored constraints satisfied
92.39,px4_local_ned_converted,-0.06,-0.11,1.62,0.01,0.05,0.03,100.0,PX4_TELEMETRY,SAFE,INFO,CONTINUE,RETURNING_HOME,RETURN_TO_HOME,GEOFENCE_VIOLATION,All monitored constraints satisfied
92.49,px4_local_ned_converted,-0.06,-0.11,1.62,0.01,0.06,0.03,100.0,PX4_TELEMETRY,SAFE,INFO,CONTINUE,RETURNING_HOME,RETURN_TO_HOME,GEOFENCE_VIOLATION,All monitored constraints satisfied
92.6,px4_local_ned_converted,-0.05,-0.11,1.62,0.01,0.05,0.03,100.0,PX4_TELEMETRY,SAFE,INFO,CONTINUE,RETURNING_HOME,RETURN_TO_HOME,GEOFENCE_VIOLATION,All monitored constraints satisfied
92.7,px4_local_ned_converted,-0.05,-0.11,1.62,0.01,0.05,0.03,100.0,PX4_TELEMETRY,SAFE,INFO,CONTINUE,RETURNING_HOME,RETURN_TO_HOME,GEOFENCE_VIOLATION,All monitored constraints satisfied
92.81,px4_local_ned_converted,-0.05,-0.1,1.62,0.01,0.05,0.03,100.0,PX4_TELEMETRY,SAFE,INFO,CONTINUE,RETURNING_HOME,RETURN_TO_HOME,GEOFENCE_VIOLATION,All monitored constraints satisfied
92.91,px4_local_ned_converted,-0.05,-0.1,1.62,0.01,0.06,0.03,100.0,PX4_TELEMETRY,SAFE,INFO,CONTINUE,RETURNING_HOME,RETURN_TO_HOME,GEOFENCE_VIOLATION,All monitored constraints satisfied
93.02,px4_local_ned_converted,-0.05,-0.1,1.62,0.01,0.05,0.03,100.0,PX4_TELEMETRY,SAFE,INFO,CONTINUE,RETURNING_HOME,RETURN_TO_HOME,GEOFENCE_VIOLATION,All monitored constraints satisfied
93.12,px4_local_ned_converted,-0.04,-0.1,1.62,0.01,0.05,0.03,100.0,PX4_TELEMETRY,SAFE,INFO,CONTINUE,RETURNING_HOME,RETURN_TO_HOME,GEOFENCE_VIOLATION,All monitored constraints satisfied
93.22,px4_local_ned_converted,-0.04,-0.1,1.62,0.01,0.05,0.03,100.0,PX4_TELEMETRY,SAFE,INFO,CONTINUE,RETURNING_HOME,RETURN_TO_HOME,GEOFENCE_VIOLATION,All monitored constraints satisfied
93.32,px4_local_ned_converted,-0.04,-0.1,1.62,0.01,0.05,0.02,100.0,PX4_TELEMETRY,SAFE,INFO,CONTINUE,RETURNING_HOME,RETURN_TO_HOME,GEOFENCE_VIOLATION,All monitored constraints satisfied
93.43,px4_local_ned_converted,-0.03,-0.1,1.62,0.01,0.05,0.02,100.0,PX4_TELEMETRY,SAFE,INFO,CONTINUE,RETURNING_HOME,RETURN_TO_HOME,GEOFENCE_VIOLATION,All monitored constraints satisfied
93.53,px4_local_ned_converted,-0.03,-0.1,1.62,0.0,0.05,0.02,100.0,PX4_TELEMETRY,SAFE,INFO,CONTINUE,RETURNING_HOME,RETURN_TO_HOME,GEOFENCE_VIOLATION,All monitored constraints satisfied
93.64,px4_local_ned_converted,-0.03,-0.1,1.63,0.0,0.05,0.02,100.0,PX4_TELEMETRY,SAFE,INFO,CONTINUE,RETURNING_HOME,RETURN_TO_HOME,GEOFENCE_VIOLATION,All monitored constraints satisfied
93.74,px4_local_ned_converted,-0.03,-0.1,1.63,-0.0,0.05,0.02,100.0,PX4_TELEMETRY,SAFE,INFO,CONTINUE,RETURNING_HOME,RETURN_TO_HOME,GEOFENCE_VIOLATION,All monitored constraints satisfied
93.84,px4_local_ned_converted,-0.03,-0.1,1.63,-0.0,0.05,0.02,100.0,PX4_TELEMETRY,SAFE,INFO,CONTINUE,RETURNING_HOME,RETURN_TO_HOME,GEOFENCE_VIOLATION,All monitored constraints satisfied
93.94,px4_local_ned_converted,-0.02,-0.1,1.63,-0.0,0.05,0.02,100.0,PX4_TELEMETRY,SAFE,INFO,CONTINUE,RETURNING_HOME,RETURN_TO_HOME,GEOFENCE_VIOLATION,All monitored constraints satisfied
94.05,px4_local_ned_converted,-0.02,-0.1,1.63,-0.01,0.05,0.02,100.0,PX4_TELEMETRY,SAFE,INFO,CONTINUE,RETURNING_HOME,RETURN_TO_HOME,GEOFENCE_VIOLATION,All monitored constraints satisfied
94.15,px4_local_ned_converted,-0.02,-0.1,1.63,-0.01,0.05,0.02,100.0,PX4_TELEMETRY,SAFE,INFO,CONTINUE,RETURNING_HOME,RETURN_TO_HOME,GEOFENCE_VIOLATION,All monitored constraints satisfied
94.26,px4_local_ned_converted,-0.02,-0.1,1.63,-0.01,0.05,0.01,100.0,PX4_TELEMETRY,SAFE,INFO,CONTINUE,RETURNING_HOME,RETURN_TO_HOME,GEOFENCE_VIOLATION,All monitored constraints satisfied
94.36,px4_local_ned_converted,-0.02,-0.1,1.63,-0.01,0.05,0.01,100.0,PX4_TELEMETRY,SAFE,INFO,CONTINUE,RETURNING_HOME,RETURN_TO_HOME,GEOFENCE_VIOLATION,All monitored constraints satisfied
94.47,px4_local_ned_converted,-0.02,-0.09,1.63,-0.01,0.05,0.01,100.0,PX4_TELEMETRY,SAFE,INFO,CONTINUE,RETURNING_HOME,RETURN_TO_HOME,GEOFENCE_VIOLATION,All monitored constraints satisfied
94.57,px4_local_ned_converted,-0.02,-0.09,1.63,-0.02,0.05,0.01,100.0,PX4_TELEMETRY,SAFE,INFO,CONTINUE,RETURNING_HOME,RETURN_TO_HOME,GEOFENCE_VIOLATION,All monitored constraints satisfied
94.67,px4_local_ned_converted,-0.01,-0.09,1.64,-0.02,0.05,0.01,100.0,PX4_TELEMETRY,SAFE,INFO,CONTINUE,RETURNING_HOME,RETURN_TO_HOME,GEOFENCE_VIOLATION,All monitored constraints satisfied
94.78,px4_local_ned_converted,-0.01,-0.09,1.64,-0.02,0.05,0.01,100.0,PX4_TELEMETRY,SAFE,INFO,CONTINUE,RETURNING_HOME,RETURN_TO_HOME,GEOFENCE_VIOLATION,All monitored constraints satisfied
94.88,px4_local_ned_converted,-0.01,-0.08,1.64,-0.02,0.05,0.01,100.0,PX4_TELEMETRY,SAFE,INFO,CONTINUE,RETURNING_HOME,RETURN_TO_HOME,GEOFENCE_VIOLATION,All monitored constraints satisfied
94.99,px4_local_ned_converted,-0.01,-0.08,1.64,-0.02,0.05,0.01,100.0,PX4_TELEMETRY,SAFE,INFO,CONTINUE,RETURNING_HOME,RETURN_TO_HOME,GEOFENCE_VIOLATION,All monitored constraints satisfied
95.09,px4_local_ned_converted,-0.01,-0.08,1.64,-0.02,0.04,0.01,100.0,PX4_TELEMETRY,SAFE,INFO,CONTINUE,RETURNING_HOME,RETURN_TO_HOME,GEOFENCE_VIOLATION,All monitored constraints satisfied
95.19,px4_local_ned_converted,-0.01,-0.08,1.64,-0.02,0.04,0.01,100.0,PX4_TELEMETRY,SAFE,INFO,CONTINUE,RETURNING_HOME,RETURN_TO_HOME,GEOFENCE_VIOLATION,All monitored constraints satisfied
95.29,px4_local_ned_converted,-0.01,-0.08,1.64,-0.02,0.04,0.01,100.0,PX4_TELEMETRY,SAFE,INFO,CONTINUE,RETURNING_HOME,RETURN_TO_HOME,GEOFENCE_VIOLATION,All monitored constraints satisfied
95.4,px4_local_ned_converted,-0.01,-0.08,1.64,-0.03,0.04,0.0,100.0,PX4_TELEMETRY,SAFE,INFO,CONTINUE,RETURNING_HOME,RETURN_TO_HOME,GEOFENCE_VIOLATION,All monitored constraints satisfied
95.5,px4_local_ned_converted,-0.01,-0.08,1.65,-0.03,0.04,0.0,100.0,PX4_TELEMETRY,SAFE,INFO,CONTINUE,RETURNING_HOME,RETURN_TO_HOME,GEOFENCE_VIOLATION,All monitored constraints satisfied
95.6,px4_local_ned_converted,-0.01,-0.08,1.65,-0.03,0.04,0.0,100.0,PX4_TELEMETRY,SAFE,INFO,CONTINUE,RETURNING_HOME,RETURN_TO_HOME,GEOFENCE_VIOLATION,All monitored constraints satisfied
95.71,px4_local_ned_converted,-0.01,-0.08,1.65,-0.03,0.04,0.0,100.0,PX4_TELEMETRY,SAFE,INFO,CONTINUE,RETURNING_HOME,RETURN_TO_HOME,GEOFENCE_VIOLATION,All monitored constraints satisfied
95.81,px4_local_ned_converted,-0.01,-0.08,1.65,-0.03,0.04,0.0,100.0,PX4_TELEMETRY,SAFE,INFO,CONTINUE,RETURNING_HOME,RETURN_TO_HOME,GEOFENCE_VIOLATION,All monitored constraints satisfied
95.91,px4_local_ned_converted,-0.01,-0.08,1.65,-0.03,0.03,0.0,100.0,PX4_TELEMETRY,SAFE,INFO,CONTINUE,RETURNING_HOME,RETURN_TO_HOME,GEOFENCE_VIOLATION,All monitored constraints satisfied
96.02,px4_local_ned_converted,-0.01,-0.08,1.65,-0.03,0.03,-0.0,100.0,PX4_TELEMETRY,SAFE,INFO,CONTINUE,RETURNING_HOME,RETURN_TO_HOME,GEOFENCE_VIOLATION,All monitored constraints satisfied
96.12,px4_local_ned_converted,-0.02,-0.08,1.65,-0.03,0.04,0.0,100.0,PX4_TELEMETRY,SAFE,INFO,CONTINUE,RETURNING_HOME,RETURN_TO_HOME,GEOFENCE_VIOLATION,All monitored constraints satisfied
96.23,px4_local_ned_converted,-0.02,-0.08,1.65,-0.03,0.03,-0.0,100.0,PX4_TELEMETRY,SAFE,INFO,CONTINUE,RETURNING_HOME,RETURN_TO_HOME,GEOFENCE_VIOLATION,All monitored constraints satisfied
96.33,px4_local_ned_converted,-0.02,-0.08,1.64,-0.03,0.03,0.0,100.0,PX4_TELEMETRY,SAFE,INFO,CONTINUE,RETURNING_HOME,RETURN_TO_HOME,GEOFENCE_VIOLATION,All monitored constraints satisfied
96.43,px4_local_ned_converted,-0.02,-0.08,1.64,-0.03,0.03,0.0,100.0,PX4_TELEMETRY,SAFE,INFO,CONTINUE,RETURNING_HOME,RETURN_TO_HOME,GEOFENCE_VIOLATION,All monitored constraints satisfied
96.54,px4_local_ned_converted,-0.03,-0.08,1.64,-0.03,0.03,0.0,100.0,PX4_TELEMETRY,SAFE,INFO,CONTINUE,RETURNING_HOME,RETURN_TO_HOME,GEOFENCE_VIOLATION,All monitored constraints satisfied
96.64,px4_local_ned_converted,-0.03,-0.08,1.64,-0.03,0.03,0.01,100.0,PX4_TELEMETRY,SAFE,INFO,CONTINUE,RETURNING_HOME,RETURN_TO_HOME,GEOFENCE_VIOLATION,All monitored constraints satisfied
96.75,px4_local_ned_converted,-0.03,-0.08,1.64,-0.03,0.03,0.01,100.0,PX4_TELEMETRY,SAFE,INFO,CONTINUE,RETURNING_HOME,RETURN_TO_HOME,GEOFENCE_VIOLATION,All monitored constraints satisfied
96.86,px4_local_ned_converted,-0.03,-0.08,1.64,-0.03,0.03,0.01,100.0,PX4_TELEMETRY,SAFE,INFO,CONTINUE,RETURNING_HOME,RETURN_TO_HOME,GEOFENCE_VIOLATION,All monitored constraints satisfied
96.96,px4_local_ned_converted,-0.03,-0.08,1.64,-0.02,0.03,0.01,100.0,PX4_TELEMETRY,SAFE,INFO,CONTINUE,RETURNING_HOME,RETURN_TO_HOME,GEOFENCE_VIOLATION,All monitored constraints satisfied
97.07,px4_local_ned_converted,-0.02,-0.08,1.64,-0.02,0.03,0.01,100.0,PX4_TELEMETRY,SAFE,INFO,CONTINUE,RETURNING_HOME,RETURN_TO_HOME,GEOFENCE_VIOLATION,All monitored constraints satisfied
97.17,px4_local_ned_converted,-0.02,-0.08,1.64,-0.02,0.04,0.01,100.0,PX4_TELEMETRY,SAFE,INFO,CONTINUE,RETURNING_HOME,RETURN_TO_HOME,GEOFENCE_VIOLATION,All monitored constraints satisfied
97.28,px4_local_ned_converted,-0.02,-0.08,1.64,-0.02,0.04,0.01,100.0,PX4_TELEMETRY,SAFE,INFO,CONTINUE,RETURNING_HOME,RETURN_TO_HOME,GEOFENCE_VIOLATION,All monitored constraints satisfied
97.38,px4_local_ned_converted,-0.02,-0.08,1.64,-0.02,0.04,0.01,100.0,PX4_TELEMETRY,SAFE,INFO,CONTINUE,RETURNING_HOME,RETURN_TO_HOME,GEOFENCE_VIOLATION,All monitored constraints satisfied
97.49,px4_local_ned_converted,-0.02,-0.08,1.64,-0.02,0.04,0.01,100.0,PX4_TELEMETRY,SAFE,INFO,CONTINUE,RETURNING_HOME,RETURN_TO_HOME,GEOFENCE_VIOLATION,All monitored constraints satisfied
97.6,px4_local_ned_converted,-0.02,-0.08,1.64,-0.02,0.03,0.01,100.0,PX4_TELEMETRY,SAFE,INFO,CONTINUE,RETURNING_HOME,RETURN_TO_HOME,GEOFENCE_VIOLATION,All monitored constraints satisfied
97.7,px4_local_ned_converted,-0.02,-0.08,1.64,-0.02,0.04,0.01,100.0,PX4_TELEMETRY,SAFE,INFO,CONTINUE,RETURNING_HOME,RETURN_TO_HOME,GEOFENCE_VIOLATION,All monitored constraints satisfied
97.81,px4_local_ned_converted,-0.02,-0.08,1.64,-0.02,0.03,0.01,100.0,PX4_TELEMETRY,SAFE,INFO,CONTINUE,RETURNING_HOME,RETURN_TO_HOME,GEOFENCE_VIOLATION,All monitored constraints satisfied
97.91,px4_local_ned_converted,-0.02,-0.08,1.64,-0.02,0.03,0.0,100.0,PX4_TELEMETRY,SAFE,INFO,CONTINUE,RETURNING_HOME,RETURN_TO_HOME,GEOFENCE_VIOLATION,All monitored constraints satisfied
98.01,px4_local_ned_converted,-0.02,-0.08,1.64,-0.02,0.03,0.0,100.0,PX4_TELEMETRY,SAFE,INFO,CONTINUE,RETURNING_HOME,RETURN_TO_HOME,GEOFENCE_VIOLATION,All monitored constraints satisfied
98.12,px4_local_ned_converted,-0.02,-0.08,1.64,-0.02,0.04,0.01,100.0,PX4_TELEMETRY,SAFE,INFO,CONTINUE,RETURNING_HOME,RETURN_TO_HOME,GEOFENCE_VIOLATION,All monitored constraints satisfied
98.22,px4_local_ned_converted,-0.02,-0.08,1.64,-0.02,0.04,0.01,100.0,PX4_TELEMETRY,SAFE,INFO,CONTINUE,RETURNING_HOME,RETURN_TO_HOME,GEOFENCE_VIOLATION,All monitored constraints satisfied
98.32,px4_local_ned_converted,-0.02,-0.08,1.63,-0.02,0.04,0.01,100.0,PX4_TELEMETRY,SAFE,INFO,CONTINUE,RETURNING_HOME,RETURN_TO_HOME,GEOFENCE_VIOLATION,All monitored constraints satisfied
98.43,px4_local_ned_converted,-0.02,-0.08,1.63,-0.02,0.04,0.01,100.0,PX4_TELEMETRY,SAFE,INFO,CONTINUE,RETURNING_HOME,RETURN_TO_HOME,GEOFENCE_VIOLATION,All monitored constraints satisfied
98.53,px4_local_ned_converted,-0.02,-0.08,1.63,-0.02,0.04,0.01,100.0,PX4_TELEMETRY,SAFE,INFO,CONTINUE,RETURNING_HOME,RETURN_TO_HOME,GEOFENCE_VIOLATION,All monitored constraints satisfied
98.63,px4_local_ned_converted,-0.02,-0.08,1.63,-0.02,0.03,0.01,100.0,PX4_TELEMETRY,SAFE,INFO,CONTINUE,RETURNING_HOME,RETURN_TO_HOME,GEOFENCE_VIOLATION,All monitored constraints satisfied
98.74,px4_local_ned_converted,-0.01,-0.08,1.63,-0.02,0.03,0.01,100.0,PX4_TELEMETRY,SAFE,INFO,CONTINUE,RETURNING_HOME,RETURN_TO_HOME,GEOFENCE_VIOLATION,All monitored constraints satisfied
98.84,px4_local_ned_converted,-0.01,-0.08,1.63,-0.02,0.03,0.01,100.0,PX4_TELEMETRY,SAFE,INFO,CONTINUE,RETURNING_HOME,RETURN_TO_HOME,GEOFENCE_VIOLATION,All monitored constraints satisfied
98.95,px4_local_ned_converted,-0.01,-0.08,1.63,-0.02,0.03,0.02,100.0,PX4_TELEMETRY,SAFE,INFO,CONTINUE,RETURNING_HOME,RETURN_TO_HOME,GEOFENCE_VIOLATION,All monitored constraints satisfied
99.05,px4_local_ned_converted,-0.01,-0.08,1.63,-0.03,0.03,0.02,100.0,PX4_TELEMETRY,SAFE,INFO,CONTINUE,RETURNING_HOME,RETURN_TO_HOME,GEOFENCE_VIOLATION,All monitored constraints satisfied
99.16,px4_local_ned_converted,-0.01,-0.08,1.63,-0.03,0.03,0.02,100.0,PX4_TELEMETRY,SAFE,INFO,CONTINUE,RETURNING_HOME,RETURN_TO_HOME,GEOFENCE_VIOLATION,All monitored constraints satisfied
99.26,px4_local_ned_converted,-0.01,-0.08,1.63,-0.03,0.03,0.02,100.0,PX4_TELEMETRY,SAFE,INFO,CONTINUE,RETURNING_HOME,RETURN_TO_HOME,GEOFENCE_VIOLATION,All monitored constraints satisfied
99.37,px4_local_ned_converted,-0.02,-0.08,1.63,-0.03,0.03,0.02,100.0,PX4_TELEMETRY,SAFE,INFO,CONTINUE,RETURNING_HOME,RETURN_TO_HOME,GEOFENCE_VIOLATION,All monitored constraints satisfied
99.47,px4_local_ned_converted,-0.02,-0.09,1.62,-0.03,0.03,0.02,100.0,PX4_TELEMETRY,SAFE,INFO,CONTINUE,RETURNING_HOME,RETURN_TO_HOME,GEOFENCE_VIOLATION,All monitored constraints satisfied
99.58,px4_local_ned_converted,-0.02,-0.09,1.62,-0.03,0.03,0.02,100.0,PX4_TELEMETRY,SAFE,INFO,CONTINUE,RETURNING_HOME,RETURN_TO_HOME,GEOFENCE_VIOLATION,All monitored constraints satisfied
99.68,px4_local_ned_converted,-0.02,-0.08,1.62,-0.03,0.03,0.02,100.0,PX4_TELEMETRY,SAFE,INFO,CONTINUE,RETURNING_HOME,RETURN_TO_HOME,GEOFENCE_VIOLATION,All monitored constraints satisfied
99.78,px4_local_ned_converted,-0.02,-0.08,1.62,-0.03,0.03,0.03,100.0,PX4_TELEMETRY,SAFE,INFO,CONTINUE,RETURNING_HOME,RETURN_TO_HOME,GEOFENCE_VIOLATION,All monitored constraints satisfied
99.88,px4_local_ned_converted,-0.02,-0.08,1.62,-0.03,0.03,0.03,100.0,PX4_TELEMETRY,SAFE,INFO,CONTINUE,RETURNING_HOME,RETURN_TO_HOME,GEOFENCE_VIOLATION,All monitored constraints satisfied
99.99,px4_local_ned_converted,-0.02,-0.08,1.61,-0.03,0.03,0.03,100.0,PX4_TELEMETRY,SAFE,INFO,CONTINUE,RETURNING_HOME,RETURN_TO_HOME,GEOFENCE_VIOLATION,All monitored constraints satisfied
100.09,px4_local_ned_converted,-0.02,-0.08,1.61,-0.03,0.03,0.03,100.0,PX4_TELEMETRY,SAFE,INFO,CONTINUE,RETURNING_HOME,RETURN_TO_HOME,GEOFENCE_VIOLATION,All monitored constraints satisfied
100.19,px4_local_ned_converted,-0.02,-0.08,1.61,-0.03,0.03,0.03,100.0,PX4_TELEMETRY,SAFE,INFO,CONTINUE,RETURNING_HOME,RETURN_TO_HOME,GEOFENCE_VIOLATION,All monitored constraints satisfied
100.3,px4_local_ned_converted,-0.02,-0.08,1.61,-0.03,0.03,0.03,100.0,PX4_TELEMETRY,SAFE,INFO,CONTINUE,RETURNING_HOME,RETURN_TO_HOME,GEOFENCE_VIOLATION,All monitored constraints satisfied
100.4,px4_local_ned_converted,-0.02,-0.08,1.61,-0.03,0.03,0.03,100.0,PX4_TELEMETRY,SAFE,INFO,CONTINUE,RETURNING_HOME,RETURN_TO_HOME,GEOFENCE_VIOLATION,All monitored constraints satisfied
100.5,px4_local_ned_converted,-0.02,-0.08,1.61,-0.03,0.03,0.04,100.0,PX4_TELEMETRY,SAFE,INFO,CONTINUE,RETURNING_HOME,RETURN_TO_HOME,GEOFENCE_VIOLATION,All monitored constraints satisfied
100.61,px4_local_ned_converted,-0.02,-0.08,1.61,-0.03,0.03,0.04,100.0,PX4_TELEMETRY,SAFE,INFO,CONTINUE,RETURNING_HOME,RETURN_TO_HOME,GEOFENCE_VIOLATION,All monitored constraints satisfied
100.72,px4_local_ned_converted,-0.02,-0.08,1.61,-0.02,0.03,0.04,100.0,PX4_TELEMETRY,SAFE,INFO,CONTINUE,RETURNING_HOME,RETURN_TO_HOME,GEOFENCE_VIOLATION,All monitored constraints satisfied
100.82,px4_local_ned_converted,-0.02,-0.08,1.6,-0.02,0.03,0.04,100.0,PX4_TELEMETRY,SAFE,INFO,CONTINUE,RETURNING_HOME,RETURN_TO_HOME,GEOFENCE_VIOLATION,All monitored constraints satisfied
100.92,px4_local_ned_converted,-0.02,-0.08,1.6,-0.02,0.03,0.04,100.0,PX4_TELEMETRY,SAFE,INFO,CONTINUE,RETURNING_HOME,RETURN_TO_HOME,GEOFENCE_VIOLATION,All monitored constraints satisfied
101.02,px4_local_ned_converted,-0.02,-0.07,1.6,-0.02,0.03,0.04,100.0,PX4_TELEMETRY,SAFE,INFO,CONTINUE,RETURNING_HOME,RETURN_TO_HOME,GEOFENCE_VIOLATION,All monitored constraints satisfied
101.13,px4_local_ned_converted,-0.01,-0.08,1.6,-0.02,0.03,0.04,100.0,PX4_TELEMETRY,SAFE,INFO,CONTINUE,RETURNING_HOME,RETURN_TO_HOME,GEOFENCE_VIOLATION,All monitored constraints satisfied
101.23,px4_local_ned_converted,-0.01,-0.08,1.6,-0.03,0.02,0.04,100.0,PX4_TELEMETRY,SAFE,INFO,CONTINUE,RETURNING_HOME,RETURN_TO_HOME,GEOFENCE_VIOLATION,All monitored constraints satisfied
101.34,px4_local_ned_converted,-0.01,-0.07,1.6,-0.03,0.02,0.05,100.0,PX4_TELEMETRY,SAFE,INFO,CONTINUE,RETURNING_HOME,RETURN_TO_HOME,GEOFENCE_VIOLATION,All monitored constraints satisfied
101.44,px4_local_ned_converted,-0.01,-0.07,1.6,-0.03,0.02,0.04,100.0,PX4_TELEMETRY,SAFE,INFO,CONTINUE,RETURNING_HOME,RETURN_TO_HOME,GEOFENCE_VIOLATION,All monitored constraints satisfied
101.54,px4_local_ned_converted,-0.01,-0.07,1.6,-0.03,0.02,0.04,100.0,PX4_TELEMETRY,SAFE,INFO,CONTINUE,RETURNING_HOME,RETURN_TO_HOME,GEOFENCE_VIOLATION,All monitored constraints satisfied
101.64,px4_local_ned_converted,-0.01,-0.07,1.6,-0.03,0.02,0.04,100.0,PX4_TELEMETRY,SAFE,INFO,CONTINUE,RETURNING_HOME,RETURN_TO_HOME,GEOFENCE_VIOLATION,All monitored constraints satisfied
101.75,px4_local_ned_converted,-0.01,-0.07,1.6,-0.03,0.02,0.04,100.0,PX4_TELEMETRY,SAFE,INFO,CONTINUE,RETURNING_HOME,RETURN_TO_HOME,GEOFENCE_VIOLATION,All monitored constraints satisfied
101.86,px4_local_ned_converted,-0.0,-0.07,1.6,-0.03,0.02,0.04,100.0,PX4_TELEMETRY,SAFE,INFO,CONTINUE,RETURNING_HOME,RETURN_TO_HOME,GEOFENCE_VIOLATION,All monitored constraints satisfied
101.96,px4_local_ned_converted,-0.0,-0.07,1.6,-0.03,0.02,0.04,100.0,PX4_TELEMETRY,SAFE,INFO,CONTINUE,RETURNING_HOME,RETURN_TO_HOME,GEOFENCE_VIOLATION,All monitored constraints satisfied
102.06,px4_local_ned_converted,-0.0,-0.06,1.6,-0.03,0.02,0.05,100.0,PX4_TELEMETRY,SAFE,INFO,CONTINUE,RETURNING_HOME,RETURN_TO_HOME,GEOFENCE_VIOLATION,All monitored constraints satisfied
102.17,px4_local_ned_converted,-0.0,-0.06,1.6,-0.03,0.02,0.04,100.0,PX4_TELEMETRY,SAFE,INFO,CONTINUE,RETURNING_HOME,RETURN_TO_HOME,GEOFENCE_VIOLATION,All monitored constraints satisfied
102.27,px4_local_ned_converted,0.0,-0.06,1.6,-0.03,0.01,0.04,100.0,PX4_TELEMETRY,SAFE,INFO,CONTINUE,RETURNING_HOME,RETURN_TO_HOME,GEOFENCE_VIOLATION,All monitored constraints satisfied
102.38,px4_local_ned_converted,0.01,-0.06,1.6,-0.03,0.01,0.04,100.0,PX4_TELEMETRY,SAFE,INFO,CONTINUE,RETURNING_HOME,RETURN_TO_HOME,GEOFENCE_VIOLATION,All monitored constraints satisfied
102.48,px4_local_ned_converted,0.01,-0.06,1.6,-0.03,0.01,0.04,100.0,PX4_TELEMETRY,SAFE,INFO,CONTINUE,RETURNING_HOME,RETURN_TO_HOME,GEOFENCE_VIOLATION,All monitored constraints satisfied
102.59,px4_local_ned_converted,0.0,-0.06,1.61,-0.04,0.01,0.04,100.0,PX4_TELEMETRY,SAFE,INFO,CONTINUE,RETURNING_HOME,RETURN_TO_HOME,GEOFENCE_VIOLATION,All monitored constraints satisfied
102.69,px4_local_ned_converted,0.01,-0.05,1.61,-0.03,0.01,0.04,100.0,PX4_TELEMETRY,SAFE,INFO,CONTINUE,RETURNING_HOME,RETURN_TO_HOME,GEOFENCE_VIOLATION,All monitored constraints satisfied
102.8,px4_local_ned_converted,0.01,-0.05,1.61,-0.04,0.01,0.04,100.0,PX4_TELEMETRY,SAFE,INFO,CONTINUE,RETURNING_HOME,RETURN_TO_HOME,GEOFENCE_VIOLATION,All monitored constraints satisfied
102.9,px4_local_ned_converted,0.0,-0.05,1.61,-0.04,0.01,0.04,100.0,PX4_TELEMETRY,SAFE,INFO,CONTINUE,RETURNING_HOME,RETURN_TO_HOME,GEOFENCE_VIOLATION,All monitored constraints satisfied
103.01,px4_local_ned_converted,0.0,-0.04,1.61,-0.04,0.01,0.04,100.0,PX4_TELEMETRY,SAFE,INFO,CONTINUE,RETURNING_HOME,RETURN_TO_HOME,GEOFENCE_VIOLATION,All monitored constraints satisfied
103.11,px4_local_ned_converted,0.0,-0.04,1.61,-0.04,0.0,0.04,100.0,PX4_TELEMETRY,SAFE,INFO,CONTINUE,RETURNING_HOME,RETURN_TO_HOME,GEOFENCE_VIOLATION,All monitored constraints satisfied
103.21,px4_local_ned_converted,-0.0,-0.04,1.61,-0.04,0.0,0.04,100.0,PX4_TELEMETRY,SAFE,INFO,CONTINUE,RETURNING_HOME,RETURN_TO_HOME,GEOFENCE_VIOLATION,All monitored constraints satisfied
103.32,px4_local_ned_converted,-0.01,-0.04,1.61,-0.04,0.0,0.04,100.0,PX4_TELEMETRY,SAFE,INFO,CONTINUE,RETURNING_HOME,RETURN_TO_HOME,GEOFENCE_VIOLATION,All monitored constraints satisfied
103.42,px4_local_ned_converted,-0.01,-0.04,1.61,-0.04,-0.0,0.03,100.0,PX4_TELEMETRY,SAFE,INFO,CONTINUE,RETURNING_HOME,RETURN_TO_HOME,GEOFENCE_VIOLATION,All monitored constraints satisfied
103.53,px4_local_ned_converted,-0.01,-0.04,1.61,-0.04,-0.0,0.03,100.0,PX4_TELEMETRY,SAFE,INFO,CONTINUE,RETURNING_HOME,RETURN_TO_HOME,GEOFENCE_VIOLATION,All monitored constraints satisfied
103.63,px4_local_ned_converted,-0.01,-0.04,1.61,-0.04,-0.0,0.03,100.0,PX4_TELEMETRY,SAFE,INFO,CONTINUE,RETURNING_HOME,RETURN_TO_HOME,GEOFENCE_VIOLATION,All monitored constraints satisfied
103.74,px4_local_ned_converted,-0.01,-0.04,1.61,-0.04,-0.01,0.03,100.0,PX4_TELEMETRY,SAFE,INFO,CONTINUE,RETURNING_HOME,RETURN_TO_HOME,GEOFENCE_VIOLATION,All monitored constraints satisfied
103.84,px4_local_ned_converted,-0.01,-0.04,1.61,-0.04,-0.01,0.03,100.0,PX4_TELEMETRY,SAFE,INFO,CONTINUE,RETURNING_HOME,RETURN_TO_HOME,GEOFENCE_VIOLATION,All monitored constraints satisfied
103.94,px4_local_ned_converted,-0.01,-0.04,1.61,-0.03,-0.01,0.04,100.0,PX4_TELEMETRY,SAFE,INFO,CONTINUE,RETURNING_HOME,RETURN_TO_HOME,GEOFENCE_VIOLATION,All monitored constraints satisfied
104.04,px4_local_ned_converted,-0.01,-0.04,1.61,-0.03,-0.01,0.04,100.0,PX4_TELEMETRY,SAFE,INFO,CONTINUE,RETURNING_HOME,RETURN_TO_HOME,GEOFENCE_VIOLATION,All monitored constraints satisfied
104.15,px4_local_ned_converted,-0.01,-0.04,1.61,-0.03,-0.01,0.04,100.0,PX4_TELEMETRY,SAFE,INFO,CONTINUE,RETURNING_HOME,RETURN_TO_HOME,GEOFENCE_VIOLATION,All monitored constraints satisfied
104.25,px4_local_ned_converted,-0.01,-0.03,1.61,-0.03,-0.01,0.04,100.0,PX4_TELEMETRY,SAFE,INFO,CONTINUE,RETURNING_HOME,RETURN_TO_HOME,GEOFENCE_VIOLATION,All monitored constraints satisfied
104.36,px4_local_ned_converted,-0.01,-0.03,1.61,-0.03,-0.01,0.04,100.0,PX4_TELEMETRY,SAFE,INFO,CONTINUE,RETURNING_HOME,RETURN_TO_HOME,GEOFENCE_VIOLATION,All monitored constraints satisfied
104.46,px4_local_ned_converted,-0.01,-0.03,1.61,-0.03,-0.01,0.04,100.0,PX4_TELEMETRY,SAFE,INFO,CONTINUE,RETURNING_HOME,RETURN_TO_HOME,GEOFENCE_VIOLATION,All monitored constraints satisfied
104.57,px4_local_ned_converted,-0.01,-0.03,1.61,-0.03,-0.01,0.04,100.0,PX4_TELEMETRY,SAFE,INFO,CONTINUE,RETURNING_HOME,RETURN_TO_HOME,GEOFENCE_VIOLATION,All monitored constraints satisfied
104.67,px4_local_ned_converted,-0.02,-0.02,1.61,-0.03,-0.02,0.04,100.0,PX4_TELEMETRY,SAFE,INFO,CONTINUE,RETURNING_HOME,RETURN_TO_HOME,GEOFENCE_VIOLATION,All monitored constraints satisfied
104.77,px4_local_ned_converted,-0.02,-0.02,1.61,-0.03,-0.02,0.04,100.0,PX4_TELEMETRY,SAFE,INFO,CONTINUE,RETURNING_HOME,RETURN_TO_HOME,GEOFENCE_VIOLATION,All monitored constraints satisfied
104.88,px4_local_ned_converted,-0.02,-0.02,1.61,-0.03,-0.02,0.04,100.0,PX4_TELEMETRY,SAFE,INFO,CONTINUE,RETURNING_HOME,RETURN_TO_HOME,GEOFENCE_VIOLATION,All monitored constraints satisfied
104.98,px4_local_ned_converted,-0.02,-0.02,1.61,-0.03,-0.02,0.04,100.0,PX4_TELEMETRY,SAFE,INFO,CONTINUE,RETURNING_HOME,RETURN_TO_HOME,GEOFENCE_VIOLATION,All monitored constraints satisfied
105.09,px4_local_ned_converted,-0.02,-0.02,1.61,-0.02,-0.02,0.04,100.0,PX4_TELEMETRY,SAFE,INFO,CONTINUE,RETURNING_HOME,RETURN_TO_HOME,GEOFENCE_VIOLATION,All monitored constraints satisfied
105.19,px4_local_ned_converted,-0.02,-0.01,1.61,-0.02,-0.02,0.04,100.0,PX4_TELEMETRY,SAFE,INFO,CONTINUE,RETURNING_HOME,RETURN_TO_HOME,GEOFENCE_VIOLATION,All monitored constraints satisfied
105.29,px4_local_ned_converted,-0.02,-0.01,1.61,-0.02,-0.02,0.04,100.0,PX4_TELEMETRY,SAFE,INFO,CONTINUE,RETURNING_HOME,RETURN_TO_HOME,GEOFENCE_VIOLATION,All monitored constraints satisfied
105.39,px4_local_ned_converted,-0.02,-0.01,1.61,-0.02,-0.03,0.04,100.0,PX4_TELEMETRY,SAFE,INFO,CONTINUE,RETURNING_HOME,RETURN_TO_HOME,GEOFENCE_VIOLATION,All monitored constraints satisfied
105.5,px4_local_ned_converted,-0.02,-0.01,1.61,-0.02,-0.03,0.03,100.0,PX4_TELEMETRY,SAFE,INFO,CONTINUE,RETURNING_HOME,RETURN_TO_HOME,GEOFENCE_VIOLATION,All monitored constraints satisfied
105.6,px4_local_ned_converted,-0.03,-0.01,1.61,-0.02,-0.03,0.03,100.0,PX4_TELEMETRY,SAFE,INFO,CONTINUE,RETURNING_HOME,RETURN_TO_HOME,GEOFENCE_VIOLATION,All monitored constraints satisfied
105.7,px4_local_ned_converted,-0.03,-0.01,1.61,-0.02,-0.03,0.03,100.0,PX4_TELEMETRY,SAFE,INFO,CONTINUE,RETURNING_HOME,RETURN_TO_HOME,GEOFENCE_VIOLATION,All monitored constraints satisfied
105.81,px4_local_ned_converted,-0.03,-0.01,1.61,-0.02,-0.03,0.03,100.0,PX4_TELEMETRY,SAFE,INFO,CONTINUE,RETURNING_HOME,RETURN_TO_HOME,GEOFENCE_VIOLATION,All monitored constraints satisfied
105.91,px4_local_ned_converted,-0.03,-0.01,1.61,-0.02,-0.03,0.03,100.0,PX4_TELEMETRY,SAFE,INFO,CONTINUE,RETURNING_HOME,RETURN_TO_HOME,GEOFENCE_VIOLATION,All monitored constraints satisfied
106.02,px4_local_ned_converted,-0.03,-0.01,1.61,-0.02,-0.03,0.03,100.0,PX4_TELEMETRY,SAFE,INFO,CONTINUE,RETURNING_HOME,RETURN_TO_HOME,GEOFENCE_VIOLATION,All monitored constraints satisfied
106.12,px4_local_ned_converted,-0.03,-0.01,1.62,-0.01,-0.04,0.03,100.0,PX4_TELEMETRY,SAFE,INFO,CONTINUE,RETURNING_HOME,RETURN_TO_HOME,GEOFENCE_VIOLATION,All monitored constraints satisfied
106.23,px4_local_ned_converted,-0.04,-0.02,1.62,-0.01,-0.04,0.03,100.0,PX4_TELEMETRY,SAFE,INFO,CONTINUE,RETURNING_HOME,RETURN_TO_HOME,GEOFENCE_VIOLATION,All monitored constraints satisfied
106.33,px4_local_ned_converted,-0.04,-0.02,1.62,-0.01,-0.04,0.03,100.0,PX4_TELEMETRY,SAFE,INFO,CONTINUE,RETURNING_HOME,RETURN_TO_HOME,GEOFENCE_VIOLATION,All monitored constraints satisfied
106.44,px4_local_ned_converted,-0.04,-0.02,1.62,-0.01,-0.04,0.03,100.0,PX4_TELEMETRY,SAFE,INFO,CONTINUE,RETURNING_HOME,RETURN_TO_HOME,GEOFENCE_VIOLATION,All monitored constraints satisfied
106.54,px4_local_ned_converted,-0.04,-0.02,1.62,-0.01,-0.04,0.03,100.0,PX4_TELEMETRY,SAFE,INFO,CONTINUE,RETURNING_HOME,RETURN_TO_HOME,GEOFENCE_VIOLATION,All monitored constraints satisfied
106.65,px4_local_ned_converted,-0.04,-0.02,1.62,-0.01,-0.04,0.03,100.0,PX4_TELEMETRY,SAFE,INFO,CONTINUE,RETURNING_HOME,RETURN_TO_HOME,GEOFENCE_VIOLATION,All monitored constraints satisfied
106.75,px4_local_ned_converted,-0.04,-0.02,1.62,-0.01,-0.04,0.03,100.0,PX4_TELEMETRY,SAFE,INFO,CONTINUE,RETURNING_HOME,RETURN_TO_HOME,GEOFENCE_VIOLATION,All monitored constraints satisfied
106.86,px4_local_ned_converted,-0.04,-0.02,1.62,-0.01,-0.04,0.02,100.0,PX4_TELEMETRY,SAFE,INFO,CONTINUE,RETURNING_HOME,RETURN_TO_HOME,GEOFENCE_VIOLATION,All monitored constraints satisfied
106.96,px4_local_ned_converted,-0.04,-0.02,1.62,-0.01,-0.04,0.03,100.0,PX4_TELEMETRY,SAFE,INFO,CONTINUE,RETURNING_HOME,RETURN_TO_HOME,GEOFENCE_VIOLATION,All monitored constraints satisfied
107.06,px4_local_ned_converted,-0.04,-0.02,1.62,-0.0,-0.04,0.02,100.0,PX4_TELEMETRY,SAFE,INFO,CONTINUE,RETURNING_HOME,RETURN_TO_HOME,GEOFENCE_VIOLATION,All monitored constraints satisfied
107.17,px4_local_ned_converted,-0.04,-0.02,1.62,-0.0,-0.04,0.02,100.0,PX4_TELEMETRY,SAFE,INFO,CONTINUE,RETURNING_HOME,RETURN_TO_HOME,GEOFENCE_VIOLATION,All monitored constraints satisfied
107.27,px4_local_ned_converted,-0.05,-0.02,1.62,-0.0,-0.04,0.02,100.0,PX4_TELEMETRY,SAFE,INFO,CONTINUE,RETURNING_HOME,RETURN_TO_HOME,GEOFENCE_VIOLATION,All monitored constraints satisfied
107.38,px4_local_ned_converted,-0.05,-0.02,1.62,-0.0,-0.04,0.02,100.0,PX4_TELEMETRY,SAFE,INFO,CONTINUE,RETURNING_HOME,RETURN_TO_HOME,GEOFENCE_VIOLATION,All monitored constraints satisfied
107.48,px4_local_ned_converted,-0.05,-0.01,1.62,0.0,-0.04,0.02,100.0,PX4_TELEMETRY,SAFE,INFO,CONTINUE,RETURNING_HOME,RETURN_TO_HOME,GEOFENCE_VIOLATION,All monitored constraints satisfied
107.59,px4_local_ned_converted,-0.05,-0.01,1.62,0.0,-0.04,0.02,100.0,PX4_TELEMETRY,SAFE,INFO,CONTINUE,RETURNING_HOME,RETURN_TO_HOME,GEOFENCE_VIOLATION,All monitored constraints satisfied
107.69,px4_local_ned_converted,-0.05,-0.01,1.62,0.0,-0.04,0.03,100.0,PX4_TELEMETRY,SAFE,INFO,CONTINUE,RETURNING_HOME,RETURN_TO_HOME,GEOFENCE_VIOLATION,All monitored constraints satisfied
107.8,px4_local_ned_converted,-0.05,-0.02,1.62,0.0,-0.04,0.03,100.0,PX4_TELEMETRY,SAFE,INFO,CONTINUE,RETURNING_HOME,RETURN_TO_HOME,GEOFENCE_VIOLATION,All monitored constraints satisfied
107.9,px4_local_ned_converted,-0.05,-0.01,1.62,0.01,-0.04,0.03,100.0,PX4_TELEMETRY,SAFE,INFO,CONTINUE,RETURNING_HOME,RETURN_TO_HOME,GEOFENCE_VIOLATION,All monitored constraints satisfied
108.0,px4_local_ned_converted,-0.05,-0.01,1.62,0.01,-0.04,0.03,100.0,PX4_TELEMETRY,SAFE,INFO,CONTINUE,RETURNING_HOME,RETURN_TO_HOME,GEOFENCE_VIOLATION,All monitored constraints satisfied
108.11,px4_local_ned_converted,-0.05,-0.01,1.62,0.01,-0.04,0.03,100.0,PX4_TELEMETRY,SAFE,INFO,CONTINUE,RETURNING_HOME,RETURN_TO_HOME,GEOFENCE_VIOLATION,All monitored constraints satisfied
108.21,px4_local_ned_converted,-0.05,-0.01,1.62,0.01,-0.04,0.03,100.0,PX4_TELEMETRY,SAFE,INFO,CONTINUE,RETURNING_HOME,RETURN_TO_HOME,GEOFENCE_VIOLATION,All monitored constraints satisfied
108.31,px4_local_ned_converted,-0.05,-0.0,1.62,0.01,-0.04,0.02,100.0,PX4_TELEMETRY,SAFE,INFO,CONTINUE,RETURNING_HOME,RETURN_TO_HOME,GEOFENCE_VIOLATION,All monitored constraints satisfied
108.42,px4_local_ned_converted,-0.05,0.0,1.63,0.01,-0.04,0.02,100.0,PX4_TELEMETRY,SAFE,INFO,CONTINUE,RETURNING_HOME,RETURN_TO_HOME,GEOFENCE_VIOLATION,All monitored constraints satisfied
108.52,px4_local_ned_converted,-0.05,-0.0,1.63,0.01,-0.04,0.02,100.0,PX4_TELEMETRY,SAFE,INFO,CONTINUE,RETURNING_HOME,RETURN_TO_HOME,GEOFENCE_VIOLATION,All monitored constraints satisfied
108.62,px4_local_ned_converted,-0.05,-0.0,1.63,0.01,-0.04,0.02,100.0,PX4_TELEMETRY,SAFE,INFO,CONTINUE,RETURNING_HOME,RETURN_TO_HOME,GEOFENCE_VIOLATION,All monitored constraints satisfied
108.73,px4_local_ned_converted,-0.05,0.0,1.63,0.01,-0.04,0.02,100.0,PX4_TELEMETRY,SAFE,INFO,CONTINUE,RETURNING_HOME,RETURN_TO_HOME,GEOFENCE_VIOLATION,All monitored constraints satisfied
108.83,px4_local_ned_converted,-0.05,0.0,1.63,0.01,-0.04,0.02,100.0,PX4_TELEMETRY,SAFE,INFO,CONTINUE,RETURNING_HOME,RETURN_TO_HOME,GEOFENCE_VIOLATION,All monitored constraints satisfied
108.93,px4_local_ned_converted,-0.05,0.0,1.63,0.01,-0.05,0.02,100.0,PX4_TELEMETRY,SAFE,INFO,CONTINUE,RETURNING_HOME,RETURN_TO_HOME,GEOFENCE_VIOLATION,All monitored constraints satisfied
109.04,px4_local_ned_converted,-0.05,0.0,1.63,0.01,-0.05,0.02,100.0,PX4_TELEMETRY,SAFE,INFO,CONTINUE,RETURNING_HOME,RETURN_TO_HOME,GEOFENCE_VIOLATION,All monitored constraints satisfied
109.14,px4_local_ned_converted,-0.05,0.01,1.63,0.01,-0.04,0.02,100.0,PX4_TELEMETRY,SAFE,INFO,CONTINUE,RETURNING_HOME,RETURN_TO_HOME,GEOFENCE_VIOLATION,All monitored constraints satisfied
109.25,px4_local_ned_converted,-0.05,0.01,1.63,0.01,-0.04,0.02,100.0,PX4_TELEMETRY,SAFE,INFO,CONTINUE,RETURNING_HOME,RETURN_TO_HOME,GEOFENCE_VIOLATION,All monitored constraints satisfied
109.35,px4_local_ned_converted,-0.05,0.01,1.63,0.01,-0.04,0.02,100.0,PX4_TELEMETRY,SAFE,INFO,CONTINUE,RETURNING_HOME,RETURN_TO_HOME,GEOFENCE_VIOLATION,All monitored constraints satisfied
109.55,px4_local_ned_converted,-0.05,0.01,1.63,0.01,-0.05,0.02,100.0,PX4_TELEMETRY,SAFE,INFO,CONTINUE,RETURNING_HOME,RETURN_TO_HOME,GEOFENCE_VIOLATION,All monitored constraints satisfied
109.65,px4_local_ned_converted,-0.05,0.02,1.63,0.01,-0.05,0.02,100.0,PX4_TELEMETRY,SAFE,INFO,CONTINUE,RETURNING_HOME,RETURN_TO_HOME,GEOFENCE_VIOLATION,All monitored constraints satisfied
109.76,px4_local_ned_converted,-0.05,0.02,1.62,0.01,-0.05,0.02,100.0,PX4_TELEMETRY,SAFE,INFO,CONTINUE,RETURNING_HOME,RETURN_TO_HOME,GEOFENCE_VIOLATION,All monitored constraints satisfied
109.86,px4_local_ned_converted,-0.05,0.01,1.62,0.01,-0.05,0.02,100.0,PX4_TELEMETRY,SAFE,INFO,CONTINUE,RETURNING_HOME,RETURN_TO_HOME,GEOFENCE_VIOLATION,All monitored constraints satisfied
109.97,px4_local_ned_converted,-0.05,0.02,1.62,0.01,-0.05,0.02,100.0,PX4_TELEMETRY,SAFE,INFO,CONTINUE,RETURNING_HOME,RETURN_TO_HOME,GEOFENCE_VIOLATION,All monitored constraints satisfied
110.07,px4_local_ned_converted,-0.05,0.02,1.62,0.01,-0.05,0.02,100.0,PX4_TELEMETRY,SAFE,INFO,CONTINUE,RETURNING_HOME,RETURN_TO_HOME,GEOFENCE_VIOLATION,All monitored constraints satisfied
110.17,px4_local_ned_converted,-0.05,0.02,1.62,0.01,-0.05,0.02,100.0,PX4_TELEMETRY,SAFE,INFO,CONTINUE,RETURNING_HOME,RETURN_TO_HOME,GEOFENCE_VIOLATION,All monitored constraints satisfied
110.28,px4_local_ned_converted,-0.05,0.02,1.62,0.01,-0.05,0.02,100.0,PX4_TELEMETRY,SAFE,INFO,CONTINUE,RETURNING_HOME,RETURN_TO_HOME,GEOFENCE_VIOLATION,All monitored constraints satisfied
110.38,px4_local_ned_converted,-0.05,0.02,1.62,0.01,-0.05,0.02,100.0,PX4_TELEMETRY,SAFE,INFO,CONTINUE,RETURNING_HOME,RETURN_TO_HOME,GEOFENCE_VIOLATION,All monitored constraints satisfied
110.48,px4_local_ned_converted,-0.05,0.02,1.62,0.01,-0.05,0.02,100.0,PX4_TELEMETRY,SAFE,INFO,CONTINUE,RETURNING_HOME,RETURN_TO_HOME,GEOFENCE_VIOLATION,All monitored constraints satisfied
110.59,px4_local_ned_converted,-0.05,0.02,1.63,0.01,-0.05,0.02,100.0,PX4_TELEMETRY,SAFE,INFO,CONTINUE,RETURNING_HOME,RETURN_TO_HOME,GEOFENCE_VIOLATION,All monitored constraints satisfied
110.69,px4_local_ned_converted,-0.05,0.02,1.63,0.01,-0.05,0.02,100.0,PX4_TELEMETRY,SAFE,INFO,CONTINUE,RETURNING_HOME,RETURN_TO_HOME,GEOFENCE_VIOLATION,All monitored constraints satisfied
110.8,px4_local_ned_converted,-0.06,0.02,1.63,0.02,-0.05,0.02,100.0,PX4_TELEMETRY,SAFE,INFO,CONTINUE,RETURNING_HOME,RETURN_TO_HOME,GEOFENCE_VIOLATION,All monitored constraints satisfied
110.91,px4_local_ned_converted,-0.06,0.02,1.63,0.02,-0.06,0.02,100.0,PX4_TELEMETRY,SAFE,INFO,CONTINUE,RETURNING_HOME,RETURN_TO_HOME,GEOFENCE_VIOLATION,All monitored constraints satisfied
111.01,px4_local_ned_converted,-0.06,0.02,1.63,0.02,-0.06,0.02,100.0,PX4_TELEMETRY,SAFE,INFO,CONTINUE,RETURNING_HOME,RETURN_TO_HOME,GEOFENCE_VIOLATION,All monitored constraints satisfied
111.12,px4_local_ned_converted,-0.05,0.02,1.63,0.02,-0.06,0.02,100.0,PX4_TELEMETRY,SAFE,INFO,CONTINUE,RETURNING_HOME,RETURN_TO_HOME,GEOFENCE_VIOLATION,All monitored constraints satisfied
111.22,px4_local_ned_converted,-0.06,0.02,1.63,0.02,-0.06,0.02,100.0,PX4_TELEMETRY,SAFE,INFO,CONTINUE,RETURNING_HOME,RETURN_TO_HOME,GEOFENCE_VIOLATION,All monitored constraints satisfied
111.33,px4_local_ned_converted,-0.06,0.02,1.63,0.02,-0.05,0.02,100.0,PX4_TELEMETRY,SAFE,INFO,CONTINUE,RETURNING_HOME,RETURN_TO_HOME,GEOFENCE_VIOLATION,All monitored constraints satisfied
111.43,px4_local_ned_converted,-0.06,0.01,1.63,0.02,-0.05,0.02,100.0,PX4_TELEMETRY,SAFE,INFO,CONTINUE,RETURNING_HOME,RETURN_TO_HOME,GEOFENCE_VIOLATION,All monitored constraints satisfied
111.54,px4_local_ned_converted,-0.06,0.01,1.63,0.02,-0.06,0.02,100.0,PX4_TELEMETRY,SAFE,INFO,CONTINUE,RETURNING_HOME,RETURN_TO_HOME,GEOFENCE_VIOLATION,All monitored constraints satisfied
111.64,px4_local_ned_converted,-0.06,0.01,1.63,0.02,-0.06,0.02,100.0,PX4_TELEMETRY,SAFE,INFO,CONTINUE,RETURNING_HOME,RETURN_TO_HOME,GEOFENCE_VIOLATION,All monitored constraints satisfied
111.74,px4_local_ned_converted,-0.06,0.01,1.63,0.02,-0.06,0.02,100.0,PX4_TELEMETRY,SAFE,INFO,CONTINUE,RETURNING_HOME,RETURN_TO_HOME,GEOFENCE_VIOLATION,All monitored constraints satisfied
111.84,px4_local_ned_converted,-0.06,0.0,1.63,0.02,-0.06,0.02,100.0,PX4_TELEMETRY,SAFE,INFO,CONTINUE,RETURNING_HOME,RETURN_TO_HOME,GEOFENCE_VIOLATION,All monitored constraints satisfied
111.95,px4_local_ned_converted,-0.06,-0.0,1.63,0.02,-0.06,0.02,100.0,PX4_TELEMETRY,SAFE,INFO,CONTINUE,RETURNING_HOME,RETURN_TO_HOME,GEOFENCE_VIOLATION,All monitored constraints satisfied
112.05,px4_local_ned_converted,-0.06,-0.01,1.62,0.02,-0.06,0.02,100.0,PX4_TELEMETRY,SAFE,INFO,CONTINUE,RETURNING_HOME,RETURN_TO_HOME,GEOFENCE_VIOLATION,All monitored constraints satisfied
112.15,px4_local_ned_converted,-0.06,-0.01,1.62,0.02,-0.06,0.02,100.0,PX4_TELEMETRY,SAFE,INFO,CONTINUE,RETURNING_HOME,RETURN_TO_HOME,GEOFENCE_VIOLATION,All monitored constraints satisfied
112.26,px4_local_ned_converted,-0.06,-0.02,1.63,0.02,-0.05,0.02,100.0,PX4_TELEMETRY,SAFE,INFO,CONTINUE,RETURNING_HOME,RETURN_TO_HOME,GEOFENCE_VIOLATION,All monitored constraints satisfied
112.36,px4_local_ned_converted,-0.06,-0.02,1.63,0.02,-0.05,0.02,100.0,PX4_TELEMETRY,SAFE,INFO,CONTINUE,RETURNING_HOME,RETURN_TO_HOME,GEOFENCE_VIOLATION,All monitored constraints satisfied
112.46,px4_local_ned_converted,-0.07,-0.03,1.63,0.02,-0.05,0.02,100.0,PX4_TELEMETRY,SAFE,INFO,CONTINUE,RETURNING_HOME,RETURN_TO_HOME,GEOFENCE_VIOLATION,All monitored constraints satisfied
112.57,px4_local_ned_converted,-0.07,-0.03,1.63,0.03,-0.04,0.02,100.0,PX4_TELEMETRY,SAFE,INFO,CONTINUE,RETURNING_HOME,RETURN_TO_HOME,GEOFENCE_VIOLATION,All monitored constraints satisfied
112.67,px4_local_ned_converted,-0.07,-0.03,1.63,0.03,-0.04,0.02,100.0,PX4_TELEMETRY,SAFE,INFO,CONTINUE,RETURNING_HOME,RETURN_TO_HOME,GEOFENCE_VIOLATION,All monitored constraints satisfied
112.77,px4_local_ned_converted,-0.07,-0.03,1.63,0.03,-0.04,0.01,100.0,PX4_TELEMETRY,SAFE,INFO,CONTINUE,RETURNING_HOME,RETURN_TO_HOME,GEOFENCE_VIOLATION,All monitored constraints satisfied
112.88,px4_local_ned_converted,-0.07,-0.03,1.63,0.03,-0.03,0.01,100.0,PX4_TELEMETRY,SAFE,INFO,CONTINUE,RETURNING_HOME,RETURN_TO_HOME,GEOFENCE_VIOLATION,All monitored constraints satisfied
112.98,px4_local_ned_converted,-0.07,-0.03,1.64,0.03,-0.03,0.01,100.0,PX4_TELEMETRY,SAFE,INFO,CONTINUE,RETURNING_HOME,RETURN_TO_HOME,GEOFENCE_VIOLATION,All monitored constraints satisfied
113.09,px4_local_ned_converted,-0.07,-0.04,1.64,0.03,-0.03,0.01,100.0,PX4_TELEMETRY,SAFE,INFO,CONTINUE,RETURNING_HOME,RETURN_TO_HOME,GEOFENCE_VIOLATION,All monitored constraints satisfied
113.2,px4_local_ned_converted,-0.08,-0.03,1.64,0.03,-0.02,0.01,100.0,PX4_TELEMETRY,SAFE,INFO,CONTINUE,RETURNING_HOME,RETURN_TO_HOME,GEOFENCE_VIOLATION,All monitored constraints satisfied
113.3,px4_local_ned_converted,-0.08,-0.03,1.64,0.03,-0.02,0.01,100.0,PX4_TELEMETRY,SAFE,INFO,CONTINUE,RETURNING_HOME,RETURN_TO_HOME,GEOFENCE_VIOLATION,All monitored constraints satisfied
113.4,px4_local_ned_converted,-0.08,-0.03,1.64,0.03,-0.02,0.01,100.0,PX4_TELEMETRY,SAFE,INFO,CONTINUE,RETURNING_HOME,RETURN_TO_HOME,GEOFENCE_VIOLATION,All monitored constraints satisfied
113.51,px4_local_ned_converted,-0.08,-0.03,1.64,0.03,-0.02,0.01,100.0,PX4_TELEMETRY,SAFE,INFO,CONTINUE,RETURNING_HOME,RETURN_TO_HOME,GEOFENCE_VIOLATION,All monitored constraints satisfied
113.61,px4_local_ned_converted,-0.08,-0.03,1.64,0.03,-0.02,0.01,100.0,PX4_TELEMETRY,SAFE,INFO,CONTINUE,RETURNING_HOME,RETURN_TO_HOME,GEOFENCE_VIOLATION,All monitored constraints satisfied
113.71,px4_local_ned_converted,-0.08,-0.03,1.64,0.03,-0.02,0.01,100.0,PX4_TELEMETRY,SAFE,INFO,CONTINUE,RETURNING_HOME,RETURN_TO_HOME,GEOFENCE_VIOLATION,All monitored constraints satisfied
113.82,px4_local_ned_converted,-0.08,-0.03,1.64,0.04,-0.02,0.0,100.0,PX4_TELEMETRY,SAFE,INFO,CONTINUE,RETURNING_HOME,RETURN_TO_HOME,GEOFENCE_VIOLATION,All monitored constraints satisfied
113.93,px4_local_ned_converted,-0.08,-0.03,1.64,0.04,-0.02,0.0,100.0,PX4_TELEMETRY,SAFE,INFO,CONTINUE,RETURNING_HOME,RETURN_TO_HOME,GEOFENCE_VIOLATION,All monitored constraints satisfied
114.03,px4_local_ned_converted,-0.08,-0.03,1.64,0.04,-0.02,0.0,100.0,PX4_TELEMETRY,SAFE,INFO,CONTINUE,RETURNING_HOME,RETURN_TO_HOME,GEOFENCE_VIOLATION,All monitored constraints satisfied
114.13,px4_local_ned_converted,-0.08,-0.03,1.64,0.04,-0.02,0.0,100.0,PX4_TELEMETRY,SAFE,INFO,CONTINUE,RETURNING_HOME,RETURN_TO_HOME,GEOFENCE_VIOLATION,All monitored constraints satisfied
114.24,px4_local_ned_converted,-0.08,-0.04,1.65,0.04,-0.02,-0.0,100.0,PX4_TELEMETRY,SAFE,INFO,CONTINUE,RETURNING_HOME,RETURN_TO_HOME,GEOFENCE_VIOLATION,All monitored constraints satisfied
114.34,px4_local_ned_converted,-0.08,-0.04,1.65,0.04,-0.02,-0.0,100.0,PX4_TELEMETRY,SAFE,INFO,CONTINUE,RETURNING_HOME,RETURN_TO_HOME,GEOFENCE_VIOLATION,All monitored constraints satisfied
114.44,px4_local_ned_converted,-0.08,-0.04,1.65,0.04,-0.02,-0.0,100.0,PX4_TELEMETRY,SAFE,INFO,CONTINUE,RETURNING_HOME,RETURN_TO_HOME,GEOFENCE_VIOLATION,All monitored constraints satisfied
114.55,px4_local_ned_converted,-0.08,-0.04,1.65,0.04,-0.02,-0.0,100.0,PX4_TELEMETRY,SAFE,INFO,CONTINUE,RETURNING_HOME,RETURN_TO_HOME,GEOFENCE_VIOLATION,All monitored constraints satisfied
114.65,px4_local_ned_converted,-0.08,-0.04,1.65,0.04,-0.02,-0.0,100.0,PX4_TELEMETRY,SAFE,INFO,CONTINUE,RETURNING_HOME,RETURN_TO_HOME,GEOFENCE_VIOLATION,All monitored constraints satisfied
114.75,px4_local_ned_converted,-0.07,-0.04,1.65,0.04,-0.02,-0.0,100.0,PX4_TELEMETRY,SAFE,INFO,CONTINUE,RETURNING_HOME,RETURN_TO_HOME,GEOFENCE_VIOLATION,All monitored constraints satisfied
114.86,px4_local_ned_converted,-0.07,-0.04,1.65,0.04,-0.02,-0.0,100.0,PX4_TELEMETRY,SAFE,INFO,CONTINUE,RETURNING_HOME,RETURN_TO_HOME,GEOFENCE_VIOLATION,All monitored constraints satisfied
114.97,px4_local_ned_converted,-0.07,-0.04,1.65,0.04,-0.02,-0.0,100.0,PX4_TELEMETRY,SAFE,INFO,CONTINUE,RETURNING_HOME,RETURN_TO_HOME,GEOFENCE_VIOLATION,All monitored constraints satisfied
115.07,px4_local_ned_converted,-0.07,-0.04,1.65,0.04,-0.02,-0.01,100.0,PX4_TELEMETRY,SAFE,INFO,CONTINUE,RETURNING_HOME,RETURN_TO_HOME,GEOFENCE_VIOLATION,All monitored constraints satisfied
115.18,px4_local_ned_converted,-0.07,-0.04,1.65,0.03,-0.02,-0.01,100.0,PX4_TELEMETRY,SAFE,INFO,CONTINUE,RETURNING_HOME,RETURN_TO_HOME,GEOFENCE_VIOLATION,All monitored constraints satisfied
115.28,px4_local_ned_converted,-0.07,-0.04,1.65,0.03,-0.02,-0.01,100.0,PX4_TELEMETRY,SAFE,INFO,CONTINUE,RETURNING_HOME,RETURN_TO_HOME,GEOFENCE_VIOLATION,All monitored constraints satisfied
115.39,px4_local_ned_converted,-0.06,-0.04,1.66,0.03,-0.01,-0.01,100.0,PX4_TELEMETRY,SAFE,INFO,CONTINUE,RETURNING_HOME,RETURN_TO_HOME,GEOFENCE_VIOLATION,All monitored constraints satisfied
115.49,px4_local_ned_converted,-0.06,-0.04,1.66,0.03,-0.01,-0.01,100.0,PX4_TELEMETRY,SAFE,INFO,CONTINUE,RETURNING_HOME,RETURN_TO_HOME,GEOFENCE_VIOLATION,All monitored constraints satisfied
115.6,px4_local_ned_converted,-0.06,-0.04,1.66,0.03,-0.01,-0.01,100.0,PX4_TELEMETRY,SAFE,INFO,CONTINUE,RETURNING_HOME,RETURN_TO_HOME,GEOFENCE_VIOLATION,All monitored constraints satisfied
115.7,px4_local_ned_converted,-0.06,-0.04,1.66,0.03,-0.01,-0.01,100.0,PX4_TELEMETRY,SAFE,INFO,CONTINUE,RETURNING_HOME,RETURN_TO_HOME,GEOFENCE_VIOLATION,All monitored constraints satisfied
115.81,px4_local_ned_converted,-0.06,-0.04,1.66,0.03,-0.01,-0.02,100.0,PX4_TELEMETRY,SAFE,INFO,CONTINUE,RETURNING_HOME,RETURN_TO_HOME,GEOFENCE_VIOLATION,All monitored constraints satisfied
115.91,px4_local_ned_converted,-0.05,-0.04,1.66,0.02,-0.01,-0.02,100.0,PX4_TELEMETRY,SAFE,INFO,CONTINUE,RETURNING_HOME,RETURN_TO_HOME,GEOFENCE_VIOLATION,All monitored constraints satisfied
116.02,px4_local_ned_converted,-0.05,-0.04,1.67,0.02,-0.01,-0.02,100.0,PX4_TELEMETRY,SAFE,INFO,CONTINUE,RETURNING_HOME,RETURN_TO_HOME,GEOFENCE_VIOLATION,All monitored constraints satisfied
116.13,px4_local_ned_converted,-0.06,-0.04,1.67,0.02,-0.01,-0.02,100.0,PX4_TELEMETRY,SAFE,INFO,CONTINUE,RETURNING_HOME,RETURN_TO_HOME,GEOFENCE_VIOLATION,All monitored constraints satisfied
116.23,px4_local_ned_converted,-0.05,-0.04,1.67,0.02,-0.01,-0.02,100.0,PX4_TELEMETRY,SAFE,INFO,CONTINUE,RETURNING_HOME,RETURN_TO_HOME,GEOFENCE_VIOLATION,All monitored constraints satisfied
116.34,px4_local_ned_converted,-0.05,-0.04,1.67,0.02,-0.0,-0.03,100.0,PX4_TELEMETRY,SAFE,INFO,CONTINUE,RETURNING_HOME,RETURN_TO_HOME,GEOFENCE_VIOLATION,All monitored constraints satisfied
116.45,px4_local_ned_converted,-0.05,-0.04,1.68,0.01,-0.0,-0.03,100.0,PX4_TELEMETRY,SAFE,INFO,CONTINUE,RETURNING_HOME,RETURN_TO_HOME,GEOFENCE_VIOLATION,All monitored constraints satisfied
116.55,px4_local_ned_converted,-0.05,-0.04,1.68,0.01,-0.01,-0.03,100.0,PX4_TELEMETRY,SAFE,INFO,CONTINUE,RETURNING_HOME,RETURN_TO_HOME,GEOFENCE_VIOLATION,All monitored constraints satisfied
116.66,px4_local_ned_converted,-0.05,-0.04,1.68,0.01,-0.01,-0.03,100.0,PX4_TELEMETRY,SAFE,INFO,CONTINUE,RETURNING_HOME,RETURN_TO_HOME,GEOFENCE_VIOLATION,All monitored constraints satisfied
116.76,px4_local_ned_converted,-0.05,-0.04,1.68,0.01,-0.01,-0.04,100.0,PX4_TELEMETRY,SAFE,INFO,CONTINUE,RETURNING_HOME,RETURN_TO_HOME,GEOFENCE_VIOLATION,All monitored constraints satisfied
116.86,px4_local_ned_converted,-0.05,-0.04,1.69,0.01,-0.01,-0.04,100.0,PX4_TELEMETRY,SAFE,INFO,CONTINUE,RETURNING_HOME,RETURN_TO_HOME,GEOFENCE_VIOLATION,All monitored constraints satisfied
116.96,px4_local_ned_converted,-0.05,-0.04,1.69,0.01,-0.01,-0.04,100.0,PX4_TELEMETRY,SAFE,INFO,CONTINUE,RETURNING_HOME,RETURN_TO_HOME,GEOFENCE_VIOLATION,All monitored constraints satisfied
117.07,px4_local_ned_converted,-0.05,-0.04,1.69,0.01,-0.01,-0.05,100.0,PX4_TELEMETRY,SAFE,INFO,CONTINUE,RETURNING_HOME,RETURN_TO_HOME,GEOFENCE_VIOLATION,All monitored constraints satisfied
117.18,px4_local_ned_converted,-0.05,-0.04,1.69,0.01,-0.01,-0.05,100.0,PX4_TELEMETRY,SAFE,INFO,CONTINUE,RETURNING_HOME,RETURN_TO_HOME,GEOFENCE_VIOLATION,All monitored constraints satisfied
117.28,px4_local_ned_converted,-0.05,-0.04,1.69,0.01,-0.01,-0.05,100.0,PX4_TELEMETRY,SAFE,INFO,CONTINUE,RETURNING_HOME,RETURN_TO_HOME,GEOFENCE_VIOLATION,All monitored constraints satisfied
117.38,px4_local_ned_converted,-0.05,-0.04,1.7,0.01,-0.01,-0.05,100.0,PX4_TELEMETRY,SAFE,INFO,CONTINUE,RETURNING_HOME,RETURN_TO_HOME,GEOFENCE_VIOLATION,All monitored constraints satisfied
117.49,px4_local_ned_converted,-0.05,-0.04,1.69,0.01,-0.01,-0.05,100.0,PX4_TELEMETRY,SAFE,INFO,CONTINUE,RETURNING_HOME,RETURN_TO_HOME,GEOFENCE_VIOLATION,All monitored constraints satisfied
117.59,px4_local_ned_converted,-0.04,-0.04,1.69,0.01,-0.01,-0.05,100.0,PX4_TELEMETRY,SAFE,INFO,CONTINUE,RETURNING_HOME,RETURN_TO_HOME,GEOFENCE_VIOLATION,All monitored constraints satisfied
117.7,px4_local_ned_converted,-0.04,-0.04,1.7,0.01,-0.01,-0.05,100.0,PX4_TELEMETRY,SAFE,INFO,CONTINUE,RETURNING_HOME,RETURN_TO_HOME,GEOFENCE_VIOLATION,All monitored constraints satisfied
117.8,px4_local_ned_converted,-0.04,-0.04,1.69,0.0,-0.01,-0.05,100.0,PX4_TELEMETRY,SAFE,INFO,CONTINUE,RETURNING_HOME,RETURN_TO_HOME,GEOFENCE_VIOLATION,All monitored constraints satisfied
117.91,px4_local_ned_converted,-0.04,-0.04,1.69,0.0,-0.01,-0.05,100.0,PX4_TELEMETRY,SAFE,INFO,CONTINUE,RETURNING_HOME,RETURN_TO_HOME,GEOFENCE_VIOLATION,All monitored constraints satisfied
118.01,px4_local_ned_converted,-0.04,-0.04,1.69,0.0,-0.01,-0.05,100.0,PX4_TELEMETRY,SAFE,INFO,CONTINUE,RETURNING_HOME,RETURN_TO_HOME,GEOFENCE_VIOLATION,All monitored constraints satisfied
118.12,px4_local_ned_converted,-0.03,-0.04,1.7,0.0,-0.01,-0.05,100.0,PX4_TELEMETRY,SAFE,INFO,CONTINUE,RETURNING_HOME,RETURN_TO_HOME,GEOFENCE_VIOLATION,All monitored constraints satisfied
118.22,px4_local_ned_converted,-0.03,-0.04,1.7,0.0,-0.01,-0.05,100.0,PX4_TELEMETRY,SAFE,INFO,CONTINUE,RETURNING_HOME,RETURN_TO_HOME,GEOFENCE_VIOLATION,All monitored constraints satisfied
118.32,px4_local_ned_converted,-0.03,-0.04,1.7,-0.0,-0.01,-0.05,100.0,PX4_TELEMETRY,SAFE,INFO,CONTINUE,RETURNING_HOME,RETURN_TO_HOME,GEOFENCE_VIOLATION,All monitored constraints satisfied
118.43,px4_local_ned_converted,-0.03,-0.04,1.7,-0.0,-0.01,-0.05,100.0,PX4_TELEMETRY,SAFE,INFO,CONTINUE,RETURNING_HOME,RETURN_TO_HOME,GEOFENCE_VIOLATION,All monitored constraints satisfied
118.54,px4_local_ned_converted,-0.03,-0.05,1.7,-0.01,-0.0,-0.05,100.0,PX4_TELEMETRY,SAFE,INFO,CONTINUE,RETURNING_HOME,RETURN_TO_HOME,GEOFENCE_VIOLATION,All monitored constraints satisfied
118.64,px4_local_ned_converted,-0.02,-0.05,1.7,-0.01,-0.01,-0.06,100.0,PX4_TELEMETRY,SAFE,INFO,CONTINUE,RETURNING_HOME,RETURN_TO_HOME,GEOFENCE_VIOLATION,All monitored constraints satisfied
118.75,px4_local_ned_converted,-0.02,-0.05,1.7,-0.01,-0.01,-0.06,100.0,PX4_TELEMETRY,SAFE,INFO,CONTINUE,RETURNING_HOME,RETURN_TO_HOME,GEOFENCE_VIOLATION,All monitored constraints satisfied
118.85,px4_local_ned_converted,-0.02,-0.05,1.7,-0.01,-0.01,-0.06,100.0,PX4_TELEMETRY,SAFE,INFO,CONTINUE,RETURNING_HOME,RETURN_TO_HOME,GEOFENCE_VIOLATION,All monitored constraints satisfied
118.95,px4_local_ned_converted,-0.02,-0.05,1.7,-0.01,-0.01,-0.05,100.0,PX4_TELEMETRY,SAFE,INFO,CONTINUE,RETURNING_HOME,RETURN_TO_HOME,GEOFENCE_VIOLATION,All monitored constraints satisfied
119.06,px4_local_ned_converted,-0.01,-0.05,1.7,-0.01,-0.0,-0.05,100.0,PX4_TELEMETRY,SAFE,INFO,CONTINUE,RETURNING_HOME,RETURN_TO_HOME,GEOFENCE_VIOLATION,All monitored constraints satisfied
119.16,px4_local_ned_converted,-0.01,-0.05,1.7,-0.01,-0.0,-0.05,100.0,PX4_TELEMETRY,SAFE,INFO,CONTINUE,RETURNING_HOME,RETURN_TO_HOME,GEOFENCE_VIOLATION,All monitored constraints satisfied
119.27,px4_local_ned_converted,-0.01,-0.05,1.7,-0.01,-0.0,-0.05,100.0,PX4_TELEMETRY,SAFE,INFO,CONTINUE,RETURNING_HOME,RETURN_TO_HOME,GEOFENCE_VIOLATION,All monitored constraints satisfied
119.37,px4_local_ned_converted,-0.0,-0.05,1.7,-0.01,-0.0,-0.05,100.0,PX4_TELEMETRY,SAFE,INFO,CONTINUE,RETURNING_HOME,RETURN_TO_HOME,GEOFENCE_VIOLATION,All monitored constraints satisfied
119.47,px4_local_ned_converted,-0.0,-0.04,1.7,-0.02,-0.0,-0.05,100.0,PX4_TELEMETRY,SAFE,INFO,CONTINUE,RETURNING_HOME,RETURN_TO_HOME,GEOFENCE_VIOLATION,All monitored constraints satisfied
119.58,px4_local_ned_converted,-0.0,-0.04,1.7,-0.02,-0.0,-0.05,100.0,PX4_TELEMETRY,SAFE,INFO,CONTINUE,RETURNING_HOME,RETURN_TO_HOME,GEOFENCE_VIOLATION,All monitored constraints satisfied
119.68,px4_local_ned_converted,-0.0,-0.04,1.7,-0.02,-0.0,-0.05,100.0,PX4_TELEMETRY,SAFE,INFO,CONTINUE,RETURNING_HOME,RETURN_TO_HOME,GEOFENCE_VIOLATION,All monitored constraints satisfied
119.78,px4_local_ned_converted,-0.0,-0.04,1.7,-0.02,-0.0,-0.05,100.0,PX4_TELEMETRY,SAFE,INFO,CONTINUE,RETURNING_HOME,RETURN_TO_HOME,GEOFENCE_VIOLATION,All monitored constraints satisfied
119.89,px4_local_ned_converted,-0.0,-0.04,1.7,-0.02,-0.0,-0.05,100.0,PX4_TELEMETRY,SAFE,INFO,CONTINUE,RETURNING_HOME,RETURN_TO_HOME,GEOFENCE_VIOLATION,All monitored constraints satisfied
119.99,px4_local_ned_converted,-0.0,-0.04,1.7,-0.03,-0.0,-0.06,100.0,PX4_TELEMETRY,SAFE,INFO,CONTINUE,RETURNING_HOME,RETURN_TO_HOME,GEOFENCE_VIOLATION,All monitored constraints satisfied
120.1,px4_local_ned_converted,-0.0,-0.04,1.7,-0.03,-0.0,-0.05,100.0,PX4_TELEMETRY,SAFE,INFO,CONTINUE,RETURNING_HOME,RETURN_TO_HOME,GEOFENCE_VIOLATION,All monitored constraints satisfied
120.2,px4_local_ned_converted,-0.0,-0.04,1.7,-0.03,-0.0,-0.06,100.0,PX4_TELEMETRY,SAFE,INFO,CONTINUE,RETURNING_HOME,RETURN_TO_HOME,GEOFENCE_VIOLATION,All monitored constraints satisfied
120.3,px4_local_ned_converted,-0.0,-0.04,1.7,-0.03,-0.0,-0.06,100.0,PX4_TELEMETRY,SAFE,INFO,CONTINUE,RETURNING_HOME,RETURN_TO_HOME,GEOFENCE_VIOLATION,All monitored constraints satisfied
120.41,px4_local_ned_converted,-0.01,-0.04,1.7,-0.03,-0.01,-0.06,100.0,PX4_TELEMETRY,SAFE,INFO,CONTINUE,RETURNING_HOME,RETURN_TO_HOME,GEOFENCE_VIOLATION,All monitored constraints satisfied
120.51,px4_local_ned_converted,-0.01,-0.04,1.7,-0.03,-0.01,-0.05,100.0,PX4_TELEMETRY,SAFE,INFO,CONTINUE,RETURNING_HOME,RETURN_TO_HOME,GEOFENCE_VIOLATION,All monitored constraints satisfied
120.62,px4_local_ned_converted,-0.01,-0.04,1.7,-0.03,-0.01,-0.06,100.0,PX4_TELEMETRY,SAFE,INFO,CONTINUE,RETURNING_HOME,RETURN_TO_HOME,GEOFENCE_VIOLATION,All monitored constraints satisfied
120.72,px4_local_ned_converted,-0.01,-0.04,1.7,-0.03,-0.01,-0.06,100.0,PX4_TELEMETRY,SAFE,INFO,CONTINUE,RETURNING_HOME,RETURN_TO_HOME,GEOFENCE_VIOLATION,All monitored constraints satisfied
120.83,px4_local_ned_converted,-0.01,-0.04,1.7,-0.03,-0.01,-0.05,100.0,PX4_TELEMETRY,SAFE,INFO,CONTINUE,RETURNING_HOME,RETURN_TO_HOME,GEOFENCE_VIOLATION,All monitored constraints satisfied
120.94,px4_local_ned_converted,-0.01,-0.04,1.7,-0.03,-0.01,-0.05,100.0,PX4_TELEMETRY,SAFE,INFO,CONTINUE,RETURNING_HOME,RETURN_TO_HOME,GEOFENCE_VIOLATION,All monitored constraints satisfied
121.04,px4_local_ned_converted,-0.01,-0.04,1.69,-0.03,-0.01,-0.05,100.0,PX4_TELEMETRY,SAFE,INFO,CONTINUE,RETURNING_HOME,RETURN_TO_HOME,GEOFENCE_VIOLATION,All monitored constraints satisfied
121.15,px4_local_ned_converted,-0.01,-0.04,1.69,-0.03,-0.01,-0.05,100.0,PX4_TELEMETRY,SAFE,INFO,CONTINUE,RETURNING_HOME,RETURN_TO_HOME,GEOFENCE_VIOLATION,All monitored constraints satisfied
121.25,px4_local_ned_converted,-0.01,-0.04,1.69,-0.03,-0.01,-0.05,100.0,PX4_TELEMETRY,SAFE,INFO,CONTINUE,RETURNING_HOME,RETURN_TO_HOME,GEOFENCE_VIOLATION,All monitored constraints satisfied
121.35,px4_local_ned_converted,-0.01,-0.04,1.69,-0.03,-0.01,-0.04,100.0,PX4_TELEMETRY,SAFE,INFO,CONTINUE,RETURNING_HOME,RETURN_TO_HOME,GEOFENCE_VIOLATION,All monitored constraints satisfied
121.46,px4_local_ned_converted,-0.01,-0.04,1.69,-0.03,-0.01,-0.04,100.0,PX4_TELEMETRY,SAFE,INFO,CONTINUE,RETURNING_HOME,RETURN_TO_HOME,GEOFENCE_VIOLATION,All monitored constraints satisfied
121.56,px4_local_ned_converted,-0.01,-0.04,1.69,-0.03,-0.01,-0.04,100.0,PX4_TELEMETRY,SAFE,INFO,CONTINUE,RETURNING_HOME,RETURN_TO_HOME,GEOFENCE_VIOLATION,All monitored constraints satisfied
121.67,px4_local_ned_converted,-0.01,-0.04,1.69,-0.03,-0.01,-0.04,100.0,PX4_TELEMETRY,SAFE,INFO,CONTINUE,RETURNING_HOME,RETURN_TO_HOME,GEOFENCE_VIOLATION,All monitored constraints satisfied
121.77,px4_local_ned_converted,-0.01,-0.04,1.69,-0.03,-0.01,-0.04,100.0,PX4_TELEMETRY,SAFE,INFO,CONTINUE,RETURNING_HOME,RETURN_TO_HOME,GEOFENCE_VIOLATION,All monitored constraints satisfied
121.87,px4_local_ned_converted,-0.01,-0.04,1.69,-0.02,-0.01,-0.04,100.0,PX4_TELEMETRY,SAFE,INFO,CONTINUE,RETURNING_HOME,RETURN_TO_HOME,GEOFENCE_VIOLATION,All monitored constraints satisfied
121.98,px4_local_ned_converted,-0.02,-0.04,1.69,-0.02,-0.01,-0.04,100.0,PX4_TELEMETRY,SAFE,INFO,CONTINUE,RETURNING_HOME,RETURN_TO_HOME,GEOFENCE_VIOLATION,All monitored constraints satisfied
122.08,px4_local_ned_converted,-0.02,-0.04,1.69,-0.02,-0.01,-0.04,100.0,PX4_TELEMETRY,SAFE,INFO,CONTINUE,RETURNING_HOME,RETURN_TO_HOME,GEOFENCE_VIOLATION,All monitored constraints satisfied
122.19,px4_local_ned_converted,-0.02,-0.04,1.69,-0.02,-0.01,-0.04,100.0,PX4_TELEMETRY,SAFE,INFO,CONTINUE,RETURNING_HOME,RETURN_TO_HOME,GEOFENCE_VIOLATION,All monitored constraints satisfied
122.29,px4_local_ned_converted,-0.02,-0.04,1.69,-0.02,-0.01,-0.04,100.0,PX4_TELEMETRY,SAFE,INFO,CONTINUE,RETURNING_HOME,RETURN_TO_HOME,GEOFENCE_VIOLATION,All monitored constraints satisfied
122.39,px4_local_ned_converted,-0.02,-0.05,1.69,-0.02,-0.01,-0.04,100.0,PX4_TELEMETRY,SAFE,INFO,CONTINUE,RETURNING_HOME,RETURN_TO_HOME,GEOFENCE_VIOLATION,All monitored constraints satisfied
122.5,px4_local_ned_converted,-0.02,-0.04,1.69,-0.02,-0.01,-0.04,100.0,PX4_TELEMETRY,SAFE,INFO,CONTINUE,RETURNING_HOME,RETURN_TO_HOME,GEOFENCE_VIOLATION,All monitored constraints satisfied
122.61,px4_local_ned_converted,-0.02,-0.04,1.69,-0.02,-0.01,-0.05,100.0,PX4_TELEMETRY,SAFE,INFO,CONTINUE,RETURNING_HOME,RETURN_TO_HOME,GEOFENCE_VIOLATION,All monitored constraints satisfied
122.71,px4_local_ned_converted,-0.02,-0.04,1.69,-0.02,-0.01,-0.05,100.0,PX4_TELEMETRY,SAFE,INFO,CONTINUE,RETURNING_HOME,RETURN_TO_HOME,GEOFENCE_VIOLATION,All monitored constraints satisfied
122.81,px4_local_ned_converted,-0.02,-0.04,1.69,-0.02,-0.0,-0.05,100.0,PX4_TELEMETRY,SAFE,INFO,CONTINUE,RETURNING_HOME,RETURN_TO_HOME,GEOFENCE_VIOLATION,All monitored constraints satisfied
122.92,px4_local_ned_converted,-0.03,-0.04,1.69,-0.02,-0.0,-0.05,100.0,PX4_TELEMETRY,SAFE,INFO,CONTINUE,RETURNING_HOME,RETURN_TO_HOME,GEOFENCE_VIOLATION,All monitored constraints satisfied
123.02,px4_local_ned_converted,-0.03,-0.04,1.69,-0.02,-0.0,-0.05,100.0,PX4_TELEMETRY,SAFE,INFO,CONTINUE,RETURNING_HOME,RETURN_TO_HOME,GEOFENCE_VIOLATION,All monitored constraints satisfied
123.13,px4_local_ned_converted,-0.03,-0.04,1.69,-0.02,-0.0,-0.05,100.0,PX4_TELEMETRY,SAFE,INFO,CONTINUE,RETURNING_HOME,RETURN_TO_HOME,GEOFENCE_VIOLATION,All monitored constraints satisfied
123.23,px4_local_ned_converted,-0.03,-0.04,1.69,-0.01,-0.0,-0.05,100.0,PX4_TELEMETRY,SAFE,INFO,CONTINUE,RETURNING_HOME,RETURN_TO_HOME,GEOFENCE_VIOLATION,All monitored constraints satisfied
123.33,px4_local_ned_converted,-0.04,-0.04,1.69,-0.01,-0.0,-0.05,100.0,PX4_TELEMETRY,SAFE,INFO,CONTINUE,RETURNING_HOME,RETURN_TO_HOME,GEOFENCE_VIOLATION,All monitored constraints satisfied
123.44,px4_local_ned_converted,-0.04,-0.04,1.69,-0.01,-0.0,-0.05,100.0,PX4_TELEMETRY,SAFE,INFO,CONTINUE,RETURNING_HOME,RETURN_TO_HOME,GEOFENCE_VIOLATION,All monitored constraints satisfied
123.54,px4_local_ned_converted,-0.04,-0.04,1.69,-0.01,-0.0,-0.05,100.0,PX4_TELEMETRY,SAFE,INFO,CONTINUE,RETURNING_HOME,RETURN_TO_HOME,GEOFENCE_VIOLATION,All monitored constraints satisfied
123.65,px4_local_ned_converted,-0.04,-0.04,1.69,-0.01,-0.0,-0.05,100.0,PX4_TELEMETRY,SAFE,INFO,CONTINUE,RETURNING_HOME,RETURN_TO_HOME,GEOFENCE_VIOLATION,All monitored constraints satisfied
123.75,px4_local_ned_converted,-0.04,-0.04,1.69,-0.01,-0.0,-0.04,100.0,PX4_TELEMETRY,SAFE,INFO,CONTINUE,RETURNING_HOME,RETURN_TO_HOME,GEOFENCE_VIOLATION,All monitored constraints satisfied
123.85,px4_local_ned_converted,-0.04,-0.04,1.68,-0.0,-0.0,-0.04,100.0,PX4_TELEMETRY,SAFE,INFO,CONTINUE,RETURNING_HOME,RETURN_TO_HOME,GEOFENCE_VIOLATION,All monitored constraints satisfied
123.96,px4_local_ned_converted,-0.04,-0.04,1.68,-0.0,-0.0,-0.04,100.0,PX4_TELEMETRY,SAFE,INFO,CONTINUE,RETURNING_HOME,RETURN_TO_HOME,GEOFENCE_VIOLATION,All monitored constraints satisfied
124.06,px4_local_ned_converted,-0.04,-0.04,1.68,0.0,-0.0,-0.04,100.0,PX4_TELEMETRY,SAFE,INFO,CONTINUE,RETURNING_HOME,RETURN_TO_HOME,GEOFENCE_VIOLATION,All monitored constraints satisfied
124.17,px4_local_ned_converted,-0.05,-0.04,1.68,0.0,-0.0,-0.03,100.0,PX4_TELEMETRY,SAFE,INFO,CONTINUE,RETURNING_HOME,RETURN_TO_HOME,GEOFENCE_VIOLATION,All monitored constraints satisfied
124.27,px4_local_ned_converted,-0.05,-0.04,1.67,0.0,-0.0,-0.03,100.0,PX4_TELEMETRY,SAFE,INFO,CONTINUE,RETURNING_HOME,RETURN_TO_HOME,GEOFENCE_VIOLATION,All monitored constraints satisfied
124.37,px4_local_ned_converted,-0.05,-0.04,1.67,0.0,-0.0,-0.03,100.0,PX4_TELEMETRY,SAFE,INFO,CONTINUE,RETURNING_HOME,RETURN_TO_HOME,GEOFENCE_VIOLATION,All monitored constraints satisfied
124.48,px4_local_ned_converted,-0.05,-0.04,1.67,0.0,-0.01,-0.03,100.0,PX4_TELEMETRY,SAFE,INFO,CONTINUE,RETURNING_HOME,RETURN_TO_HOME,GEOFENCE_VIOLATION,All monitored constraints satisfied
124.58,px4_local_ned_converted,-0.05,-0.04,1.67,0.01,-0.0,-0.03,100.0,PX4_TELEMETRY,SAFE,INFO,CONTINUE,RETURNING_HOME,RETURN_TO_HOME,GEOFENCE_VIOLATION,All monitored constraints satisfied
124.69,px4_local_ned_converted,-0.05,-0.04,1.67,0.01,-0.0,-0.02,100.0,PX4_TELEMETRY,SAFE,INFO,CONTINUE,RETURNING_HOME,RETURN_TO_HOME,GEOFENCE_VIOLATION,All monitored constraints satisfied
124.8,px4_local_ned_converted,-0.05,-0.04,1.67,0.01,-0.0,-0.02,100.0,PX4_TELEMETRY,SAFE,INFO,CONTINUE,RETURNING_HOME,RETURN_TO_HOME,GEOFENCE_VIOLATION,All monitored constraints satisfied
124.9,px4_local_ned_converted,-0.05,-0.04,1.67,0.01,-0.0,-0.02,100.0,PX4_TELEMETRY,SAFE,INFO,CONTINUE,RETURNING_HOME,RETURN_TO_HOME,GEOFENCE_VIOLATION,All monitored constraints satisfied
125.0,px4_local_ned_converted,-0.05,-0.04,1.66,0.01,-0.0,-0.02,100.0,PX4_TELEMETRY,SAFE,INFO,CONTINUE,RETURNING_HOME,RETURN_TO_HOME,GEOFENCE_VIOLATION,All monitored constraints satisfied
125.11,px4_local_ned_converted,-0.05,-0.04,1.66,0.01,-0.0,-0.02,100.0,PX4_TELEMETRY,SAFE,INFO,CONTINUE,RETURNING_HOME,RETURN_TO_HOME,GEOFENCE_VIOLATION,All monitored constraints satisfied
125.21,px4_local_ned_converted,-0.05,-0.04,1.66,0.01,-0.0,-0.02,100.0,PX4_TELEMETRY,SAFE,INFO,CONTINUE,RETURNING_HOME,RETURN_TO_HOME,GEOFENCE_VIOLATION,All monitored constraints satisfied
125.32,px4_local_ned_converted,-0.06,-0.04,1.66,0.01,-0.0,-0.01,100.0,PX4_TELEMETRY,SAFE,INFO,CONTINUE,RETURNING_HOME,RETURN_TO_HOME,GEOFENCE_VIOLATION,All monitored constraints satisfied
125.42,px4_local_ned_converted,-0.06,-0.04,1.66,0.01,-0.0,-0.01,100.0,PX4_TELEMETRY,SAFE,INFO,CONTINUE,RETURNING_HOME,RETURN_TO_HOME,GEOFENCE_VIOLATION,All monitored constraints satisfied
125.52,px4_local_ned_converted,-0.06,-0.04,1.66,0.01,-0.0,-0.01,100.0,PX4_TELEMETRY,SAFE,INFO,CONTINUE,RETURNING_HOME,RETURN_TO_HOME,GEOFENCE_VIOLATION,All monitored constraints satisfied
125.63,px4_local_ned_converted,-0.06,-0.04,1.66,0.01,-0.0,-0.01,100.0,PX4_TELEMETRY,SAFE,INFO,CONTINUE,RETURNING_HOME,RETURN_TO_HOME,GEOFENCE_VIOLATION,All monitored constraints satisfied
125.73,px4_local_ned_converted,-0.06,-0.04,1.66,0.01,-0.0,-0.01,100.0,PX4_TELEMETRY,SAFE,INFO,CONTINUE,RETURNING_HOME,RETURN_TO_HOME,GEOFENCE_VIOLATION,All monitored constraints satisfied
125.84,px4_local_ned_converted,-0.06,-0.04,1.66,0.02,-0.0,-0.01,100.0,PX4_TELEMETRY,SAFE,INFO,CONTINUE,RETURNING_HOME,RETURN_TO_HOME,GEOFENCE_VIOLATION,All monitored constraints satisfied
125.94,px4_local_ned_converted,-0.06,-0.04,1.66,0.01,-0.0,-0.01,100.0,PX4_TELEMETRY,SAFE,INFO,CONTINUE,RETURNING_HOME,RETURN_TO_HOME,GEOFENCE_VIOLATION,All monitored constraints satisfied
126.04,px4_local_ned_converted,-0.06,-0.04,1.66,0.02,-0.0,-0.01,100.0,PX4_TELEMETRY,SAFE,INFO,CONTINUE,RETURNING_HOME,RETURN_TO_HOME,GEOFENCE_VIOLATION,All monitored constraints satisfied
126.15,px4_local_ned_converted,-0.06,-0.04,1.66,0.02,-0.01,-0.01,100.0,PX4_TELEMETRY,SAFE,INFO,CONTINUE,RETURNING_HOME,RETURN_TO_HOME,GEOFENCE_VIOLATION,All monitored constraints satisfied
126.25,px4_local_ned_converted,-0.06,-0.04,1.66,0.02,-0.01,-0.01,100.0,PX4_TELEMETRY,SAFE,INFO,CONTINUE,RETURNING_HOME,RETURN_TO_HOME,GEOFENCE_VIOLATION,All monitored constraints satisfied
126.35,px4_local_ned_converted,-0.06,-0.04,1.66,0.02,-0.01,-0.01,100.0,PX4_TELEMETRY,SAFE,INFO,CONTINUE,RETURNING_HOME,RETURN_TO_HOME,GEOFENCE_VIOLATION,All monitored constraints satisfied
126.46,px4_local_ned_converted,-0.06,-0.05,1.65,0.02,-0.01,-0.01,100.0,PX4_TELEMETRY,SAFE,INFO,CONTINUE,RETURNING_HOME,RETURN_TO_HOME,GEOFENCE_VIOLATION,All monitored constraints satisfied
126.56,px4_local_ned_converted,-0.06,-0.05,1.65,0.02,-0.01,-0.01,100.0,PX4_TELEMETRY,SAFE,INFO,CONTINUE,RETURNING_HOME,RETURN_TO_HOME,GEOFENCE_VIOLATION,All monitored constraints satisfied
126.66,px4_local_ned_converted,-0.05,-0.05,1.65,0.02,-0.01,-0.01,100.0,PX4_TELEMETRY,SAFE,INFO,CONTINUE,RETURNING_HOME,RETURN_TO_HOME,GEOFENCE_VIOLATION,All monitored constraints satisfied
126.77,px4_local_ned_converted,-0.05,-0.05,1.65,0.02,-0.01,-0.0,100.0,PX4_TELEMETRY,SAFE,INFO,CONTINUE,RETURNING_HOME,RETURN_TO_HOME,GEOFENCE_VIOLATION,All monitored constraints satisfied
126.87,px4_local_ned_converted,-0.05,-0.05,1.65,0.02,-0.01,-0.0,100.0,PX4_TELEMETRY,SAFE,INFO,CONTINUE,RETURNING_HOME,RETURN_TO_HOME,GEOFENCE_VIOLATION,All monitored constraints satisfied
126.98,px4_local_ned_converted,-0.05,-0.05,1.64,0.02,-0.01,-0.0,100.0,PX4_TELEMETRY,SAFE,INFO,CONTINUE,RETURNING_HOME,RETURN_TO_HOME,GEOFENCE_VIOLATION,All monitored constraints satisfied
127.09,px4_local_ned_converted,-0.05,-0.05,1.64,0.02,-0.0,0.0,100.0,PX4_TELEMETRY,SAFE,INFO,CONTINUE,RETURNING_HOME,RETURN_TO_HOME,GEOFENCE_VIOLATION,All monitored constraints satisfied
127.19,px4_local_ned_converted,-0.05,-0.05,1.64,0.02,-0.0,0.0,100.0,PX4_TELEMETRY,SAFE,INFO,CONTINUE,RETURNING_HOME,RETURN_TO_HOME,GEOFENCE_VIOLATION,All monitored constraints satisfied
127.3,px4_local_ned_converted,-0.06,-0.05,1.64,0.02,-0.0,0.01,100.0,PX4_TELEMETRY,SAFE,INFO,CONTINUE,RETURNING_HOME,RETURN_TO_HOME,GEOFENCE_VIOLATION,All monitored constraints satisfied
127.4,px4_local_ned_converted,-0.06,-0.05,1.65,0.02,-0.0,0.01,100.0,PX4_TELEMETRY,SAFE,INFO,CONTINUE,RETURNING_HOME,RETURN_TO_HOME,GEOFENCE_VIOLATION,All monitored constraints satisfied
127.51,px4_local_ned_converted,-0.06,-0.05,1.65,0.02,-0.0,0.0,100.0,PX4_TELEMETRY,SAFE,INFO,CONTINUE,RETURNING_HOME,RETURN_TO_HOME,GEOFENCE_VIOLATION,All monitored constraints satisfied
127.61,px4_local_ned_converted,-0.06,-0.04,1.65,0.02,-0.0,0.0,100.0,PX4_TELEMETRY,SAFE,INFO,CONTINUE,RETURNING_HOME,RETURN_TO_HOME,GEOFENCE_VIOLATION,All monitored constraints satisfied
127.72,px4_local_ned_converted,-0.06,-0.04,1.64,0.02,-0.0,-0.0,100.0,PX4_TELEMETRY,SAFE,INFO,CONTINUE,RETURNING_HOME,RETURN_TO_HOME,GEOFENCE_VIOLATION,All monitored constraints satisfied
127.82,px4_local_ned_converted,-0.06,-0.04,1.64,0.02,-0.0,0.0,100.0,PX4_TELEMETRY,SAFE,INFO,CONTINUE,RETURNING_HOME,RETURN_TO_HOME,GEOFENCE_VIOLATION,All monitored constraints satisfied
127.92,px4_local_ned_converted,-0.06,-0.04,1.64,0.02,-0.0,0.0,100.0,PX4_TELEMETRY,SAFE,INFO,CONTINUE,RETURNING_HOME,RETURN_TO_HOME,GEOFENCE_VIOLATION,All monitored constraints satisfied
128.03,px4_local_ned_converted,-0.06,-0.04,1.64,0.02,-0.0,0.0,100.0,PX4_TELEMETRY,SAFE,INFO,CONTINUE,RETURNING_HOME,RETURN_TO_HOME,GEOFENCE_VIOLATION,All monitored constraints satisfied
128.13,px4_local_ned_converted,-0.06,-0.04,1.64,0.02,-0.0,0.01,100.0,PX4_TELEMETRY,SAFE,INFO,CONTINUE,RETURNING_HOME,RETURN_TO_HOME,GEOFENCE_VIOLATION,All monitored constraints satisfied
128.24,px4_local_ned_converted,-0.06,-0.04,1.64,0.02,-0.01,0.01,100.0,PX4_TELEMETRY,SAFE,INFO,CONTINUE,RETURNING_HOME,RETURN_TO_HOME,GEOFENCE_VIOLATION,All monitored constraints satisfied
128.34,px4_local_ned_converted,-0.06,-0.03,1.64,0.02,-0.01,0.01,100.0,PX4_TELEMETRY,SAFE,INFO,CONTINUE,RETURNING_HOME,RETURN_TO_HOME,GEOFENCE_VIOLATION,All monitored constraints satisfied
128.44,px4_local_ned_converted,-0.06,-0.03,1.64,0.02,-0.01,0.01,100.0,PX4_TELEMETRY,SAFE,INFO,CONTINUE,RETURNING_HOME,RETURN_TO_HOME,GEOFENCE_VIOLATION,All monitored constraints satisfied
128.55,px4_local_ned_converted,-0.06,-0.03,1.64,0.02,-0.01,0.01,100.0,PX4_TELEMETRY,SAFE,INFO,CONTINUE,RETURNING_HOME,RETURN_TO_HOME,GEOFENCE_VIOLATION,All monitored constraints satisfied
128.65,px4_local_ned_converted,-0.06,-0.03,1.64,0.01,-0.01,0.01,100.0,PX4_TELEMETRY,SAFE,INFO,CONTINUE,RETURNING_HOME,RETURN_TO_HOME,GEOFENCE_VIOLATION,All monitored constraints satisfied
128.76,px4_local_ned_converted,-0.06,-0.03,1.64,0.02,-0.01,0.01,100.0,PX4_TELEMETRY,SAFE,INFO,CONTINUE,RETURNING_HOME,RETURN_TO_HOME,GEOFENCE_VIOLATION,All monitored constraints satisfied
128.87,px4_local_ned_converted,-0.06,-0.02,1.64,0.02,-0.01,0.01,100.0,PX4_TELEMETRY,SAFE,INFO,CONTINUE,RETURNING_HOME,RETURN_TO_HOME,GEOFENCE_VIOLATION,All monitored constraints satisfied
128.97,px4_local_ned_converted,-0.06,-0.02,1.64,0.02,-0.02,0.01,100.0,PX4_TELEMETRY,SAFE,INFO,CONTINUE,RETURNING_HOME,RETURN_TO_HOME,GEOFENCE_VIOLATION,All monitored constraints satisfied
129.07,px4_local_ned_converted,-0.06,-0.02,1.64,0.02,-0.02,0.0,100.0,PX4_TELEMETRY,SAFE,INFO,CONTINUE,RETURNING_HOME,RETURN_TO_HOME,GEOFENCE_VIOLATION,All monitored constraints satisfied
129.18,px4_local_ned_converted,-0.06,-0.02,1.64,0.02,-0.02,0.0,100.0,PX4_TELEMETRY,SAFE,INFO,CONTINUE,RETURNING_HOME,RETURN_TO_HOME,GEOFENCE_VIOLATION,All monitored constraints satisfied
129.28,px4_local_ned_converted,-0.06,-0.02,1.64,0.02,-0.02,0.0,100.0,PX4_TELEMETRY,SAFE,INFO,CONTINUE,RETURNING_HOME,RETURN_TO_HOME,GEOFENCE_VIOLATION,All monitored constraints satisfied
129.38,px4_local_ned_converted,-0.06,-0.02,1.64,0.02,-0.02,0.0,100.0,PX4_TELEMETRY,SAFE,INFO,CONTINUE,RETURNING_HOME,RETURN_TO_HOME,GEOFENCE_VIOLATION,All monitored constraints satisfied
129.49,px4_local_ned_converted,-0.06,-0.02,1.64,0.02,-0.02,0.0,100.0,PX4_TELEMETRY,SAFE,INFO,CONTINUE,RETURNING_HOME,RETURN_TO_HOME,GEOFENCE_VIOLATION,All monitored constraints satisfied
129.59,px4_local_ned_converted,-0.06,-0.02,1.64,0.01,-0.03,0.0,100.0,PX4_TELEMETRY,SAFE,INFO,CONTINUE,RETURNING_HOME,RETURN_TO_HOME,GEOFENCE_VIOLATION,All monitored constraints satisfied
129.69,px4_local_ned_converted,-0.06,-0.03,1.64,0.01,-0.03,-0.0,100.0,PX4_TELEMETRY,SAFE,INFO,CONTINUE,RETURNING_HOME,RETURN_TO_HOME,GEOFENCE_VIOLATION,All monitored constraints satisfied
129.8,px4_local_ned_converted,-0.06,-0.03,1.64,0.01,-0.03,-0.0,100.0,PX4_TELEMETRY,SAFE,INFO,CONTINUE,RETURNING_HOME,RETURN_TO_HOME,GEOFENCE_VIOLATION,All monitored constraints satisfied
129.9,px4_local_ned_converted,-0.06,-0.02,1.64,0.01,-0.02,-0.0,100.0,PX4_TELEMETRY,SAFE,INFO,CONTINUE,RETURNING_HOME,RETURN_TO_HOME,GEOFENCE_VIOLATION,All monitored constraints satisfied
130.0,px4_local_ned_converted,-0.05,-0.02,1.64,0.01,-0.02,0.0,100.0,PX4_TELEMETRY,SAFE,INFO,CONTINUE,RETURNING_HOME,RETURN_TO_HOME,GEOFENCE_VIOLATION,All monitored constraints satisfied
130.11,px4_local_ned_converted,-0.05,-0.02,1.64,0.01,-0.02,0.0,100.0,PX4_TELEMETRY,SAFE,INFO,CONTINUE,RETURNING_HOME,RETURN_TO_HOME,GEOFENCE_VIOLATION,All monitored constraints satisfied
130.21,px4_local_ned_converted,-0.05,-0.02,1.64,0.01,-0.03,0.0,100.0,PX4_TELEMETRY,SAFE,INFO,CONTINUE,RETURNING_HOME,RETURN_TO_HOME,GEOFENCE_VIOLATION,All monitored constraints satisfied
130.31,px4_local_ned_converted,-0.05,-0.02,1.64,0.01,-0.03,0.0,100.0,PX4_TELEMETRY,SAFE,INFO,CONTINUE,RETURNING_HOME,RETURN_TO_HOME,GEOFENCE_VIOLATION,All monitored constraints satisfied
130.41,px4_local_ned_converted,-0.05,-0.02,1.65,0.01,-0.03,0.0,100.0,PX4_TELEMETRY,SAFE,INFO,CONTINUE,RETURNING_HOME,RETURN_TO_HOME,GEOFENCE_VIOLATION,All monitored constraints satisfied
130.51,px4_local_ned_converted,-0.05,-0.02,1.65,0.01,-0.03,-0.0,100.0,PX4_TELEMETRY,SAFE,INFO,CONTINUE,RETURNING_HOME,RETURN_TO_HOME,GEOFENCE_VIOLATION,All monitored constraints satisfied
130.62,px4_local_ned_converted,-0.05,-0.02,1.65,0.01,-0.03,-0.0,100.0,PX4_TELEMETRY,SAFE,INFO,CONTINUE,RETURNING_HOME,RETURN_TO_HOME,GEOFENCE_VIOLATION,All monitored constraints satisfied
130.72,px4_local_ned_converted,-0.04,-0.02,1.65,0.01,-0.03,-0.0,100.0,PX4_TELEMETRY,SAFE,INFO,CONTINUE,RETURNING_HOME,RETURN_TO_HOME,GEOFENCE_VIOLATION,All monitored constraints satisfied
130.83,px4_local_ned_converted,-0.04,-0.01,1.65,0.01,-0.03,-0.0,100.0,PX4_TELEMETRY,SAFE,INFO,CONTINUE,RETURNING_HOME,RETURN_TO_HOME,GEOFENCE_VIOLATION,All monitored constraints satisfied
130.93,px4_local_ned_converted,-0.04,-0.01,1.65,0.01,-0.03,-0.0,100.0,PX4_TELEMETRY,SAFE,INFO,CONTINUE,RETURNING_HOME,RETURN_TO_HOME,GEOFENCE_VIOLATION,All monitored constraints satisfied
131.04,px4_local_ned_converted,-0.04,-0.01,1.65,0.01,-0.03,-0.0,100.0,PX4_TELEMETRY,SAFE,INFO,CONTINUE,RETURNING_HOME,RETURN_TO_HOME,GEOFENCE_VIOLATION,All monitored constraints satisfied
131.14,px4_local_ned_converted,-0.04,-0.01,1.64,0.01,-0.03,-0.0,100.0,PX4_TELEMETRY,SAFE,INFO,CONTINUE,RETURNING_HOME,RETURN_TO_HOME,GEOFENCE_VIOLATION,All monitored constraints satisfied
131.24,px4_local_ned_converted,-0.04,-0.01,1.64,0.01,-0.03,-0.0,100.0,PX4_TELEMETRY,SAFE,INFO,CONTINUE,RETURNING_HOME,RETURN_TO_HOME,GEOFENCE_VIOLATION,All monitored constraints satisfied
131.35,px4_local_ned_converted,-0.03,-0.01,1.64,0.01,-0.03,0.0,100.0,PX4_TELEMETRY,SAFE,INFO,CONTINUE,RETURNING_HOME,RETURN_TO_HOME,GEOFENCE_VIOLATION,All monitored constraints satisfied
131.46,px4_local_ned_converted,-0.03,-0.01,1.65,0.01,-0.03,0.0,100.0,PX4_TELEMETRY,SAFE,INFO,CONTINUE,RETURNING_HOME,RETURN_TO_HOME,GEOFENCE_VIOLATION,All monitored constraints satisfied
131.56,px4_local_ned_converted,-0.03,-0.01,1.65,0.0,-0.03,0.0,100.0,PX4_TELEMETRY,SAFE,INFO,CONTINUE,RETURNING_HOME,RETURN_TO_HOME,GEOFENCE_VIOLATION,All monitored constraints satisfied
131.66,px4_local_ned_converted,-0.03,-0.01,1.65,0.0,-0.03,-0.0,100.0,PX4_TELEMETRY,SAFE,INFO,CONTINUE,RETURNING_HOME,RETURN_TO_HOME,GEOFENCE_VIOLATION,All monitored constraints satisfied
131.76,px4_local_ned_converted,-0.03,-0.01,1.65,0.0,-0.03,-0.0,100.0,PX4_TELEMETRY,SAFE,INFO,CONTINUE,RETURNING_HOME,RETURN_TO_HOME,GEOFENCE_VIOLATION,All monitored constraints satisfied
131.87,px4_local_ned_converted,-0.02,-0.01,1.65,0.0,-0.03,-0.0,100.0,PX4_TELEMETRY,SAFE,INFO,CONTINUE,RETURNING_HOME,RETURN_TO_HOME,GEOFENCE_VIOLATION,All monitored constraints satisfied
131.97,px4_local_ned_converted,-0.02,-0.01,1.65,0.0,-0.03,-0.01,100.0,PX4_TELEMETRY,SAFE,INFO,CONTINUE,RETURNING_HOME,RETURN_TO_HOME,GEOFENCE_VIOLATION,All monitored constraints satisfied
132.07,px4_local_ned_converted,-0.02,-0.01,1.65,-0.0,-0.03,-0.01,100.0,PX4_TELEMETRY,SAFE,INFO,CONTINUE,RETURNING_HOME,RETURN_TO_HOME,GEOFENCE_VIOLATION,All monitored constraints satisfied
132.18,px4_local_ned_converted,-0.02,-0.01,1.65,-0.0,-0.03,-0.01,100.0,PX4_TELEMETRY,SAFE,INFO,CONTINUE,RETURNING_HOME,RETURN_TO_HOME,GEOFENCE_VIOLATION,All monitored constraints satisfied
132.28,px4_local_ned_converted,-0.02,-0.0,1.66,-0.01,-0.03,-0.01,100.0,PX4_TELEMETRY,SAFE,INFO,CONTINUE,RETURNING_HOME,RETURN_TO_HOME,GEOFENCE_VIOLATION,All monitored constraints satisfied
132.39,px4_local_ned_converted,-0.01,0.0,1.66,-0.01,-0.03,-0.01,100.0,PX4_TELEMETRY,SAFE,INFO,CONTINUE,RETURNING_HOME,RETURN_TO_HOME,GEOFENCE_VIOLATION,All monitored constraints satisfied
132.49,px4_local_ned_converted,-0.01,0.0,1.66,-0.01,-0.03,-0.01,100.0,PX4_TELEMETRY,SAFE,INFO,CONTINUE,RETURNING_HOME,RETURN_TO_HOME,GEOFENCE_VIOLATION,All monitored constraints satisfied
132.59,px4_local_ned_converted,-0.02,0.0,1.66,-0.01,-0.03,-0.01,100.0,PX4_TELEMETRY,SAFE,INFO,CONTINUE,RETURNING_HOME,RETURN_TO_HOME,GEOFENCE_VIOLATION,All monitored constraints satisfied
132.7,px4_local_ned_converted,-0.01,0.01,1.66,-0.01,-0.03,-0.01,100.0,PX4_TELEMETRY,SAFE,INFO,CONTINUE,RETURNING_HOME,RETURN_TO_HOME,GEOFENCE_VIOLATION,All monitored constraints satisfied
132.8,px4_local_ned_converted,-0.01,0.01,1.66,-0.01,-0.03,-0.01,100.0,PX4_TELEMETRY,SAFE,INFO,CONTINUE,RETURNING_HOME,RETURN_TO_HOME,GEOFENCE_VIOLATION,All monitored constraints satisfied
132.91,px4_local_ned_converted,-0.01,0.01,1.66,-0.01,-0.03,-0.01,100.0,PX4_TELEMETRY,SAFE,INFO,CONTINUE,RETURNING_HOME,RETURN_TO_HOME,GEOFENCE_VIOLATION,All monitored constraints satisfied
133.01,px4_local_ned_converted,-0.01,0.01,1.66,-0.01,-0.04,-0.01,100.0,PX4_TELEMETRY,SAFE,INFO,CONTINUE,RETURNING_HOME,RETURN_TO_HOME,GEOFENCE_VIOLATION,All monitored constraints satisfied
133.11,px4_local_ned_converted,-0.01,0.01,1.66,-0.01,-0.04,-0.01,100.0,PX4_TELEMETRY,SAFE,INFO,CONTINUE,RETURNING_HOME,RETURN_TO_HOME,GEOFENCE_VIOLATION,All monitored constraints satisfied
133.22,px4_local_ned_converted,-0.01,0.01,1.66,-0.01,-0.04,-0.02,100.0,PX4_TELEMETRY,SAFE,INFO,CONTINUE,RETURNING_HOME,RETURN_TO_HOME,GEOFENCE_VIOLATION,All monitored constraints satisfied
133.32,px4_local_ned_converted,-0.01,0.01,1.66,-0.01,-0.04,-0.02,100.0,PX4_TELEMETRY,SAFE,INFO,CONTINUE,RETURNING_HOME,RETURN_TO_HOME,GEOFENCE_VIOLATION,All monitored constraints satisfied
133.43,px4_local_ned_converted,-0.01,0.01,1.66,-0.01,-0.04,-0.02,100.0,PX4_TELEMETRY,SAFE,INFO,CONTINUE,RETURNING_HOME,RETURN_TO_HOME,GEOFENCE_VIOLATION,All monitored constraints satisfied
133.54,px4_local_ned_converted,-0.01,0.01,1.66,-0.02,-0.04,-0.02,100.0,PX4_TELEMETRY,SAFE,INFO,CONTINUE,RETURNING_HOME,RETURN_TO_HOME,GEOFENCE_VIOLATION,All monitored constraints satisfied
133.64,px4_local_ned_converted,-0.01,0.01,1.66,-0.02,-0.05,-0.02,100.0,PX4_TELEMETRY,SAFE,INFO,CONTINUE,RETURNING_HOME,RETURN_TO_HOME,GEOFENCE_VIOLATION,All monitored constraints satisfied
133.74,px4_local_ned_converted,-0.01,0.01,1.66,-0.02,-0.05,-0.02,100.0,PX4_TELEMETRY,SAFE,INFO,CONTINUE,RETURNING_HOME,RETURN_TO_HOME,GEOFENCE_VIOLATION,All monitored constraints satisfied
133.85,px4_local_ned_converted,-0.02,0.0,1.66,-0.02,-0.05,-0.02,100.0,PX4_TELEMETRY,SAFE,INFO,CONTINUE,RETURNING_HOME,RETURN_TO_HOME,GEOFENCE_VIOLATION,All monitored constraints satisfied
133.95,px4_local_ned_converted,-0.02,0.01,1.66,-0.01,-0.05,-0.02,100.0,PX4_TELEMETRY,SAFE,INFO,CONTINUE,RETURNING_HOME,RETURN_TO_HOME,GEOFENCE_VIOLATION,All monitored constraints satisfied
134.05,px4_local_ned_converted,-0.02,0.0,1.66,-0.01,-0.05,-0.02,100.0,PX4_TELEMETRY,SAFE,INFO,CONTINUE,RETURNING_HOME,RETURN_TO_HOME,GEOFENCE_VIOLATION,All monitored constraints satisfied
134.16,px4_local_ned_converted,-0.02,0.0,1.66,-0.01,-0.05,-0.02,100.0,PX4_TELEMETRY,SAFE,INFO,CONTINUE,RETURNING_HOME,RETURN_TO_HOME,GEOFENCE_VIOLATION,All monitored constraints satisfied
134.26,px4_local_ned_converted,-0.02,-0.0,1.66,-0.01,-0.05,-0.02,100.0,PX4_TELEMETRY,SAFE,INFO,CONTINUE,RETURNING_HOME,RETURN_TO_HOME,GEOFENCE_VIOLATION,All monitored constraints satisfied
134.37,px4_local_ned_converted,-0.02,-0.0,1.66,-0.01,-0.05,-0.02,100.0,PX4_TELEMETRY,SAFE,INFO,CONTINUE,RETURNING_HOME,RETURN_TO_HOME,GEOFENCE_VIOLATION,All monitored constraints satisfied
134.47,px4_local_ned_converted,-0.03,-0.01,1.67,-0.01,-0.05,-0.02,100.0,PX4_TELEMETRY,SAFE,INFO,CONTINUE,RETURNING_HOME,RETURN_TO_HOME,GEOFENCE_VIOLATION,All monitored constraints satisfied
134.57,px4_local_ned_converted,-0.03,-0.01,1.67,-0.01,-0.05,-0.02,100.0,PX4_TELEMETRY,SAFE,INFO,CONTINUE,RETURNING_HOME,RETURN_TO_HOME,GEOFENCE_VIOLATION,All monitored constraints satisfied
134.68,px4_local_ned_converted,-0.03,-0.01,1.67,-0.01,-0.04,-0.02,100.0,PX4_TELEMETRY,SAFE,INFO,CONTINUE,RETURNING_HOME,RETURN_TO_HOME,GEOFENCE_VIOLATION,All monitored constraints satisfied
134.78,px4_local_ned_converted,-0.03,-0.01,1.67,-0.01,-0.04,-0.02,100.0,PX4_TELEMETRY,SAFE,INFO,CONTINUE,RETURNING_HOME,RETURN_TO_HOME,GEOFENCE_VIOLATION,All monitored constraints satisfied
134.89,px4_local_ned_converted,-0.03,-0.01,1.67,-0.01,-0.04,-0.02,100.0,PX4_TELEMETRY,SAFE,INFO,CONTINUE,RETURNING_HOME,RETURN_TO_HOME,GEOFENCE_VIOLATION,All monitored constraints satisfied
134.99,px4_local_ned_converted,-0.03,-0.01,1.67,-0.01,-0.04,-0.02,100.0,PX4_TELEMETRY,SAFE,INFO,CONTINUE,RETURNING_HOME,RETURN_TO_HOME,GEOFENCE_VIOLATION,All monitored constraints satisfied
135.09,px4_local_ned_converted,-0.03,-0.01,1.67,-0.01,-0.03,-0.02,100.0,PX4_TELEMETRY,SAFE,INFO,CONTINUE,RETURNING_HOME,RETURN_TO_HOME,GEOFENCE_VIOLATION,All monitored constraints satisfied
135.2,px4_local_ned_converted,-0.03,-0.01,1.67,-0.01,-0.03,-0.02,100.0,PX4_TELEMETRY,SAFE,INFO,CONTINUE,RETURNING_HOME,RETURN_TO_HOME,GEOFENCE_VIOLATION,All monitored constraints satisfied
135.3,px4_local_ned_converted,-0.03,-0.01,1.67,-0.01,-0.03,-0.03,100.0,PX4_TELEMETRY,SAFE,INFO,CONTINUE,RETURNING_HOME,RETURN_TO_HOME,GEOFENCE_VIOLATION,All monitored constraints satisfied
135.41,px4_local_ned_converted,-0.03,-0.01,1.67,-0.01,-0.03,-0.03,100.0,PX4_TELEMETRY,SAFE,INFO,CONTINUE,RETURNING_HOME,RETURN_TO_HOME,GEOFENCE_VIOLATION,All monitored constraints satisfied
135.51,px4_local_ned_converted,-0.03,-0.01,1.67,-0.0,-0.03,-0.03,100.0,PX4_TELEMETRY,SAFE,INFO,CONTINUE,RETURNING_HOME,RETURN_TO_HOME,GEOFENCE_VIOLATION,All monitored constraints satisfied
135.62,px4_local_ned_converted,-0.03,-0.01,1.67,-0.0,-0.03,-0.03,100.0,PX4_TELEMETRY,SAFE,INFO,CONTINUE,RETURNING_HOME,RETURN_TO_HOME,GEOFENCE_VIOLATION,All monitored constraints satisfied
135.72,px4_local_ned_converted,-0.04,-0.02,1.67,-0.0,-0.03,-0.03,100.0,PX4_TELEMETRY,SAFE,INFO,CONTINUE,RETURNING_HOME,RETURN_TO_HOME,GEOFENCE_VIOLATION,All monitored constraints satisfied
135.83,px4_local_ned_converted,-0.04,-0.02,1.67,-0.0,-0.03,-0.03,100.0,PX4_TELEMETRY,SAFE,INFO,CONTINUE,RETURNING_HOME,RETURN_TO_HOME,GEOFENCE_VIOLATION,All monitored constraints satisfied
135.93,px4_local_ned_converted,-0.04,-0.02,1.67,-0.0,-0.03,-0.03,100.0,PX4_TELEMETRY,SAFE,INFO,CONTINUE,RETURNING_HOME,RETURN_TO_HOME,GEOFENCE_VIOLATION,All monitored constraints satisfied
136.04,px4_local_ned_converted,-0.04,-0.02,1.67,-0.0,-0.03,-0.03,100.0,PX4_TELEMETRY,SAFE,INFO,CONTINUE,RETURNING_HOME,RETURN_TO_HOME,GEOFENCE_VIOLATION,All monitored constraints satisfied
136.14,px4_local_ned_converted,-0.04,-0.03,1.67,-0.0,-0.03,-0.03,100.0,PX4_TELEMETRY,SAFE,INFO,CONTINUE,RETURNING_HOME,RETURN_TO_HOME,GEOFENCE_VIOLATION,All monitored constraints satisfied
136.24,px4_local_ned_converted,-0.04,-0.03,1.67,-0.0,-0.03,-0.02,100.0,PX4_TELEMETRY,SAFE,INFO,CONTINUE,RETURNING_HOME,RETURN_TO_HOME,GEOFENCE_VIOLATION,All monitored constraints satisfied
136.35,px4_local_ned_converted,-0.04,-0.03,1.67,0.0,-0.02,-0.02,100.0,PX4_TELEMETRY,SAFE,INFO,CONTINUE,RETURNING_HOME,RETURN_TO_HOME,GEOFENCE_VIOLATION,All monitored constraints satisfied
136.46,px4_local_ned_converted,-0.04,-0.03,1.67,0.0,-0.02,-0.02,100.0,PX4_TELEMETRY,SAFE,INFO,CONTINUE,RETURNING_HOME,RETURN_TO_HOME,GEOFENCE_VIOLATION,All monitored constraints satisfied
136.56,px4_local_ned_converted,-0.04,-0.03,1.67,0.0,-0.02,-0.02,100.0,PX4_TELEMETRY,SAFE,INFO,CONTINUE,RETURNING_HOME,RETURN_TO_HOME,GEOFENCE_VIOLATION,All monitored constraints satisfied
136.66,px4_local_ned_converted,-0.04,-0.03,1.66,0.0,-0.02,-0.02,100.0,PX4_TELEMETRY,SAFE,INFO,CONTINUE,RETURNING_HOME,RETURN_TO_HOME,GEOFENCE_VIOLATION,All monitored constraints satisfied
136.77,px4_local_ned_converted,-0.04,-0.03,1.67,0.0,-0.02,-0.02,100.0,PX4_TELEMETRY,SAFE,INFO,CONTINUE,RETURNING_HOME,RETURN_TO_HOME,GEOFENCE_VIOLATION,All monitored constraints satisfied
136.87,px4_local_ned_converted,-0.04,-0.03,1.67,0.0,-0.01,-0.02,100.0,PX4_TELEMETRY,SAFE,INFO,CONTINUE,RETURNING_HOME,RETURN_TO_HOME,GEOFENCE_VIOLATION,All monitored constraints satisfied
136.97,px4_local_ned_converted,-0.04,-0.03,1.66,-0.0,-0.01,-0.02,100.0,PX4_TELEMETRY,SAFE,INFO,CONTINUE,RETURNING_HOME,RETURN_TO_HOME,GEOFENCE_VIOLATION,All monitored constraints satisfied
137.08,px4_local_ned_converted,-0.04,-0.03,1.66,0.0,-0.01,-0.02,100.0,PX4_TELEMETRY,SAFE,INFO,CONTINUE,RETURNING_HOME,RETURN_TO_HOME,GEOFENCE_VIOLATION,All monitored constraints satisfied
137.18,px4_local_ned_converted,-0.04,-0.04,1.66,-0.0,-0.01,-0.02,100.0,PX4_TELEMETRY,SAFE,INFO,CONTINUE,RETURNING_HOME,RETURN_TO_HOME,GEOFENCE_VIOLATION,All monitored constraints satisfied
137.28,px4_local_ned_converted,-0.04,-0.04,1.66,0.0,-0.01,-0.02,100.0,PX4_TELEMETRY,SAFE,INFO,CONTINUE,RETURNING_HOME,RETURN_TO_HOME,GEOFENCE_VIOLATION,All monitored constraints satisfied
137.39,px4_local_ned_converted,-0.04,-0.04,1.66,0.0,-0.01,-0.02,100.0,PX4_TELEMETRY,SAFE,INFO,CONTINUE,RETURNING_HOME,RETURN_TO_HOME,GEOFENCE_VIOLATION,All monitored constraints satisfied
137.49,px4_local_ned_converted,-0.04,-0.04,1.66,-0.0,-0.01,-0.01,100.0,PX4_TELEMETRY,SAFE,INFO,CONTINUE,RETURNING_HOME,RETURN_TO_HOME,GEOFENCE_VIOLATION,All monitored constraints satisfied
137.6,px4_local_ned_converted,-0.05,-0.05,1.66,-0.0,-0.01,-0.01,100.0,PX4_TELEMETRY,SAFE,INFO,CONTINUE,RETURNING_HOME,RETURN_TO_HOME,GEOFENCE_VIOLATION,All monitored constraints satisfied
137.7,px4_local_ned_converted,-0.05,-0.05,1.66,-0.0,-0.01,-0.01,100.0,PX4_TELEMETRY,SAFE,INFO,CONTINUE,RETURNING_HOME,RETURN_TO_HOME,GEOFENCE_VIOLATION,All monitored constraints satisfied
137.81,px4_local_ned_converted,-0.05,-0.05,1.66,-0.0,-0.0,-0.01,100.0,PX4_TELEMETRY,SAFE,INFO,CONTINUE,RETURNING_HOME,RETURN_TO_HOME,GEOFENCE_VIOLATION,All monitored constraints satisfied
137.91,px4_local_ned_converted,-0.05,-0.05,1.66,-0.0,-0.0,-0.01,100.0,PX4_TELEMETRY,SAFE,INFO,CONTINUE,RETURNING_HOME,RETURN_TO_HOME,GEOFENCE_VIOLATION,All monitored constraints satisfied
138.01,px4_local_ned_converted,-0.05,-0.05,1.66,0.0,-0.0,-0.01,100.0,PX4_TELEMETRY,SAFE,INFO,CONTINUE,RETURNING_HOME,RETURN_TO_HOME,GEOFENCE_VIOLATION,All monitored constraints satisfied
138.12,px4_local_ned_converted,-0.05,-0.05,1.66,0.0,0.0,-0.01,100.0,PX4_TELEMETRY,SAFE,INFO,CONTINUE,RETURNING_HOME,RETURN_TO_HOME,GEOFENCE_VIOLATION,All monitored constraints satisfied
138.22,px4_local_ned_converted,-0.05,-0.05,1.66,0.0,0.0,-0.01,100.0,PX4_TELEMETRY,SAFE,INFO,CONTINUE,RETURNING_HOME,RETURN_TO_HOME,GEOFENCE_VIOLATION,All monitored constraints satisfied
138.33,px4_local_ned_converted,-0.05,-0.05,1.66,0.0,0.0,-0.01,100.0,PX4_TELEMETRY,SAFE,INFO,CONTINUE,RETURNING_HOME,RETURN_TO_HOME,GEOFENCE_VIOLATION,All monitored constraints satisfied
138.43,px4_local_ned_converted,-0.05,-0.04,1.66,0.0,0.0,-0.01,100.0,PX4_TELEMETRY,SAFE,INFO,CONTINUE,RETURNING_HOME,RETURN_TO_HOME,GEOFENCE_VIOLATION,All monitored constraints satisfied
138.54,px4_local_ned_converted,-0.05,-0.04,1.66,0.0,0.0,-0.01,100.0,PX4_TELEMETRY,SAFE,INFO,CONTINUE,RETURNING_HOME,RETURN_TO_HOME,GEOFENCE_VIOLATION,All monitored constraints satisfied
138.64,px4_local_ned_converted,-0.05,-0.04,1.66,0.0,0.0,-0.01,100.0,PX4_TELEMETRY,SAFE,INFO,CONTINUE,RETURNING_HOME,RETURN_TO_HOME,GEOFENCE_VIOLATION,All monitored constraints satisfied
138.74,px4_local_ned_converted,-0.05,-0.05,1.66,0.0,0.0,-0.01,100.0,PX4_TELEMETRY,SAFE,INFO,CONTINUE,RETURNING_HOME,RETURN_TO_HOME,GEOFENCE_VIOLATION,All monitored constraints satisfied
138.85,px4_local_ned_converted,-0.04,-0.05,1.66,0.0,-0.0,-0.01,100.0,PX4_TELEMETRY,SAFE,INFO,CONTINUE,RETURNING_HOME,RETURN_TO_HOME,GEOFENCE_VIOLATION,All monitored constraints satisfied
138.95,px4_local_ned_converted,-0.04,-0.05,1.65,0.0,-0.0,-0.01,100.0,PX4_TELEMETRY,SAFE,INFO,CONTINUE,RETURNING_HOME,RETURN_TO_HOME,GEOFENCE_VIOLATION,All monitored constraints satisfied
139.06,px4_local_ned_converted,-0.04,-0.05,1.65,-0.0,0.0,-0.01,100.0,PX4_TELEMETRY,SAFE,INFO,CONTINUE,RETURNING_HOME,RETURN_TO_HOME,GEOFENCE_VIOLATION,All monitored constraints satisfied
139.16,px4_local_ned_converted,-0.04,-0.06,1.66,-0.0,0.0,-0.01,100.0,PX4_TELEMETRY,SAFE,INFO,CONTINUE,RETURNING_HOME,RETURN_TO_HOME,GEOFENCE_VIOLATION,All monitored constraints satisfied
139.27,px4_local_ned_converted,-0.04,-0.06,1.66,0.0,0.0,-0.01,100.0,PX4_TELEMETRY,SAFE,INFO,CONTINUE,RETURNING_HOME,RETURN_TO_HOME,GEOFENCE_VIOLATION,All monitored constraints satisfied
139.37,px4_local_ned_converted,-0.04,-0.06,1.66,-0.0,0.01,-0.01,100.0,PX4_TELEMETRY,SAFE,INFO,CONTINUE,RETURNING_HOME,RETURN_TO_HOME,GEOFENCE_VIOLATION,All monitored constraints satisfied
139.47,px4_local_ned_converted,-0.03,-0.06,1.66,-0.0,0.0,-0.01,100.0,PX4_TELEMETRY,SAFE,INFO,CONTINUE,RETURNING_HOME,RETURN_TO_HOME,GEOFENCE_VIOLATION,All monitored constraints satisfied
139.57,px4_local_ned_converted,-0.02,-0.06,1.65,0.0,0.0,-0.01,100.0,PX4_TELEMETRY,SAFE,INFO,CONTINUE,RETURNING_HOME,RETURN_TO_HOME,GEOFENCE_VIOLATION,All monitored constraints satisfied
139.67,px4_local_ned_converted,-0.02,-0.06,1.65,0.0,0.0,-0.01,100.0,PX4_TELEMETRY,SAFE,INFO,CONTINUE,RETURNING_HOME,RETURN_TO_HOME,GEOFENCE_VIOLATION,All monitored constraints satisfied
139.78,px4_local_ned_converted,-0.02,-0.07,1.65,-0.0,0.0,-0.01,100.0,PX4_TELEMETRY,SAFE,INFO,CONTINUE,RETURNING_HOME,RETURN_TO_HOME,GEOFENCE_VIOLATION,All monitored constraints satisfied
139.88,px4_local_ned_converted,-0.01,-0.07,1.65,-0.0,0.0,-0.0,100.0,PX4_TELEMETRY,SAFE,INFO,CONTINUE,RETURNING_HOME,RETURN_TO_HOME,GEOFENCE_VIOLATION,All monitored constraints satisfied
139.99,px4_local_ned_converted,-0.0,-0.07,1.65,-0.0,0.01,-0.0,100.0,PX4_TELEMETRY,SAFE,INFO,CONTINUE,RETURNING_HOME,RETURN_TO_HOME,GEOFENCE_VIOLATION,All monitored constraints satisfied
140.1,px4_local_ned_converted,0.0,-0.07,1.65,-0.01,0.01,-0.0,100.0,PX4_TELEMETRY,SAFE,INFO,CONTINUE,RETURNING_HOME,RETURN_TO_HOME,GEOFENCE_VIOLATION,All monitored constraints satisfied
140.2,px4_local_ned_converted,0.0,-0.07,1.65,-0.01,0.01,-0.0,100.0,PX4_TELEMETRY,SAFE,INFO,CONTINUE,RETURNING_HOME,RETURN_TO_HOME,GEOFENCE_VIOLATION,All monitored constraints satisfied
140.3,px4_local_ned_converted,0.01,-0.07,1.65,-0.02,0.01,-0.0,100.0,PX4_TELEMETRY,SAFE,INFO,CONTINUE,RETURNING_HOME,RETURN_TO_HOME,GEOFENCE_VIOLATION,All monitored constraints satisfied
140.41,px4_local_ned_converted,0.01,-0.07,1.65,-0.02,0.01,-0.0,100.0,PX4_TELEMETRY,SAFE,INFO,CONTINUE,RETURNING_HOME,RETURN_TO_HOME,GEOFENCE_VIOLATION,All monitored constraints satisfied
140.51,px4_local_ned_converted,0.01,-0.07,1.65,-0.02,0.02,-0.0,100.0,PX4_TELEMETRY,SAFE,INFO,CONTINUE,RETURNING_HOME,RETURN_TO_HOME,GEOFENCE_VIOLATION,All monitored constraints satisfied
140.62,px4_local_ned_converted,0.01,-0.07,1.65,-0.03,0.02,-0.0,100.0,PX4_TELEMETRY,SAFE,INFO,CONTINUE,RETURNING_HOME,RETURN_TO_HOME,GEOFENCE_VIOLATION,All monitored constraints satisfied
140.72,px4_local_ned_converted,0.02,-0.07,1.65,-0.03,0.02,-0.0,100.0,PX4_TELEMETRY,SAFE,INFO,CONTINUE,RETURNING_HOME,RETURN_TO_HOME,GEOFENCE_VIOLATION,All monitored constraints satisfied
140.83,px4_local_ned_converted,0.02,-0.07,1.65,-0.03,0.02,-0.0,100.0,PX4_TELEMETRY,SAFE,INFO,CONTINUE,RETURNING_HOME,RETURN_TO_HOME,GEOFENCE_VIOLATION,All monitored constraints satisfied
140.93,px4_local_ned_converted,0.02,-0.07,1.64,-0.04,0.02,-0.0,100.0,PX4_TELEMETRY,SAFE,INFO,CONTINUE,RETURNING_HOME,RETURN_TO_HOME,GEOFENCE_VIOLATION,All monitored constraints satisfied
141.04,px4_local_ned_converted,0.01,-0.07,1.64,-0.04,0.02,-0.0,100.0,PX4_TELEMETRY,SAFE,INFO,CONTINUE,RETURNING_HOME,RETURN_TO_HOME,GEOFENCE_VIOLATION,All monitored constraints satisfied
141.14,px4_local_ned_converted,0.01,-0.07,1.64,-0.04,0.02,0.0,100.0,PX4_TELEMETRY,SAFE,INFO,CONTINUE,RETURNING_HOME,RETURN_TO_HOME,GEOFENCE_VIOLATION,All monitored constraints satisfied
141.25,px4_local_ned_converted,0.02,-0.07,1.64,-0.04,0.02,0.0,100.0,PX4_TELEMETRY,SAFE,INFO,CONTINUE,RETURNING_HOME,RETURN_TO_HOME,GEOFENCE_VIOLATION,All monitored constraints satisfied
141.35,px4_local_ned_converted,0.01,-0.07,1.64,-0.05,0.02,0.01,100.0,PX4_TELEMETRY,SAFE,INFO,CONTINUE,RETURNING_HOME,RETURN_TO_HOME,GEOFENCE_VIOLATION,All monitored constraints satisfied
141.46,px4_local_ned_converted,0.01,-0.07,1.64,-0.05,0.02,0.01,100.0,PX4_TELEMETRY,SAFE,INFO,CONTINUE,RETURNING_HOME,RETURN_TO_HOME,GEOFENCE_VIOLATION,All monitored constraints satisfied
141.56,px4_local_ned_converted,0.01,-0.07,1.64,-0.05,0.02,0.01,100.0,PX4_TELEMETRY,SAFE,INFO,CONTINUE,RETURNING_HOME,RETURN_TO_HOME,GEOFENCE_VIOLATION,All monitored constraints satisfied
141.66,px4_local_ned_converted,0.01,-0.07,1.64,-0.05,0.02,0.01,100.0,PX4_TELEMETRY,SAFE,INFO,CONTINUE,RETURNING_HOME,RETURN_TO_HOME,GEOFENCE_VIOLATION,All monitored constraints satisfied
141.77,px4_local_ned_converted,0.01,-0.07,1.64,-0.05,0.02,0.01,100.0,PX4_TELEMETRY,SAFE,INFO,CONTINUE,RETURNING_HOME,RETURN_TO_HOME,GEOFENCE_VIOLATION,All monitored constraints satisfied
141.87,px4_local_ned_converted,0.01,-0.07,1.64,-0.05,0.02,0.01,100.0,PX4_TELEMETRY,SAFE,INFO,CONTINUE,RETURNING_HOME,RETURN_TO_HOME,GEOFENCE_VIOLATION,All monitored constraints satisfied
141.98,px4_local_ned_converted,0.01,-0.06,1.64,-0.05,0.02,0.01,100.0,PX4_TELEMETRY,SAFE,INFO,CONTINUE,RETURNING_HOME,RETURN_TO_HOME,GEOFENCE_VIOLATION,All monitored constraints satisfied
142.08,px4_local_ned_converted,0.01,-0.06,1.64,-0.05,0.02,0.01,100.0,PX4_TELEMETRY,SAFE,INFO,CONTINUE,RETURNING_HOME,RETURN_TO_HOME,GEOFENCE_VIOLATION,All monitored constraints satisfied
142.19,px4_local_ned_converted,0.01,-0.06,1.64,-0.04,0.02,0.01,100.0,PX4_TELEMETRY,SAFE,INFO,CONTINUE,RETURNING_HOME,RETURN_TO_HOME,GEOFENCE_VIOLATION,All monitored constraints satisfied
142.29,px4_local_ned_converted,0.01,-0.06,1.64,-0.05,0.02,0.01,100.0,PX4_TELEMETRY,SAFE,INFO,CONTINUE,RETURNING_HOME,RETURN_TO_HOME,GEOFENCE_VIOLATION,All monitored constraints satisfied
142.39,px4_local_ned_converted,0.01,-0.06,1.64,-0.05,0.01,0.01,100.0,PX4_TELEMETRY,SAFE,INFO,CONTINUE,RETURNING_HOME,RETURN_TO_HOME,GEOFENCE_VIOLATION,All monitored constraints satisfied
142.49,px4_local_ned_converted,0.01,-0.06,1.64,-0.05,0.01,0.01,100.0,PX4_TELEMETRY,SAFE,INFO,CONTINUE,RETURNING_HOME,RETURN_TO_HOME,GEOFENCE_VIOLATION,All monitored constraints satisfied
142.6,px4_local_ned_converted,0.01,-0.06,1.64,-0.05,0.01,0.0,100.0,PX4_TELEMETRY,SAFE,INFO,CONTINUE,RETURNING_HOME,RETURN_TO_HOME,GEOFENCE_VIOLATION,All monitored constraints satisfied
142.71,px4_local_ned_converted,0.01,-0.06,1.64,-0.05,0.01,0.01,100.0,PX4_TELEMETRY,SAFE,INFO,CONTINUE,RETURNING_HOME,RETURN_TO_HOME,GEOFENCE_VIOLATION,All monitored constraints satisfied
142.81,px4_local_ned_converted,0.01,-0.06,1.64,-0.04,0.0,0.01,100.0,PX4_TELEMETRY,SAFE,INFO,CONTINUE,RETURNING_HOME,RETURN_TO_HOME,GEOFENCE_VIOLATION,All monitored constraints satisfied
142.91,px4_local_ned_converted,0.01,-0.06,1.64,-0.04,0.0,0.0,100.0,PX4_TELEMETRY,SAFE,INFO,CONTINUE,RETURNING_HOME,RETURN_TO_HOME,GEOFENCE_VIOLATION,All monitored constraints satisfied
143.02,px4_local_ned_converted,0.01,-0.06,1.64,-0.05,0.01,0.0,100.0,PX4_TELEMETRY,SAFE,INFO,CONTINUE,RETURNING_HOME,RETURN_TO_HOME,GEOFENCE_VIOLATION,All monitored constraints satisfied
143.12,px4_local_ned_converted,0.01,-0.06,1.65,-0.05,0.01,0.0,100.0,PX4_TELEMETRY,SAFE,INFO,CONTINUE,RETURNING_HOME,RETURN_TO_HOME,GEOFENCE_VIOLATION,All monitored constraints satisfied
143.23,px4_local_ned_converted,0.01,-0.06,1.65,-0.04,0.0,0.0,100.0,PX4_TELEMETRY,SAFE,INFO,CONTINUE,RETURNING_HOME,RETURN_TO_HOME,GEOFENCE_VIOLATION,All monitored constraints satisfied
143.33,px4_local_ned_converted,0.01,-0.06,1.65,-0.05,0.01,-0.0,100.0,PX4_TELEMETRY,SAFE,INFO,CONTINUE,RETURNING_HOME,RETURN_TO_HOME,GEOFENCE_VIOLATION,All monitored constraints satisfied
143.43,px4_local_ned_converted,0.01,-0.06,1.65,-0.05,0.01,-0.0,100.0,PX4_TELEMETRY,SAFE,INFO,CONTINUE,RETURNING_HOME,RETURN_TO_HOME,GEOFENCE_VIOLATION,All monitored constraints satisfied
143.54,px4_local_ned_converted,0.02,-0.06,1.65,-0.05,0.01,-0.0,100.0,PX4_TELEMETRY,SAFE,INFO,CONTINUE,RETURNING_HOME,RETURN_TO_HOME,GEOFENCE_VIOLATION,All monitored constraints satisfied
143.64,px4_local_ned_converted,0.02,-0.06,1.65,-0.05,0.01,-0.0,100.0,PX4_TELEMETRY,SAFE,INFO,CONTINUE,RETURNING_HOME,RETURN_TO_HOME,GEOFENCE_VIOLATION,All monitored constraints satisfied
143.75,px4_local_ned_converted,0.02,-0.06,1.65,-0.05,0.0,-0.0,100.0,PX4_TELEMETRY,SAFE,INFO,CONTINUE,RETURNING_HOME,RETURN_TO_HOME,GEOFENCE_VIOLATION,All monitored constraints satisfied
143.85,px4_local_ned_converted,0.02,-0.06,1.65,-0.05,0.0,-0.0,100.0,PX4_TELEMETRY,SAFE,INFO,CONTINUE,RETURNING_HOME,RETURN_TO_HOME,GEOFENCE_VIOLATION,All monitored constraints satisfied
143.96,px4_local_ned_converted,0.02,-0.06,1.65,-0.05,0.0,-0.0,100.0,PX4_TELEMETRY,SAFE,INFO,CONTINUE,RETURNING_HOME,RETURN_TO_HOME,GEOFENCE_VIOLATION,All monitored constraints satisfied
144.06,px4_local_ned_converted,0.03,-0.05,1.64,-0.05,0.0,-0.0,100.0,PX4_TELEMETRY,SAFE,INFO,CONTINUE,RETURNING_HOME,RETURN_TO_HOME,GEOFENCE_VIOLATION,All monitored constraints satisfied
144.16,px4_local_ned_converted,0.03,-0.05,1.64,-0.04,0.0,0.0,100.0,PX4_TELEMETRY,SAFE,INFO,CONTINUE,RETURNING_HOME,RETURN_TO_HOME,GEOFENCE_VIOLATION,All monitored constraints satisfied
144.27,px4_local_ned_converted,0.04,-0.05,1.64,-0.05,0.0,0.0,100.0,PX4_TELEMETRY,SAFE,INFO,CONTINUE,RETURNING_HOME,RETURN_TO_HOME,GEOFENCE_VIOLATION,All monitored constraints satisfied
144.37,px4_local_ned_converted,0.04,-0.04,1.64,-0.05,0.0,0.0,100.0,PX4_TELEMETRY,SAFE,INFO,CONTINUE,RETURNING_HOME,RETURN_TO_HOME,GEOFENCE_VIOLATION,All monitored constraints satisfied
144.48,px4_local_ned_converted,0.03,-0.04,1.64,-0.05,0.0,-0.0,100.0,PX4_TELEMETRY,SAFE,INFO,CONTINUE,RETURNING_HOME,RETURN_TO_HOME,GEOFENCE_VIOLATION,All monitored constraints satisfied
144.58,px4_local_ned_converted,0.04,-0.04,1.64,-0.06,-0.0,-0.0,100.0,PX4_TELEMETRY,SAFE,INFO,CONTINUE,RETURNING_HOME,RETURN_TO_HOME,GEOFENCE_VIOLATION,All monitored constraints satisfied
144.68,px4_local_ned_converted,0.04,-0.03,1.64,-0.06,-0.0,0.0,100.0,PX4_TELEMETRY,SAFE,INFO,CONTINUE,RETURNING_HOME,RETURN_TO_HOME,GEOFENCE_VIOLATION,All monitored constraints satisfied
144.78,px4_local_ned_converted,0.03,-0.03,1.64,-0.06,-0.01,0.0,100.0,PX4_TELEMETRY,SAFE,INFO,CONTINUE,RETURNING_HOME,RETURN_TO_HOME,GEOFENCE_VIOLATION,All monitored constraints satisfied
144.89,px4_local_ned_converted,0.03,-0.03,1.64,-0.06,-0.01,-0.0,100.0,PX4_TELEMETRY,SAFE,INFO,CONTINUE,RETURNING_HOME,RETURN_TO_HOME,GEOFENCE_VIOLATION,All monitored constraints satisfied
144.99,px4_local_ned_converted,0.03,-0.03,1.64,-0.06,-0.01,0.0,100.0,PX4_TELEMETRY,SAFE,INFO,CONTINUE,RETURNING_HOME,RETURN_TO_HOME,GEOFENCE_VIOLATION,All monitored constraints satisfied
145.09,px4_local_ned_converted,0.03,-0.03,1.64,-0.06,-0.01,0.0,100.0,PX4_TELEMETRY,SAFE,INFO,CONTINUE,RETURNING_HOME,RETURN_TO_HOME,GEOFENCE_VIOLATION,All monitored constraints satisfied
145.2,px4_local_ned_converted,0.02,-0.03,1.64,-0.06,-0.02,0.0,100.0,PX4_TELEMETRY,SAFE,INFO,CONTINUE,RETURNING_HOME,RETURN_TO_HOME,GEOFENCE_VIOLATION,All monitored constraints satisfied
145.3,px4_local_ned_converted,0.02,-0.03,1.64,-0.06,-0.02,0.0,100.0,PX4_TELEMETRY,SAFE,INFO,CONTINUE,RETURNING_HOME,RETURN_TO_HOME,GEOFENCE_VIOLATION,All monitored constraints satisfied
145.4,px4_local_ned_converted,0.02,-0.02,1.65,-0.06,-0.02,0.01,100.0,PX4_TELEMETRY,SAFE,INFO,CONTINUE,RETURNING_HOME,RETURN_TO_HOME,GEOFENCE_VIOLATION,All monitored constraints satisfied
145.51,px4_local_ned_converted,0.01,-0.02,1.65,-0.06,-0.02,0.0,100.0,PX4_TELEMETRY,SAFE,INFO,CONTINUE,RETURNING_HOME,RETURN_TO_HOME,GEOFENCE_VIOLATION,All monitored constraints satisfied
145.61,px4_local_ned_converted,0.01,-0.02,1.65,-0.06,-0.02,-0.0,100.0,PX4_TELEMETRY,SAFE,INFO,CONTINUE,RETURNING_HOME,RETURN_TO_HOME,GEOFENCE_VIOLATION,All monitored constraints satisfied
145.72,px4_local_ned_converted,0.0,-0.02,1.65,-0.06,-0.02,-0.0,100.0,PX4_TELEMETRY,SAFE,INFO,CONTINUE,RETURNING_HOME,RETURN_TO_HOME,GEOFENCE_VIOLATION,All monitored constraints satisfied
145.82,px4_local_ned_converted,0.0,-0.01,1.65,-0.05,-0.02,-0.01,100.0,PX4_TELEMETRY,SAFE,INFO,CONTINUE,RETURNING_HOME,RETURN_TO_HOME,GEOFENCE_VIOLATION,All monitored constraints satisfied
145.93,px4_local_ned_converted,-0.0,-0.01,1.65,-0.05,-0.02,-0.01,100.0,PX4_TELEMETRY,SAFE,INFO,CONTINUE,RETURNING_HOME,RETURN_TO_HOME,GEOFENCE_VIOLATION,All monitored constraints satisfied
146.03,px4_local_ned_converted,-0.01,-0.01,1.65,-0.05,-0.03,-0.01,100.0,PX4_TELEMETRY,SAFE,INFO,CONTINUE,RETURNING_HOME,RETURN_TO_HOME,GEOFENCE_VIOLATION,All monitored constraints satisfied
146.13,px4_local_ned_converted,-0.01,-0.01,1.66,-0.04,-0.03,-0.01,100.0,PX4_TELEMETRY,SAFE,INFO,CONTINUE,RETURNING_HOME,RETURN_TO_HOME,GEOFENCE_VIOLATION,All monitored constraints satisfied
146.24,px4_local_ned_converted,-0.01,-0.01,1.66,-0.04,-0.03,-0.01,100.0,PX4_TELEMETRY,SAFE,INFO,CONTINUE,RETURNING_HOME,RETURN_TO_HOME,GEOFENCE_VIOLATION,All monitored constraints satisfied
146.34,px4_local_ned_converted,-0.01,-0.01,1.66,-0.03,-0.03,-0.01,100.0,PX4_TELEMETRY,SAFE,INFO,CONTINUE,RETURNING_HOME,RETURN_TO_HOME,GEOFENCE_VIOLATION,All monitored constraints satisfied
146.45,px4_local_ned_converted,-0.01,-0.01,1.66,-0.03,-0.03,-0.01,100.0,PX4_TELEMETRY,SAFE,INFO,CONTINUE,RETURNING_HOME,RETURN_TO_HOME,GEOFENCE_VIOLATION,All monitored constraints satisfied
146.55,px4_local_ned_converted,-0.01,-0.0,1.66,-0.03,-0.04,-0.01,100.0,PX4_TELEMETRY,SAFE,INFO,CONTINUE,RETURNING_HOME,RETURN_TO_HOME,GEOFENCE_VIOLATION,All monitored constraints satisfied
146.66,px4_local_ned_converted,-0.01,-0.0,1.66,-0.03,-0.04,-0.01,100.0,PX4_TELEMETRY,SAFE,INFO,CONTINUE,RETURNING_HOME,RETURN_TO_HOME,GEOFENCE_VIOLATION,All monitored constraints satisfied
146.76,px4_local_ned_converted,-0.01,-0.0,1.66,-0.03,-0.04,-0.01,100.0,PX4_TELEMETRY,SAFE,INFO,CONTINUE,RETURNING_HOME,RETURN_TO_HOME,GEOFENCE_VIOLATION,All monitored constraints satisfied
146.87,px4_local_ned_converted,-0.01,-0.01,1.66,-0.03,-0.04,-0.01,100.0,PX4_TELEMETRY,SAFE,INFO,CONTINUE,RETURNING_HOME,RETURN_TO_HOME,GEOFENCE_VIOLATION,All monitored constraints satisfied
146.97,px4_local_ned_converted,-0.01,-0.0,1.66,-0.02,-0.04,-0.01,100.0,PX4_TELEMETRY,SAFE,INFO,CONTINUE,RETURNING_HOME,RETURN_TO_HOME,GEOFENCE_VIOLATION,All monitored constraints satisfied
147.07,px4_local_ned_converted,-0.01,-0.0,1.66,-0.02,-0.04,-0.01,100.0,PX4_TELEMETRY,SAFE,INFO,CONTINUE,RETURNING_HOME,RETURN_TO_HOME,GEOFENCE_VIOLATION,All monitored constraints satisfied
147.18,px4_local_ned_converted,-0.01,-0.0,1.66,-0.02,-0.04,-0.01,100.0,PX4_TELEMETRY,SAFE,INFO,CONTINUE,RETURNING_HOME,RETURN_TO_HOME,GEOFENCE_VIOLATION,All monitored constraints satisfied
147.28,px4_local_ned_converted,-0.02,-0.0,1.66,-0.02,-0.04,-0.01,100.0,PX4_TELEMETRY,SAFE,INFO,CONTINUE,RETURNING_HOME,RETURN_TO_HOME,GEOFENCE_VIOLATION,All monitored constraints satisfied
147.39,px4_local_ned_converted,-0.01,-0.0,1.66,-0.02,-0.04,-0.01,100.0,PX4_TELEMETRY,SAFE,INFO,CONTINUE,RETURNING_HOME,RETURN_TO_HOME,GEOFENCE_VIOLATION,All monitored constraints satisfied
147.49,px4_local_ned_converted,-0.01,0.0,1.66,-0.02,-0.04,-0.02,100.0,PX4_TELEMETRY,SAFE,INFO,CONTINUE,RETURNING_HOME,RETURN_TO_HOME,GEOFENCE_VIOLATION,All monitored constraints satisfied
147.59,px4_local_ned_converted,-0.01,-0.0,1.67,-0.02,-0.04,-0.02,100.0,PX4_TELEMETRY,SAFE,INFO,CONTINUE,RETURNING_HOME,RETURN_TO_HOME,GEOFENCE_VIOLATION,All monitored constraints satisfied
147.7,px4_local_ned_converted,-0.02,-0.0,1.67,-0.01,-0.05,-0.02,100.0,PX4_TELEMETRY,SAFE,INFO,CONTINUE,RETURNING_HOME,RETURN_TO_HOME,GEOFENCE_VIOLATION,All monitored constraints satisfied
147.8,px4_local_ned_converted,-0.02,0.0,1.67,-0.02,-0.04,-0.02,100.0,PX4_TELEMETRY,SAFE,INFO,CONTINUE,RETURNING_HOME,RETURN_TO_HOME,GEOFENCE_VIOLATION,All monitored constraints satisfied
147.91,px4_local_ned_converted,-0.02,0.0,1.67,-0.01,-0.05,-0.02,100.0,PX4_TELEMETRY,SAFE,INFO,CONTINUE,RETURNING_HOME,RETURN_TO_HOME,GEOFENCE_VIOLATION,All monitored constraints satisfied
148.01,px4_local_ned_converted,-0.02,0.0,1.67,-0.01,-0.05,-0.02,100.0,PX4_TELEMETRY,SAFE,INFO,CONTINUE,RETURNING_HOME,RETURN_TO_HOME,GEOFENCE_VIOLATION,All monitored constraints satisfied
148.11,px4_local_ned_converted,-0.02,0.0,1.67,-0.01,-0.05,-0.02,100.0,PX4_TELEMETRY,SAFE,INFO,CONTINUE,RETURNING_HOME,RETURN_TO_HOME,GEOFENCE_VIOLATION,All monitored constraints satisfied
148.22,px4_local_ned_converted,-0.03,0.0,1.67,-0.01,-0.04,-0.02,100.0,PX4_TELEMETRY,SAFE,INFO,CONTINUE,RETURNING_HOME,RETURN_TO_HOME,GEOFENCE_VIOLATION,All monitored constraints satisfied
148.32,px4_local_ned_converted,-0.03,0.0,1.67,-0.01,-0.05,-0.02,100.0,PX4_TELEMETRY,SAFE,INFO,CONTINUE,RETURNING_HOME,RETURN_TO_HOME,GEOFENCE_VIOLATION,All monitored constraints satisfied
148.42,px4_local_ned_converted,-0.03,0.0,1.66,-0.01,-0.05,-0.02,100.0,PX4_TELEMETRY,SAFE,INFO,CONTINUE,RETURNING_HOME,RETURN_TO_HOME,GEOFENCE_VIOLATION,All monitored constraints satisfied
148.53,px4_local_ned_converted,-0.04,0.0,1.66,-0.01,-0.05,-0.02,100.0,PX4_TELEMETRY,SAFE,INFO,CONTINUE,RETURNING_HOME,RETURN_TO_HOME,GEOFENCE_VIOLATION,All monitored constraints satisfied
148.63,px4_local_ned_converted,-0.04,0.01,1.67,-0.01,-0.04,-0.02,100.0,PX4_TELEMETRY,SAFE,INFO,CONTINUE,RETURNING_HOME,RETURN_TO_HOME,GEOFENCE_VIOLATION,All monitored constraints satisfied
148.74,px4_local_ned_converted,-0.04,0.01,1.67,-0.0,-0.05,-0.02,100.0,PX4_TELEMETRY,SAFE,INFO,CONTINUE,RETURNING_HOME,RETURN_TO_HOME,GEOFENCE_VIOLATION,All monitored constraints satisfied
148.85,px4_local_ned_converted,-0.04,0.0,1.66,-0.0,-0.05,-0.02,100.0,PX4_TELEMETRY,SAFE,INFO,CONTINUE,RETURNING_HOME,RETURN_TO_HOME,GEOFENCE_VIOLATION,All monitored constraints satisfied
148.96,px4_local_ned_converted,-0.04,0.0,1.67,-0.0,-0.05,-0.02,100.0,PX4_TELEMETRY,SAFE,INFO,CONTINUE,RETURNING_HOME,RETURN_TO_HOME,GEOFENCE_VIOLATION,All monitored constraints satisfied
149.06,px4_local_ned_converted,-0.04,0.0,1.67,0.0,-0.05,-0.02,100.0,PX4_TELEMETRY,SAFE,INFO,CONTINUE,RETURNING_HOME,RETURN_TO_HOME,GEOFENCE_VIOLATION,All monitored constraints satisfied
149.16,px4_local_ned_converted,-0.05,0.0,1.67,0.0,-0.05,-0.02,100.0,PX4_TELEMETRY,SAFE,INFO,CONTINUE,RETURNING_HOME,RETURN_TO_HOME,GEOFENCE_VIOLATION,All monitored constraints satisfied
149.27,px4_local_ned_converted,-0.05,-0.0,1.67,0.0,-0.05,-0.02,100.0,PX4_TELEMETRY,SAFE,INFO,CONTINUE,RETURNING_HOME,RETURN_TO_HOME,GEOFENCE_VIOLATION,All monitored constraints satisfied
149.37,px4_local_ned_converted,-0.05,0.0,1.67,0.01,-0.05,-0.02,100.0,PX4_TELEMETRY,SAFE,INFO,CONTINUE,RETURNING_HOME,RETURN_TO_HOME,GEOFENCE_VIOLATION,All monitored constraints satisfied
149.48,px4_local_ned_converted,-0.05,0.0,1.67,0.01,-0.04,-0.02,100.0,PX4_TELEMETRY,SAFE,INFO,CONTINUE,RETURNING_HOME,RETURN_TO_HOME,GEOFENCE_VIOLATION,All monitored constraints satisfied
149.58,px4_local_ned_converted,-0.05,0.0,1.67,0.01,-0.04,-0.03,100.0,PX4_TELEMETRY,SAFE,INFO,CONTINUE,RETURNING_HOME,RETURN_TO_HOME,GEOFENCE_VIOLATION,All monitored constraints satisfied
149.69,px4_local_ned_converted,-0.05,0.0,1.67,0.01,-0.04,-0.03,100.0,PX4_TELEMETRY,SAFE,INFO,CONTINUE,RETURNING_HOME,RETURN_TO_HOME,GEOFENCE_VIOLATION,All monitored constraints satisfied
149.79,px4_local_ned_converted,-0.05,0.0,1.68,0.01,-0.04,-0.03,100.0,PX4_TELEMETRY,SAFE,INFO,CONTINUE,RETURNING_HOME,RETURN_TO_HOME,GEOFENCE_VIOLATION,All monitored constraints satisfied
149.89,px4_local_ned_converted,-0.05,0.0,1.68,0.01,-0.05,-0.03,100.0,PX4_TELEMETRY,SAFE,INFO,CONTINUE,RETURNING_HOME,RETURN_TO_HOME,GEOFENCE_VIOLATION,All monitored constraints satisfied
150.0,px4_local_ned_converted,-0.05,-0.0,1.68,0.01,-0.05,-0.03,100.0,PX4_TELEMETRY,SAFE,INFO,CONTINUE,RETURNING_HOME,RETURN_TO_HOME,GEOFENCE_VIOLATION,All monitored constraints satisfied
150.1,px4_local_ned_converted,-0.05,-0.0,1.68,0.01,-0.05,-0.03,100.0,PX4_TELEMETRY,SAFE,INFO,CONTINUE,RETURNING_HOME,RETURN_TO_HOME,GEOFENCE_VIOLATION,All monitored constraints satisfied
150.21,px4_local_ned_converted,-0.06,-0.0,1.68,0.01,-0.04,-0.03,100.0,PX4_TELEMETRY,SAFE,INFO,CONTINUE,RETURNING_HOME,RETURN_TO_HOME,GEOFENCE_VIOLATION,All monitored constraints satisfied
150.31,px4_local_ned_converted,-0.06,-0.0,1.69,0.01,-0.04,-0.04,100.0,PX4_TELEMETRY,SAFE,INFO,CONTINUE,RETURNING_HOME,RETURN_TO_HOME,GEOFENCE_VIOLATION,All monitored constraints satisfied
150.42,px4_local_ned_converted,-0.06,0.0,1.69,0.01,-0.04,-0.04,100.0,PX4_TELEMETRY,SAFE,INFO,CONTINUE,RETURNING_HOME,RETURN_TO_HOME,GEOFENCE_VIOLATION,All monitored constraints satisfied
150.52,px4_local_ned_converted,-0.06,0.0,1.69,0.02,-0.04,-0.04,100.0,PX4_TELEMETRY,SAFE,INFO,CONTINUE,RETURNING_HOME,RETURN_TO_HOME,GEOFENCE_VIOLATION,All monitored constraints satisfied
150.63,px4_local_ned_converted,-0.06,0.0,1.69,0.02,-0.04,-0.04,100.0,PX4_TELEMETRY,SAFE,INFO,CONTINUE,RETURNING_HOME,RETURN_TO_HOME,GEOFENCE_VIOLATION,All monitored constraints satisfied
150.73,px4_local_ned_converted,-0.06,-0.0,1.69,0.02,-0.04,-0.04,100.0,PX4_TELEMETRY,SAFE,INFO,CONTINUE,RETURNING_HOME,RETURN_TO_HOME,GEOFENCE_VIOLATION,All monitored constraints satisfied
150.83,px4_local_ned_converted,-0.06,-0.0,1.69,0.02,-0.04,-0.04,100.0,PX4_TELEMETRY,SAFE,INFO,CONTINUE,RETURNING_HOME,RETURN_TO_HOME,GEOFENCE_VIOLATION,All monitored constraints satisfied
150.94,px4_local_ned_converted,-0.06,-0.0,1.69,0.02,-0.04,-0.05,100.0,PX4_TELEMETRY,SAFE,INFO,CONTINUE,RETURNING_HOME,RETURN_TO_HOME,GEOFENCE_VIOLATION,All monitored constraints satisfied
151.04,px4_local_ned_converted,-0.06,-0.01,1.69,0.03,-0.04,-0.05,100.0,PX4_TELEMETRY,SAFE,INFO,CONTINUE,RETURNING_HOME,RETURN_TO_HOME,GEOFENCE_VIOLATION,All monitored constraints satisfied
151.15,px4_local_ned_converted,-0.06,-0.01,1.69,0.02,-0.04,-0.05,100.0,PX4_TELEMETRY,SAFE,INFO,CONTINUE,RETURNING_HOME,RETURN_TO_HOME,GEOFENCE_VIOLATION,All monitored constraints satisfied
151.25,px4_local_ned_converted,-0.06,-0.01,1.69,0.02,-0.04,-0.05,100.0,PX4_TELEMETRY,SAFE,INFO,CONTINUE,RETURNING_HOME,RETURN_TO_HOME,GEOFENCE_VIOLATION,All monitored constraints satisfied
151.36,px4_local_ned_converted,-0.06,-0.01,1.69,0.03,-0.04,-0.05,100.0,PX4_TELEMETRY,SAFE,INFO,CONTINUE,RETURNING_HOME,RETURN_TO_HOME,GEOFENCE_VIOLATION,All monitored constraints satisfied
151.46,px4_local_ned_converted,-0.06,-0.01,1.69,0.03,-0.04,-0.05,100.0,PX4_TELEMETRY,SAFE,INFO,CONTINUE,RETURNING_HOME,RETURN_TO_HOME,GEOFENCE_VIOLATION,All monitored constraints satisfied
151.56,px4_local_ned_converted,-0.06,-0.01,1.69,0.03,-0.03,-0.05,100.0,PX4_TELEMETRY,SAFE,INFO,CONTINUE,RETURNING_HOME,RETURN_TO_HOME,GEOFENCE_VIOLATION,All monitored constraints satisfied
151.67,px4_local_ned_converted,-0.06,-0.01,1.69,0.02,-0.03,-0.05,100.0,PX4_TELEMETRY,SAFE,INFO,CONTINUE,RETURNING_HOME,RETURN_TO_HOME,GEOFENCE_VIOLATION,All monitored constraints satisfied
151.77,px4_local_ned_converted,-0.06,-0.02,1.69,0.02,-0.03,-0.05,100.0,PX4_TELEMETRY,SAFE,INFO,CONTINUE,RETURNING_HOME,RETURN_TO_HOME,GEOFENCE_VIOLATION,All monitored constraints satisfied
151.88,px4_local_ned_converted,-0.06,-0.02,1.69,0.02,-0.03,-0.05,100.0,PX4_TELEMETRY,SAFE,INFO,CONTINUE,RETURNING_HOME,RETURN_TO_HOME,GEOFENCE_VIOLATION,All monitored constraints satisfied
151.98,px4_local_ned_converted,-0.06,-0.02,1.69,0.02,-0.03,-0.05,100.0,PX4_TELEMETRY,SAFE,INFO,CONTINUE,RETURNING_HOME,RETURN_TO_HOME,GEOFENCE_VIOLATION,All monitored constraints satisfied
152.08,px4_local_ned_converted,-0.06,-0.03,1.69,0.02,-0.03,-0.05,100.0,PX4_TELEMETRY,SAFE,INFO,CONTINUE,RETURNING_HOME,RETURN_TO_HOME,GEOFENCE_VIOLATION,All monitored constraints satisfied
152.19,px4_local_ned_converted,-0.06,-0.03,1.69,0.02,-0.03,-0.05,100.0,PX4_TELEMETRY,SAFE,INFO,CONTINUE,RETURNING_HOME,RETURN_TO_HOME,GEOFENCE_VIOLATION,All monitored constraints satisfied
152.29,px4_local_ned_converted,-0.06,-0.04,1.69,0.02,-0.03,-0.05,100.0,PX4_TELEMETRY,SAFE,INFO,CONTINUE,RETURNING_HOME,RETURN_TO_HOME,GEOFENCE_VIOLATION,All monitored constraints satisfied
152.4,px4_local_ned_converted,-0.06,-0.04,1.69,0.02,-0.03,-0.04,100.0,PX4_TELEMETRY,SAFE,INFO,CONTINUE,RETURNING_HOME,RETURN_TO_HOME,GEOFENCE_VIOLATION,All monitored constraints satisfied
152.51,px4_local_ned_converted,-0.06,-0.05,1.7,0.02,-0.03,-0.05,100.0,PX4_TELEMETRY,SAFE,INFO,CONTINUE,RETURNING_HOME,RETURN_TO_HOME,GEOFENCE_VIOLATION,All monitored constraints satisfied
152.61,px4_local_ned_converted,-0.06,-0.05,1.7,0.02,-0.03,-0.05,100.0,PX4_TELEMETRY,SAFE,INFO,CONTINUE,RETURNING_HOME,RETURN_TO_HOME,GEOFENCE_VIOLATION,All monitored constraints satisfied
152.72,px4_local_ned_converted,-0.06,-0.06,1.7,0.02,-0.02,-0.05,100.0,PX4_TELEMETRY,SAFE,INFO,CONTINUE,RETURNING_HOME,RETURN_TO_HOME,GEOFENCE_VIOLATION,All monitored constraints satisfied
152.83,px4_local_ned_converted,-0.06,-0.06,1.7,0.02,-0.02,-0.05,100.0,PX4_TELEMETRY,SAFE,INFO,CONTINUE,RETURNING_HOME,RETURN_TO_HOME,GEOFENCE_VIOLATION,All monitored constraints satisfied
152.93,px4_local_ned_converted,-0.06,-0.06,1.7,0.02,-0.02,-0.06,100.0,PX4_TELEMETRY,SAFE,INFO,CONTINUE,RETURNING_HOME,RETURN_TO_HOME,GEOFENCE_VIOLATION,All monitored constraints satisfied
153.03,px4_local_ned_converted,-0.06,-0.07,1.7,0.02,-0.01,-0.06,100.0,PX4_TELEMETRY,SAFE,INFO,CONTINUE,RETURNING_HOME,RETURN_TO_HOME,GEOFENCE_VIOLATION,All monitored constraints satisfied
153.13,px4_local_ned_converted,-0.06,-0.07,1.7,0.02,-0.01,-0.06,100.0,PX4_TELEMETRY,SAFE,INFO,CONTINUE,RETURNING_HOME,RETURN_TO_HOME,GEOFENCE_VIOLATION,All monitored constraints satisfied
153.24,px4_local_ned_converted,-0.06,-0.07,1.7,0.02,-0.01,-0.06,100.0,PX4_TELEMETRY,SAFE,INFO,CONTINUE,RETURNING_HOME,RETURN_TO_HOME,GEOFENCE_VIOLATION,All monitored constraints satisfied
153.34,px4_local_ned_converted,-0.06,-0.07,1.7,0.02,-0.0,-0.06,100.0,PX4_TELEMETRY,SAFE,INFO,CONTINUE,RETURNING_HOME,RETURN_TO_HOME,GEOFENCE_VIOLATION,All monitored constraints satisfied
153.45,px4_local_ned_converted,-0.06,-0.07,1.7,0.02,0.0,-0.06,100.0,PX4_TELEMETRY,SAFE,INFO,CONTINUE,RETURNING_HOME,RETURN_TO_HOME,GEOFENCE_VIOLATION,All monitored constraints satisfied
153.55,px4_local_ned_converted,-0.06,-0.07,1.71,0.02,0.0,-0.06,100.0,PX4_TELEMETRY,SAFE,INFO,CONTINUE,RETURNING_HOME,RETURN_TO_HOME,GEOFENCE_VIOLATION,All monitored constraints satisfied
153.65,px4_local_ned_converted,-0.06,-0.07,1.71,0.02,0.01,-0.06,100.0,PX4_TELEMETRY,SAFE,INFO,CONTINUE,RETURNING_HOME,RETURN_TO_HOME,GEOFENCE_VIOLATION,All monitored constraints satisfied
153.76,px4_local_ned_converted,-0.06,-0.07,1.71,0.02,0.01,-0.06,100.0,PX4_TELEMETRY,SAFE,INFO,CONTINUE,RETURNING_HOME,RETURN_TO_HOME,GEOFENCE_VIOLATION,All monitored constraints satisfied
153.86,px4_local_ned_converted,-0.06,-0.07,1.71,0.02,0.01,-0.07,100.0,PX4_TELEMETRY,SAFE,INFO,CONTINUE,RETURNING_HOME,RETURN_TO_HOME,GEOFENCE_VIOLATION,All monitored constraints satisfied
153.97,px4_local_ned_converted,-0.06,-0.07,1.71,0.02,0.01,-0.06,100.0,PX4_TELEMETRY,SAFE,INFO,CONTINUE,RETURNING_HOME,RETURN_TO_HOME,GEOFENCE_VIOLATION,All monitored constraints satisfied
154.07,px4_local_ned_converted,-0.06,-0.07,1.72,0.02,0.01,-0.06,100.0,PX4_TELEMETRY,SAFE,INFO,CONTINUE,RETURNING_HOME,RETURN_TO_HOME,GEOFENCE_VIOLATION,All monitored constraints satisfied
154.18,px4_local_ned_converted,-0.06,-0.07,1.72,0.02,0.02,-0.07,100.0,PX4_TELEMETRY,SAFE,INFO,CONTINUE,RETURNING_HOME,RETURN_TO_HOME,GEOFENCE_VIOLATION,All monitored constraints satisfied
154.28,px4_local_ned_converted,-0.05,-0.07,1.72,0.02,0.02,-0.07,100.0,PX4_TELEMETRY,SAFE,INFO,CONTINUE,RETURNING_HOME,RETURN_TO_HOME,GEOFENCE_VIOLATION,All monitored constraints satisfied
154.38,px4_local_ned_converted,-0.05,-0.07,1.72,0.02,0.02,-0.07,100.0,PX4_TELEMETRY,SAFE,INFO,CONTINUE,RETURNING_HOME,RETURN_TO_HOME,GEOFENCE_VIOLATION,All monitored constraints satisfied
154.49,px4_local_ned_converted,-0.05,-0.07,1.72,0.02,0.02,-0.07,100.0,PX4_TELEMETRY,SAFE,INFO,CONTINUE,RETURNING_HOME,RETURN_TO_HOME,GEOFENCE_VIOLATION,All monitored constraints satisfied
154.59,px4_local_ned_converted,-0.05,-0.07,1.72,0.02,0.02,-0.08,100.0,PX4_TELEMETRY,SAFE,INFO,CONTINUE,RETURNING_HOME,RETURN_TO_HOME,GEOFENCE_VIOLATION,All monitored constraints satisfied
154.69,px4_local_ned_converted,-0.05,-0.07,1.72,0.02,0.02,-0.08,100.0,PX4_TELEMETRY,SAFE,INFO,CONTINUE,RETURNING_HOME,RETURN_TO_HOME,GEOFENCE_VIOLATION,All monitored constraints satisfied
154.8,px4_local_ned_converted,-0.04,-0.07,1.72,0.02,0.02,-0.07,100.0,PX4_TELEMETRY,SAFE,INFO,CONTINUE,RETURNING_HOME,RETURN_TO_HOME,GEOFENCE_VIOLATION,All monitored constraints satisfied
154.9,px4_local_ned_converted,-0.04,-0.07,1.73,0.02,0.02,-0.07,100.0,PX4_TELEMETRY,SAFE,INFO,CONTINUE,RETURNING_HOME,RETURN_TO_HOME,GEOFENCE_VIOLATION,All monitored constraints satisfied
155.01,px4_local_ned_converted,-0.04,-0.06,1.72,0.01,0.02,-0.08,100.0,PX4_TELEMETRY,SAFE,INFO,CONTINUE,RETURNING_HOME,RETURN_TO_HOME,GEOFENCE_VIOLATION,All monitored constraints satisfied
155.11,px4_local_ned_converted,-0.04,-0.06,1.72,0.01,0.02,-0.08,100.0,PX4_TELEMETRY,SAFE,INFO,CONTINUE,RETURNING_HOME,RETURN_TO_HOME,GEOFENCE_VIOLATION,All monitored constraints satisfied
155.21,px4_local_ned_converted,-0.04,-0.07,1.73,0.01,0.02,-0.08,100.0,PX4_TELEMETRY,SAFE,INFO,CONTINUE,RETURNING_HOME,RETURN_TO_HOME,GEOFENCE_VIOLATION,All monitored constraints satisfied
155.32,px4_local_ned_converted,-0.03,-0.07,1.73,0.01,0.02,-0.08,100.0,PX4_TELEMETRY,SAFE,INFO,CONTINUE,RETURNING_HOME,RETURN_TO_HOME,GEOFENCE_VIOLATION,All monitored constraints satisfied
155.42,px4_local_ned_converted,-0.03,-0.07,1.72,0.01,0.02,-0.08,100.0,PX4_TELEMETRY,SAFE,INFO,CONTINUE,RETURNING_HOME,RETURN_TO_HOME,GEOFENCE_VIOLATION,All monitored constraints satisfied
155.52,px4_local_ned_converted,-0.03,-0.07,1.72,0.01,0.02,-0.08,100.0,PX4_TELEMETRY,SAFE,INFO,CONTINUE,RETURNING_HOME,RETURN_TO_HOME,GEOFENCE_VIOLATION,All monitored constraints satisfied
155.63,px4_local_ned_converted,-0.03,-0.07,1.73,0.01,0.02,-0.07,100.0,PX4_TELEMETRY,SAFE,INFO,CONTINUE,RETURNING_HOME,RETURN_TO_HOME,GEOFENCE_VIOLATION,All monitored constraints satisfied
155.73,px4_local_ned_converted,-0.03,-0.07,1.73,0.01,0.02,-0.08,100.0,PX4_TELEMETRY,SAFE,INFO,CONTINUE,RETURNING_HOME,RETURN_TO_HOME,GEOFENCE_VIOLATION,All monitored constraints satisfied
155.84,px4_local_ned_converted,-0.02,-0.07,1.73,0.01,0.02,-0.08,100.0,PX4_TELEMETRY,SAFE,INFO,CONTINUE,RETURNING_HOME,RETURN_TO_HOME,GEOFENCE_VIOLATION,All monitored constraints satisfied
155.94,px4_local_ned_converted,-0.02,-0.07,1.72,0.01,0.02,-0.08,100.0,PX4_TELEMETRY,SAFE,INFO,CONTINUE,RETURNING_HOME,RETURN_TO_HOME,GEOFENCE_VIOLATION,All monitored constraints satisfied
156.04,px4_local_ned_converted,-0.02,-0.07,1.73,0.0,0.02,-0.08,100.0,PX4_TELEMETRY,SAFE,INFO,CONTINUE,RETURNING_HOME,RETURN_TO_HOME,GEOFENCE_VIOLATION,All monitored constraints satisfied
156.15,px4_local_ned_converted,-0.02,-0.07,1.73,0.0,0.02,-0.08,100.0,PX4_TELEMETRY,SAFE,INFO,CONTINUE,RETURNING_HOME,RETURN_TO_HOME,GEOFENCE_VIOLATION,All monitored constraints satisfied
156.25,px4_local_ned_converted,-0.02,-0.07,1.72,0.0,0.02,-0.08,100.0,PX4_TELEMETRY,SAFE,INFO,CONTINUE,RETURNING_HOME,RETURN_TO_HOME,GEOFENCE_VIOLATION,All monitored constraints satisfied
156.36,px4_local_ned_converted,-0.02,-0.07,1.72,0.0,0.02,-0.08,100.0,PX4_TELEMETRY,SAFE,INFO,CONTINUE,RETURNING_HOME,RETURN_TO_HOME,GEOFENCE_VIOLATION,All monitored constraints satisfied
156.46,px4_local_ned_converted,-0.02,-0.07,1.72,-0.0,0.02,-0.08,100.0,PX4_TELEMETRY,SAFE,INFO,CONTINUE,RETURNING_HOME,RETURN_TO_HOME,GEOFENCE_VIOLATION,All monitored constraints satisfied
156.57,px4_local_ned_converted,-0.02,-0.07,1.72,-0.0,0.02,-0.08,100.0,PX4_TELEMETRY,SAFE,INFO,CONTINUE,RETURNING_HOME,RETURN_TO_HOME,GEOFENCE_VIOLATION,All monitored constraints satisfied
156.67,px4_local_ned_converted,-0.02,-0.07,1.72,-0.0,0.02,-0.08,100.0,PX4_TELEMETRY,SAFE,INFO,CONTINUE,RETURNING_HOME,RETURN_TO_HOME,GEOFENCE_VIOLATION,All monitored constraints satisfied
156.78,px4_local_ned_converted,-0.02,-0.07,1.72,-0.0,0.02,-0.07,100.0,PX4_TELEMETRY,SAFE,INFO,CONTINUE,RETURNING_HOME,RETURN_TO_HOME,GEOFENCE_VIOLATION,All monitored constraints satisfied
156.89,px4_local_ned_converted,-0.02,-0.08,1.72,-0.0,0.02,-0.07,100.0,PX4_TELEMETRY,SAFE,INFO,CONTINUE,RETURNING_HOME,RETURN_TO_HOME,GEOFENCE_VIOLATION,All monitored constraints satisfied
156.99,px4_local_ned_converted,-0.02,-0.08,1.72,-0.0,0.02,-0.07,100.0,PX4_TELEMETRY,SAFE,INFO,CONTINUE,RETURNING_HOME,RETURN_TO_HOME,GEOFENCE_VIOLATION,All monitored constraints satisfied
157.09,px4_local_ned_converted,-0.02,-0.08,1.72,-0.01,0.02,-0.08,100.0,PX4_TELEMETRY,SAFE,INFO,CONTINUE,RETURNING_HOME,RETURN_TO_HOME,GEOFENCE_VIOLATION,All monitored constraints satisfied
157.2,px4_local_ned_converted,-0.02,-0.08,1.72,-0.01,0.02,-0.07,100.0,PX4_TELEMETRY,SAFE,INFO,CONTINUE,RETURNING_HOME,RETURN_TO_HOME,GEOFENCE_VIOLATION,All monitored constraints satisfied
157.3,px4_local_ned_converted,-0.02,-0.08,1.72,-0.01,0.02,-0.07,100.0,PX4_TELEMETRY,SAFE,INFO,CONTINUE,RETURNING_HOME,RETURN_TO_HOME,GEOFENCE_VIOLATION,All monitored constraints satisfied
157.41,px4_local_ned_converted,-0.03,-0.08,1.72,-0.01,0.02,-0.07,100.0,PX4_TELEMETRY,SAFE,INFO,CONTINUE,RETURNING_HOME,RETURN_TO_HOME,GEOFENCE_VIOLATION,All monitored constraints satisfied
157.51,px4_local_ned_converted,-0.03,-0.08,1.71,-0.01,0.02,-0.07,100.0,PX4_TELEMETRY,SAFE,INFO,CONTINUE,RETURNING_HOME,RETURN_TO_HOME,GEOFENCE_VIOLATION,All monitored constraints satisfied
157.61,px4_local_ned_converted,-0.03,-0.08,1.72,-0.01,0.02,-0.07,100.0,PX4_TELEMETRY,SAFE,INFO,CONTINUE,RETURNING_HOME,RETURN_TO_HOME,GEOFENCE_VIOLATION,All monitored constraints satisfied
157.72,px4_local_ned_converted,-0.03,-0.08,1.72,-0.01,0.03,-0.07,100.0,PX4_TELEMETRY,SAFE,INFO,CONTINUE,RETURNING_HOME,RETURN_TO_HOME,GEOFENCE_VIOLATION,All monitored constraints satisfied
157.83,px4_local_ned_converted,-0.03,-0.08,1.72,-0.01,0.03,-0.07,100.0,PX4_TELEMETRY,SAFE,INFO,CONTINUE,RETURNING_HOME,RETURN_TO_HOME,GEOFENCE_VIOLATION,All monitored constraints satisfied
157.93,px4_local_ned_converted,-0.03,-0.08,1.71,-0.01,0.03,-0.07,100.0,PX4_TELEMETRY,SAFE,INFO,CONTINUE,RETURNING_HOME,RETURN_TO_HOME,GEOFENCE_VIOLATION,All monitored constraints satisfied
158.03,px4_local_ned_converted,-0.04,-0.08,1.71,-0.01,0.03,-0.07,100.0,PX4_TELEMETRY,SAFE,INFO,CONTINUE,RETURNING_HOME,RETURN_TO_HOME,GEOFENCE_VIOLATION,All monitored constraints satisfied
158.14,px4_local_ned_converted,-0.04,-0.08,1.71,-0.01,0.03,-0.07,100.0,PX4_TELEMETRY,SAFE,INFO,CONTINUE,RETURNING_HOME,RETURN_TO_HOME,GEOFENCE_VIOLATION,All monitored constraints satisfied
158.25,px4_local_ned_converted,-0.04,-0.08,1.71,-0.0,0.03,-0.07,100.0,PX4_TELEMETRY,SAFE,INFO,CONTINUE,RETURNING_HOME,RETURN_TO_HOME,GEOFENCE_VIOLATION,All monitored constraints satisfied
158.35,px4_local_ned_converted,-0.04,-0.08,1.71,-0.0,0.03,-0.06,100.0,PX4_TELEMETRY,SAFE,INFO,CONTINUE,RETURNING_HOME,RETURN_TO_HOME,GEOFENCE_VIOLATION,All monitored constraints satisfied
158.45,px4_local_ned_converted,-0.04,-0.08,1.71,-0.0,0.03,-0.06,100.0,PX4_TELEMETRY,SAFE,INFO,CONTINUE,RETURNING_HOME,RETURN_TO_HOME,GEOFENCE_VIOLATION,All monitored constraints satisfied
158.56,px4_local_ned_converted,-0.04,-0.08,1.71,-0.0,0.03,-0.06,100.0,PX4_TELEMETRY,SAFE,INFO,CONTINUE,RETURNING_HOME,RETURN_TO_HOME,GEOFENCE_VIOLATION,All monitored constraints satisfied
158.66,px4_local_ned_converted,-0.04,-0.08,1.7,-0.0,0.03,-0.06,100.0,PX4_TELEMETRY,SAFE,INFO,CONTINUE,RETURNING_HOME,RETURN_TO_HOME,GEOFENCE_VIOLATION,All monitored constraints satisfied
158.76,px4_local_ned_converted,-0.04,-0.08,1.7,-0.0,0.03,-0.06,100.0,PX4_TELEMETRY,SAFE,INFO,CONTINUE,RETURNING_HOME,RETURN_TO_HOME,GEOFENCE_VIOLATION,All monitored constraints satisfied
158.87,px4_local_ned_converted,-0.03,-0.08,1.7,-0.0,0.03,-0.06,100.0,PX4_TELEMETRY,SAFE,INFO,CONTINUE,RETURNING_HOME,RETURN_TO_HOME,GEOFENCE_VIOLATION,All monitored constraints satisfied
158.97,px4_local_ned_converted,-0.03,-0.08,1.7,-0.0,0.03,-0.06,100.0,PX4_TELEMETRY,SAFE,INFO,CONTINUE,RETURNING_HOME,RETURN_TO_HOME,GEOFENCE_VIOLATION,All monitored constraints satisfied
159.08,px4_local_ned_converted,-0.03,-0.08,1.69,-0.0,0.02,-0.05,100.0,PX4_TELEMETRY,SAFE,INFO,CONTINUE,RETURNING_HOME,RETURN_TO_HOME,GEOFENCE_VIOLATION,All monitored constraints satisfied
159.18,px4_local_ned_converted,-0.03,-0.08,1.69,-0.0,0.02,-0.05,100.0,PX4_TELEMETRY,SAFE,INFO,CONTINUE,RETURNING_HOME,RETURN_TO_HOME,GEOFENCE_VIOLATION,All monitored constraints satisfied
159.28,px4_local_ned_converted,-0.03,-0.08,1.69,-0.0,0.02,-0.05,100.0,PX4_TELEMETRY,SAFE,INFO,CONTINUE,RETURNING_HOME,RETURN_TO_HOME,GEOFENCE_VIOLATION,All monitored constraints satisfied
159.39,px4_local_ned_converted,-0.03,-0.08,1.69,-0.01,0.02,-0.05,100.0,PX4_TELEMETRY,SAFE,INFO,CONTINUE,RETURNING_HOME,RETURN_TO_HOME,GEOFENCE_VIOLATION,All monitored constraints satisfied
159.49,px4_local_ned_converted,-0.03,-0.08,1.69,-0.01,0.02,-0.05,100.0,PX4_TELEMETRY,SAFE,INFO,CONTINUE,RETURNING_HOME,RETURN_TO_HOME,GEOFENCE_VIOLATION,All monitored constraints satisfied
159.59,px4_local_ned_converted,-0.02,-0.08,1.69,-0.01,0.02,-0.04,100.0,PX4_TELEMETRY,SAFE,INFO,CONTINUE,RETURNING_HOME,RETURN_TO_HOME,GEOFENCE_VIOLATION,All monitored constraints satisfied
159.7,px4_local_ned_converted,-0.02,-0.08,1.7,-0.01,0.02,-0.05,100.0,PX4_TELEMETRY,SAFE,INFO,CONTINUE,RETURNING_HOME,RETURN_TO_HOME,GEOFENCE_VIOLATION,All monitored constraints satisfied
159.8,px4_local_ned_converted,-0.02,-0.08,1.7,-0.01,0.02,-0.05,100.0,PX4_TELEMETRY,SAFE,INFO,CONTINUE,RETURNING_HOME,RETURN_TO_HOME,GEOFENCE_VIOLATION,All monitored constraints satisfied
159.91,px4_local_ned_converted,-0.02,-0.08,1.7,-0.01,0.02,-0.05,100.0,PX4_TELEMETRY,SAFE,INFO,CONTINUE,RETURNING_HOME,RETURN_TO_HOME,GEOFENCE_VIOLATION,All monitored constraints satisfied
160.01,px4_local_ned_converted,-0.02,-0.08,1.7,-0.01,0.02,-0.05,100.0,PX4_TELEMETRY,SAFE,INFO,CONTINUE,RETURNING_HOME,RETURN_TO_HOME,GEOFENCE_VIOLATION,All monitored constraints satisfied
160.12,px4_local_ned_converted,-0.01,-0.08,1.7,-0.01,0.02,-0.05,100.0,PX4_TELEMETRY,SAFE,INFO,CONTINUE,RETURNING_HOME,RETURN_TO_HOME,GEOFENCE_VIOLATION,All monitored constraints satisfied
160.22,px4_local_ned_converted,-0.01,-0.08,1.7,-0.01,0.02,-0.05,100.0,PX4_TELEMETRY,SAFE,INFO,CONTINUE,RETURNING_HOME,RETURN_TO_HOME,GEOFENCE_VIOLATION,All monitored constraints satisfied
160.33,px4_local_ned_converted,-0.01,-0.07,1.69,-0.01,0.02,-0.05,100.0,PX4_TELEMETRY,SAFE,INFO,CONTINUE,RETURNING_HOME,RETURN_TO_HOME,GEOFENCE_VIOLATION,All monitored constraints satisfied
160.44,px4_local_ned_converted,-0.0,-0.07,1.7,-0.01,0.02,-0.05,100.0,PX4_TELEMETRY,SAFE,INFO,CONTINUE,RETURNING_HOME,RETURN_TO_HOME,GEOFENCE_VIOLATION,All monitored constraints satisfied
160.54,px4_local_ned_converted,0.0,-0.07,1.7,-0.01,0.02,-0.05,100.0,PX4_TELEMETRY,SAFE,INFO,CONTINUE,RETURNING_HOME,RETURN_TO_HOME,GEOFENCE_VIOLATION,All monitored constraints satisfied
160.64,px4_local_ned_converted,0.01,-0.06,1.69,-0.01,0.02,-0.05,100.0,PX4_TELEMETRY,SAFE,INFO,CONTINUE,RETURNING_HOME,RETURN_TO_HOME,GEOFENCE_VIOLATION,All monitored constraints satisfied
160.74,px4_local_ned_converted,0.01,-0.06,1.69,-0.02,0.02,-0.05,100.0,PX4_TELEMETRY,SAFE,INFO,CONTINUE,RETURNING_HOME,RETURN_TO_HOME,GEOFENCE_VIOLATION,All monitored constraints satisfied
160.84,px4_local_ned_converted,0.01,-0.06,1.69,-0.02,0.02,-0.05,100.0,PX4_TELEMETRY,SAFE,INFO,CONTINUE,RETURNING_HOME,RETURN_TO_HOME,GEOFENCE_VIOLATION,All monitored constraints satisfied
160.95,px4_local_ned_converted,0.01,-0.06,1.69,-0.02,0.01,-0.05,100.0,PX4_TELEMETRY,SAFE,INFO,CONTINUE,RETURNING_HOME,RETURN_TO_HOME,GEOFENCE_VIOLATION,All monitored constraints satisfied
161.05,px4_local_ned_converted,0.01,-0.05,1.69,-0.02,0.01,-0.05,100.0,PX4_TELEMETRY,SAFE,INFO,CONTINUE,RETURNING_HOME,RETURN_TO_HOME,GEOFENCE_VIOLATION,All monitored constraints satisfied
161.15,px4_local_ned_converted,0.01,-0.05,1.69,-0.03,0.01,-0.05,100.0,PX4_TELEMETRY,SAFE,INFO,CONTINUE,RETURNING_HOME,RETURN_TO_HOME,GEOFENCE_VIOLATION,All monitored constraints satisfied
161.26,px4_local_ned_converted,0.02,-0.05,1.69,-0.03,0.01,-0.04,100.0,PX4_TELEMETRY,SAFE,INFO,CONTINUE,RETURNING_HOME,RETURN_TO_HOME,GEOFENCE_VIOLATION,All monitored constraints satisfied
161.37,px4_local_ned_converted,0.02,-0.05,1.69,-0.03,0.01,-0.05,100.0,PX4_TELEMETRY,SAFE,INFO,CONTINUE,RETURNING_HOME,RETURN_TO_HOME,GEOFENCE_VIOLATION,All monitored constraints satisfied
161.47,px4_local_ned_converted,0.02,-0.05,1.69,-0.03,0.0,-0.05,100.0,PX4_TELEMETRY,SAFE,INFO,CONTINUE,RETURNING_HOME,RETURN_TO_HOME,GEOFENCE_VIOLATION,All monitored constraints satisfied
161.57,px4_local_ned_converted,0.02,-0.05,1.69,-0.03,0.0,-0.05,100.0,PX4_TELEMETRY,SAFE,INFO,CONTINUE,RETURNING_HOME,RETURN_TO_HOME,GEOFENCE_VIOLATION,All monitored constraints satisfied
161.68,px4_local_ned_converted,0.02,-0.05,1.69,-0.03,0.0,-0.04,100.0,PX4_TELEMETRY,SAFE,INFO,CONTINUE,RETURNING_HOME,RETURN_TO_HOME,GEOFENCE_VIOLATION,All monitored constraints satisfied
161.78,px4_local_ned_converted,0.02,-0.04,1.69,-0.03,0.0,-0.05,100.0,PX4_TELEMETRY,SAFE,INFO,CONTINUE,RETURNING_HOME,RETURN_TO_HOME,GEOFENCE_VIOLATION,All monitored constraints satisfied
161.88,px4_local_ned_converted,0.02,-0.04,1.69,-0.04,0.0,-0.05,100.0,PX4_TELEMETRY,SAFE,INFO,CONTINUE,RETURNING_HOME,RETURN_TO_HOME,GEOFENCE_VIOLATION,All monitored constraints satisfied
161.99,px4_local_ned_converted,0.02,-0.04,1.69,-0.04,-0.0,-0.05,100.0,PX4_TELEMETRY,SAFE,INFO,CONTINUE,RETURNING_HOME,RETURN_TO_HOME,GEOFENCE_VIOLATION,All monitored constraints satisfied
162.09,px4_local_ned_converted,0.02,-0.04,1.69,-0.04,-0.0,-0.05,100.0,PX4_TELEMETRY,SAFE,INFO,CONTINUE,RETURNING_HOME,RETURN_TO_HOME,GEOFENCE_VIOLATION,All monitored constraints satisfied
162.2,px4_local_ned_converted,0.02,-0.04,1.69,-0.04,-0.01,-0.05,100.0,PX4_TELEMETRY,SAFE,INFO,CONTINUE,RETURNING_HOME,RETURN_TO_HOME,GEOFENCE_VIOLATION,All monitored constraints satisfied
162.3,px4_local_ned_converted,0.01,-0.04,1.69,-0.04,-0.01,-0.05,100.0,PX4_TELEMETRY,SAFE,INFO,CONTINUE,RETURNING_HOME,RETURN_TO_HOME,GEOFENCE_VIOLATION,All monitored constraints satisfied
162.41,px4_local_ned_converted,0.01,-0.03,1.69,-0.04,-0.01,-0.04,100.0,PX4_TELEMETRY,SAFE,INFO,CONTINUE,RETURNING_HOME,RETURN_TO_HOME,GEOFENCE_VIOLATION,All monitored constraints satisfied
162.51,px4_local_ned_converted,0.01,-0.03,1.69,-0.04,-0.01,-0.04,100.0,PX4_TELEMETRY,SAFE,INFO,CONTINUE,RETURNING_HOME,RETURN_TO_HOME,GEOFENCE_VIOLATION,All monitored constraints satisfied
162.61,px4_local_ned_converted,0.0,-0.03,1.69,-0.04,-0.01,-0.05,100.0,PX4_TELEMETRY,SAFE,INFO,CONTINUE,RETURNING_HOME,RETURN_TO_HOME,GEOFENCE_VIOLATION,All monitored constraints satisfied
162.72,px4_local_ned_converted,0.0,-0.03,1.69,-0.04,-0.01,-0.05,100.0,PX4_TELEMETRY,SAFE,INFO,CONTINUE,RETURNING_HOME,RETURN_TO_HOME,GEOFENCE_VIOLATION,All monitored constraints satisfied
162.82,px4_local_ned_converted,-0.0,-0.03,1.69,-0.04,-0.02,-0.04,100.0,PX4_TELEMETRY,SAFE,INFO,CONTINUE,RETURNING_HOME,RETURN_TO_HOME,GEOFENCE_VIOLATION,All monitored constraints satisfied
162.93,px4_local_ned_converted,-0.0,-0.03,1.69,-0.04,-0.02,-0.04,100.0,PX4_TELEMETRY,SAFE,INFO,CONTINUE,RETURNING_HOME,RETURN_TO_HOME,GEOFENCE_VIOLATION,All monitored constraints satisfied
163.03,px4_local_ned_converted,-0.01,-0.03,1.69,-0.04,-0.02,-0.05,100.0,PX4_TELEMETRY,SAFE,INFO,CONTINUE,RETURNING_HOME,RETURN_TO_HOME,GEOFENCE_VIOLATION,All monitored constraints satisfied
163.14,px4_local_ned_converted,-0.01,-0.03,1.69,-0.03,-0.02,-0.05,100.0,PX4_TELEMETRY,SAFE,INFO,CONTINUE,RETURNING_HOME,RETURN_TO_HOME,GEOFENCE_VIOLATION,All monitored constraints satisfied
163.24,px4_local_ned_converted,-0.01,-0.03,1.69,-0.03,-0.02,-0.04,100.0,PX4_TELEMETRY,SAFE,INFO,CONTINUE,RETURNING_HOME,RETURN_TO_HOME,GEOFENCE_VIOLATION,All monitored constraints satisfied
163.35,px4_local_ned_converted,-0.01,-0.03,1.69,-0.03,-0.02,-0.04,100.0,PX4_TELEMETRY,SAFE,INFO,CONTINUE,RETURNING_HOME,RETURN_TO_HOME,GEOFENCE_VIOLATION,All monitored constraints satisfied
163.45,px4_local_ned_converted,-0.02,-0.03,1.69,-0.03,-0.02,-0.05,100.0,PX4_TELEMETRY,SAFE,INFO,CONTINUE,RETURNING_HOME,RETURN_TO_HOME,GEOFENCE_VIOLATION,All monitored constraints satisfied
163.55,px4_local_ned_converted,-0.02,-0.03,1.69,-0.03,-0.02,-0.05,100.0,PX4_TELEMETRY,SAFE,INFO,CONTINUE,RETURNING_HOME,RETURN_TO_HOME,GEOFENCE_VIOLATION,All monitored constraints satisfied
163.66,px4_local_ned_converted,-0.02,-0.03,1.69,-0.03,-0.02,-0.04,100.0,PX4_TELEMETRY,SAFE,INFO,CONTINUE,RETURNING_HOME,RETURN_TO_HOME,GEOFENCE_VIOLATION,All monitored constraints satisfied
163.76,px4_local_ned_converted,-0.02,-0.03,1.69,-0.02,-0.02,-0.05,100.0,PX4_TELEMETRY,SAFE,INFO,CONTINUE,RETURNING_HOME,RETURN_TO_HOME,GEOFENCE_VIOLATION,All monitored constraints satisfied
163.87,px4_local_ned_converted,-0.02,-0.03,1.69,-0.02,-0.02,-0.05,100.0,PX4_TELEMETRY,SAFE,INFO,CONTINUE,RETURNING_HOME,RETURN_TO_HOME,GEOFENCE_VIOLATION,All monitored constraints satisfied
163.97,px4_local_ned_converted,-0.02,-0.03,1.68,-0.02,-0.02,-0.04,100.0,PX4_TELEMETRY,SAFE,INFO,CONTINUE,RETURNING_HOME,RETURN_TO_HOME,GEOFENCE_VIOLATION,All monitored constraints satisfied
164.07,px4_local_ned_converted,-0.02,-0.02,1.68,-0.02,-0.02,-0.04,100.0,PX4_TELEMETRY,SAFE,INFO,CONTINUE,RETURNING_HOME,RETURN_TO_HOME,GEOFENCE_VIOLATION,All monitored constraints satisfied
164.18,px4_local_ned_converted,-0.02,-0.02,1.68,-0.02,-0.02,-0.04,100.0,PX4_TELEMETRY,SAFE,INFO,CONTINUE,RETURNING_HOME,RETURN_TO_HOME,GEOFENCE_VIOLATION,All monitored constraints satisfied
164.28,px4_local_ned_converted,-0.02,-0.02,1.68,-0.02,-0.02,-0.04,100.0,PX4_TELEMETRY,SAFE,INFO,CONTINUE,RETURNING_HOME,RETURN_TO_HOME,GEOFENCE_VIOLATION,All monitored constraints satisfied
164.38,px4_local_ned_converted,-0.02,-0.02,1.68,-0.02,-0.02,-0.04,100.0,PX4_TELEMETRY,SAFE,INFO,CONTINUE,RETURNING_HOME,RETURN_TO_HOME,GEOFENCE_VIOLATION,All monitored constraints satisfied
164.49,px4_local_ned_converted,-0.02,-0.02,1.68,-0.02,-0.02,-0.03,100.0,PX4_TELEMETRY,SAFE,INFO,CONTINUE,RETURNING_HOME,RETURN_TO_HOME,GEOFENCE_VIOLATION,All monitored constraints satisfied
164.59,px4_local_ned_converted,-0.02,-0.02,1.68,-0.02,-0.02,-0.03,100.0,PX4_TELEMETRY,SAFE,INFO,CONTINUE,RETURNING_HOME,RETURN_TO_HOME,GEOFENCE_VIOLATION,All monitored constraints satisfied
164.69,px4_local_ned_converted,-0.02,-0.02,1.68,-0.02,-0.02,-0.03,100.0,PX4_TELEMETRY,SAFE,INFO,CONTINUE,RETURNING_HOME,RETURN_TO_HOME,GEOFENCE_VIOLATION,All monitored constraints satisfied
164.8,px4_local_ned_converted,-0.02,-0.02,1.68,-0.02,-0.02,-0.03,100.0,PX4_TELEMETRY,SAFE,INFO,CONTINUE,RETURNING_HOME,RETURN_TO_HOME,GEOFENCE_VIOLATION,All monitored constraints satisfied
164.9,px4_local_ned_converted,-0.02,-0.01,1.68,-0.02,-0.02,-0.03,100.0,PX4_TELEMETRY,SAFE,INFO,CONTINUE,RETURNING_HOME,RETURN_TO_HOME,GEOFENCE_VIOLATION,All monitored constraints satisfied
165.01,px4_local_ned_converted,-0.02,-0.01,1.67,-0.02,-0.03,-0.03,100.0,PX4_TELEMETRY,SAFE,INFO,CONTINUE,RETURNING_HOME,RETURN_TO_HOME,GEOFENCE_VIOLATION,All monitored constraints satisfied
165.11,px4_local_ned_converted,-0.02,-0.01,1.67,-0.02,-0.03,-0.03,100.0,PX4_TELEMETRY,SAFE,INFO,CONTINUE,RETURNING_HOME,RETURN_TO_HOME,GEOFENCE_VIOLATION,All monitored constraints satisfied
165.21,px4_local_ned_converted,-0.02,-0.01,1.67,-0.02,-0.03,-0.03,100.0,PX4_TELEMETRY,SAFE,INFO,CONTINUE,RETURNING_HOME,RETURN_TO_HOME,GEOFENCE_VIOLATION,All monitored constraints satisfied
165.32,px4_local_ned_converted,-0.02,-0.01,1.67,-0.02,-0.03,-0.03,100.0,PX4_TELEMETRY,SAFE,INFO,CONTINUE,RETURNING_HOME,RETURN_TO_HOME,GEOFENCE_VIOLATION,All monitored constraints satisfied
165.42,px4_local_ned_converted,-0.03,-0.02,1.67,-0.02,-0.03,-0.03,100.0,PX4_TELEMETRY,SAFE,INFO,CONTINUE,RETURNING_HOME,RETURN_TO_HOME,GEOFENCE_VIOLATION,All monitored constraints satisfied
165.53,px4_local_ned_converted,-0.03,-0.02,1.67,-0.02,-0.04,-0.03,100.0,PX4_TELEMETRY,SAFE,INFO,CONTINUE,RETURNING_HOME,RETURN_TO_HOME,GEOFENCE_VIOLATION,All monitored constraints satisfied
165.63,px4_local_ned_converted,-0.03,-0.02,1.67,-0.02,-0.04,-0.02,100.0,PX4_TELEMETRY,SAFE,INFO,CONTINUE,RETURNING_HOME,RETURN_TO_HOME,GEOFENCE_VIOLATION,All monitored constraints satisfied
165.74,px4_local_ned_converted,-0.03,-0.02,1.67,-0.01,-0.04,-0.02,100.0,PX4_TELEMETRY,SAFE,INFO,CONTINUE,RETURNING_HOME,RETURN_TO_HOME,GEOFENCE_VIOLATION,All monitored constraints satisfied
165.84,px4_local_ned_converted,-0.03,-0.02,1.67,-0.01,-0.04,-0.02,100.0,PX4_TELEMETRY,SAFE,INFO,CONTINUE,RETURNING_HOME,RETURN_TO_HOME,GEOFENCE_VIOLATION,All monitored constraints satisfied
165.95,px4_local_ned_converted,-0.03,-0.03,1.66,-0.01,-0.04,-0.02,100.0,PX4_TELEMETRY,SAFE,INFO,CONTINUE,RETURNING_HOME,RETURN_TO_HOME,GEOFENCE_VIOLATION,All monitored constraints satisfied
166.05,px4_local_ned_converted,-0.03,-0.02,1.66,-0.01,-0.03,-0.02,100.0,PX4_TELEMETRY,SAFE,INFO,CONTINUE,RETURNING_HOME,RETURN_TO_HOME,GEOFENCE_VIOLATION,All monitored constraints satisfied
166.15,px4_local_ned_converted,-0.03,-0.02,1.66,-0.01,-0.03,-0.02,100.0,PX4_TELEMETRY,SAFE,INFO,CONTINUE,RETURNING_HOME,RETURN_TO_HOME,GEOFENCE_VIOLATION,All monitored constraints satisfied
166.26,px4_local_ned_converted,-0.03,-0.02,1.66,-0.01,-0.03,-0.02,100.0,PX4_TELEMETRY,SAFE,INFO,CONTINUE,RETURNING_HOME,RETURN_TO_HOME,GEOFENCE_VIOLATION,All monitored constraints satisfied
166.36,px4_local_ned_converted,-0.03,-0.02,1.66,-0.01,-0.03,-0.01,100.0,PX4_TELEMETRY,SAFE,INFO,CONTINUE,RETURNING_HOME,RETURN_TO_HOME,GEOFENCE_VIOLATION,All monitored constraints satisfied
166.47,px4_local_ned_converted,-0.03,-0.02,1.66,-0.01,-0.03,-0.01,100.0,PX4_TELEMETRY,SAFE,INFO,CONTINUE,RETURNING_HOME,RETURN_TO_HOME,GEOFENCE_VIOLATION,All monitored constraints satisfied
166.57,px4_local_ned_converted,-0.03,-0.02,1.66,-0.01,-0.03,-0.01,100.0,PX4_TELEMETRY,SAFE,INFO,CONTINUE,RETURNING_HOME,RETURN_TO_HOME,GEOFENCE_VIOLATION,All monitored constraints satisfied
166.68,px4_local_ned_converted,-0.03,-0.02,1.66,-0.01,-0.03,-0.02,100.0,PX4_TELEMETRY,SAFE,INFO,CONTINUE,RETURNING_HOME,RETURN_TO_HOME,GEOFENCE_VIOLATION,All monitored constraints satisfied
166.78,px4_local_ned_converted,-0.03,-0.02,1.66,-0.01,-0.03,-0.01,100.0,PX4_TELEMETRY,SAFE,INFO,CONTINUE,RETURNING_HOME,RETURN_TO_HOME,GEOFENCE_VIOLATION,All monitored constraints satisfied
166.89,px4_local_ned_converted,-0.03,-0.02,1.66,-0.01,-0.03,-0.01,100.0,PX4_TELEMETRY,SAFE,INFO,CONTINUE,RETURNING_HOME,RETURN_TO_HOME,GEOFENCE_VIOLATION,All monitored constraints satisfied
166.99,px4_local_ned_converted,-0.03,-0.02,1.66,-0.01,-0.03,-0.01,100.0,PX4_TELEMETRY,SAFE,INFO,CONTINUE,RETURNING_HOME,RETURN_TO_HOME,GEOFENCE_VIOLATION,All monitored constraints satisfied
167.09,px4_local_ned_converted,-0.02,-0.02,1.66,-0.01,-0.03,-0.01,100.0,PX4_TELEMETRY,SAFE,INFO,CONTINUE,RETURNING_HOME,RETURN_TO_HOME,GEOFENCE_VIOLATION,All monitored constraints satisfied
167.2,px4_local_ned_converted,-0.02,-0.02,1.66,-0.01,-0.03,-0.01,100.0,PX4_TELEMETRY,SAFE,INFO,CONTINUE,RETURNING_HOME,RETURN_TO_HOME,GEOFENCE_VIOLATION,All monitored constraints satisfied
167.3,px4_local_ned_converted,-0.02,-0.02,1.66,-0.01,-0.03,-0.01,100.0,PX4_TELEMETRY,SAFE,INFO,CONTINUE,RETURNING_HOME,RETURN_TO_HOME,GEOFENCE_VIOLATION,All monitored constraints satisfied
167.4,px4_local_ned_converted,-0.02,-0.02,1.66,-0.01,-0.03,-0.01,100.0,PX4_TELEMETRY,SAFE,INFO,CONTINUE,RETURNING_HOME,RETURN_TO_HOME,GEOFENCE_VIOLATION,All monitored constraints satisfied
167.51,px4_local_ned_converted,-0.02,-0.02,1.66,-0.01,-0.04,-0.01,100.0,PX4_TELEMETRY,SAFE,INFO,CONTINUE,RETURNING_HOME,RETURN_TO_HOME,GEOFENCE_VIOLATION,All monitored constraints satisfied
167.61,px4_local_ned_converted,-0.02,-0.02,1.66,-0.01,-0.04,-0.01,100.0,PX4_TELEMETRY,SAFE,INFO,CONTINUE,RETURNING_HOME,RETURN_TO_HOME,GEOFENCE_VIOLATION,All monitored constraints satisfied
167.72,px4_local_ned_converted,-0.01,-0.02,1.65,-0.01,-0.04,-0.01,100.0,PX4_TELEMETRY,SAFE,INFO,CONTINUE,RETURNING_HOME,RETURN_TO_HOME,GEOFENCE_VIOLATION,All monitored constraints satisfied
167.82,px4_local_ned_converted,-0.01,-0.02,1.65,-0.01,-0.04,-0.01,100.0,PX4_TELEMETRY,SAFE,INFO,CONTINUE,RETURNING_HOME,RETURN_TO_HOME,GEOFENCE_VIOLATION,All monitored constraints satisfied
167.93,px4_local_ned_converted,-0.01,-0.02,1.65,-0.02,-0.04,-0.01,100.0,PX4_TELEMETRY,SAFE,INFO,CONTINUE,RETURNING_HOME,RETURN_TO_HOME,GEOFENCE_VIOLATION,All monitored constraints satisfied
168.03,px4_local_ned_converted,-0.01,-0.02,1.65,-0.02,-0.04,-0.01,100.0,PX4_TELEMETRY,SAFE,INFO,CONTINUE,RETURNING_HOME,RETURN_TO_HOME,GEOFENCE_VIOLATION,All monitored constraints satisfied
168.13,px4_local_ned_converted,-0.01,-0.02,1.65,-0.02,-0.04,-0.0,100.0,PX4_TELEMETRY,SAFE,INFO,CONTINUE,RETURNING_HOME,RETURN_TO_HOME,GEOFENCE_VIOLATION,All monitored constraints satisfied
168.24,px4_local_ned_converted,-0.02,-0.02,1.65,-0.02,-0.04,-0.0,100.0,PX4_TELEMETRY,SAFE,INFO,CONTINUE,RETURNING_HOME,RETURN_TO_HOME,GEOFENCE_VIOLATION,All monitored constraints satisfied
168.35,px4_local_ned_converted,-0.02,-0.02,1.65,-0.02,-0.04,-0.0,100.0,PX4_TELEMETRY,SAFE,INFO,CONTINUE,RETURNING_HOME,RETURN_TO_HOME,GEOFENCE_VIOLATION,All monitored constraints satisfied
168.45,px4_local_ned_converted,-0.02,-0.02,1.64,-0.02,-0.04,-0.0,100.0,PX4_TELEMETRY,SAFE,INFO,CONTINUE,RETURNING_HOME,RETURN_TO_HOME,GEOFENCE_VIOLATION,All monitored constraints satisfied
168.56,px4_local_ned_converted,-0.01,-0.01,1.64,-0.02,-0.04,0.0,100.0,PX4_TELEMETRY,SAFE,INFO,CONTINUE,RETURNING_HOME,RETURN_TO_HOME,GEOFENCE_VIOLATION,All monitored constraints satisfied
168.66,px4_local_ned_converted,-0.02,-0.01,1.64,-0.03,-0.04,0.0,100.0,PX4_TELEMETRY,SAFE,INFO,CONTINUE,RETURNING_HOME,RETURN_TO_HOME,GEOFENCE_VIOLATION,All monitored constraints satisfied
168.76,px4_local_ned_converted,-0.02,-0.01,1.64,-0.03,-0.04,0.0,100.0,PX4_TELEMETRY,SAFE,INFO,CONTINUE,RETURNING_HOME,RETURN_TO_HOME,GEOFENCE_VIOLATION,All monitored constraints satisfied
168.87,px4_local_ned_converted,-0.01,-0.01,1.64,-0.02,-0.04,0.01,100.0,PX4_TELEMETRY,SAFE,INFO,CONTINUE,RETURNING_HOME,RETURN_TO_HOME,GEOFENCE_VIOLATION,All monitored constraints satisfied
168.97,px4_local_ned_converted,-0.01,-0.01,1.64,-0.02,-0.04,0.01,100.0,PX4_TELEMETRY,SAFE,INFO,CONTINUE,RETURNING_HOME,RETURN_TO_HOME,GEOFENCE_VIOLATION,All monitored constraints satisfied
169.07,px4_local_ned_converted,0.0,-0.0,1.64,-0.02,-0.04,0.01,100.0,PX4_TELEMETRY,SAFE,INFO,CONTINUE,RETURNING_HOME,RETURN_TO_HOME,GEOFENCE_VIOLATION,All monitored constraints satisfied
169.18,px4_local_ned_converted,0.01,0.0,1.64,-0.02,-0.04,0.01,100.0,PX4_TELEMETRY,SAFE,INFO,CONTINUE,RETURNING_HOME,RETURN_TO_HOME,GEOFENCE_VIOLATION,All monitored constraints satisfied
169.28,px4_local_ned_converted,0.01,0.0,1.64,-0.02,-0.04,0.01,100.0,PX4_TELEMETRY,SAFE,INFO,CONTINUE,RETURNING_HOME,RETURN_TO_HOME,GEOFENCE_VIOLATION,All monitored constraints satisfied
169.39,px4_local_ned_converted,0.01,0.0,1.63,-0.03,-0.04,0.01,100.0,PX4_TELEMETRY,SAFE,INFO,CONTINUE,RETURNING_HOME,RETURN_TO_HOME,GEOFENCE_VIOLATION,All monitored constraints satisfied
169.49,px4_local_ned_converted,0.01,0.01,1.63,-0.03,-0.04,0.01,100.0,PX4_TELEMETRY,SAFE,INFO,CONTINUE,RETURNING_HOME,RETURN_TO_HOME,GEOFENCE_VIOLATION,All monitored constraints satisfied
169.6,px4_local_ned_converted,0.01,0.01,1.63,-0.03,-0.05,0.01,100.0,PX4_TELEMETRY,SAFE,INFO,CONTINUE,RETURNING_HOME,RETURN_TO_HOME,GEOFENCE_VIOLATION,All monitored constraints satisfied
169.71,px4_local_ned_converted,0.01,0.0,1.63,-0.04,-0.05,0.01,100.0,PX4_TELEMETRY,SAFE,INFO,CONTINUE,RETURNING_HOME,RETURN_TO_HOME,GEOFENCE_VIOLATION,All monitored constraints satisfied
169.81,px4_local_ned_converted,0.01,0.01,1.63,-0.04,-0.05,0.02,100.0,PX4_TELEMETRY,SAFE,INFO,CONTINUE,RETURNING_HOME,RETURN_TO_HOME,GEOFENCE_VIOLATION,All monitored constraints satisfied
169.91,px4_local_ned_converted,0.02,0.01,1.62,-0.04,-0.05,0.02,100.0,PX4_TELEMETRY,SAFE,INFO,CONTINUE,RETURNING_HOME,RETURN_TO_HOME,GEOFENCE_VIOLATION,All monitored constraints satisfied
170.02,px4_local_ned_converted,0.01,0.01,1.62,-0.04,-0.05,0.02,100.0,PX4_TELEMETRY,SAFE,INFO,CONTINUE,RETURNING_HOME,RETURN_TO_HOME,GEOFENCE_VIOLATION,All monitored constraints satisfied
170.12,px4_local_ned_converted,0.01,0.0,1.62,-0.05,-0.05,0.02,100.0,PX4_TELEMETRY,SAFE,INFO,CONTINUE,RETURNING_HOME,RETURN_TO_HOME,GEOFENCE_VIOLATION,All monitored constraints satisfied
170.22,px4_local_ned_converted,0.01,0.0,1.62,-0.05,-0.05,0.02,100.0,PX4_TELEMETRY,SAFE,INFO,CONTINUE,RETURNING_HOME,RETURN_TO_HOME,GEOFENCE_VIOLATION,All monitored constraints satisfied
170.33,px4_local_ned_converted,0.01,0.01,1.62,-0.05,-0.05,0.03,100.0,PX4_TELEMETRY,SAFE,INFO,CONTINUE,RETURNING_HOME,RETURN_TO_HOME,GEOFENCE_VIOLATION,All monitored constraints satisfied
170.43,px4_local_ned_converted,0.01,0.01,1.62,-0.05,-0.05,0.03,100.0,PX4_TELEMETRY,SAFE,INFO,CONTINUE,RETURNING_HOME,RETURN_TO_HOME,GEOFENCE_VIOLATION,All monitored constraints satisfied
170.53,px4_local_ned_converted,0.01,0.0,1.62,-0.05,-0.05,0.03,100.0,PX4_TELEMETRY,SAFE,INFO,CONTINUE,RETURNING_HOME,RETURN_TO_HOME,GEOFENCE_VIOLATION,All monitored constraints satisfied
170.64,px4_local_ned_converted,0.01,0.01,1.61,-0.05,-0.05,0.03,100.0,PX4_TELEMETRY,SAFE,INFO,CONTINUE,RETURNING_HOME,RETURN_TO_HOME,GEOFENCE_VIOLATION,All monitored constraints satisfied
170.75,px4_local_ned_converted,0.01,0.01,1.61,-0.05,-0.05,0.03,100.0,PX4_TELEMETRY,SAFE,INFO,CONTINUE,RETURNING_HOME,RETURN_TO_HOME,GEOFENCE_VIOLATION,All monitored constraints satisfied
170.85,px4_local_ned_converted,0.01,0.01,1.61,-0.05,-0.05,0.03,100.0,PX4_TELEMETRY,SAFE,INFO,CONTINUE,RETURNING_HOME,RETURN_TO_HOME,GEOFENCE_VIOLATION,All monitored constraints satisfied
170.96,px4_local_ned_converted,0.01,0.0,1.61,-0.05,-0.05,0.03,100.0,PX4_TELEMETRY,SAFE,INFO,CONTINUE,RETURNING_HOME,RETURN_TO_HOME,GEOFENCE_VIOLATION,All monitored constraints satisfied
171.06,px4_local_ned_converted,0.01,0.01,1.61,-0.05,-0.05,0.03,100.0,PX4_TELEMETRY,SAFE,INFO,CONTINUE,RETURNING_HOME,RETURN_TO_HOME,GEOFENCE_VIOLATION,All monitored constraints satisfied
171.16,px4_local_ned_converted,0.01,0.01,1.61,-0.05,-0.05,0.03,100.0,PX4_TELEMETRY,SAFE,INFO,CONTINUE,RETURNING_HOME,RETURN_TO_HOME,GEOFENCE_VIOLATION,All monitored constraints satisfied
171.27,px4_local_ned_converted,0.01,0.01,1.61,-0.05,-0.05,0.04,100.0,PX4_TELEMETRY,SAFE,INFO,CONTINUE,RETURNING_HOME,RETURN_TO_HOME,GEOFENCE_VIOLATION,All monitored constraints satisfied
171.37,px4_local_ned_converted,0.01,0.01,1.61,-0.05,-0.05,0.04,100.0,PX4_TELEMETRY,SAFE,INFO,CONTINUE,RETURNING_HOME,RETURN_TO_HOME,GEOFENCE_VIOLATION,All monitored constraints satisfied
171.47,px4_local_ned_converted,0.01,0.02,1.61,-0.05,-0.05,0.04,100.0,PX4_TELEMETRY,SAFE,INFO,CONTINUE,RETURNING_HOME,RETURN_TO_HOME,GEOFENCE_VIOLATION,All monitored constraints satisfied
171.58,px4_local_ned_converted,0.01,0.02,1.61,-0.05,-0.05,0.04,100.0,PX4_TELEMETRY,SAFE,INFO,CONTINUE,RETURNING_HOME,RETURN_TO_HOME,GEOFENCE_VIOLATION,All monitored constraints satisfied
171.68,px4_local_ned_converted,0.01,0.02,1.61,-0.06,-0.05,0.04,100.0,PX4_TELEMETRY,SAFE,INFO,CONTINUE,RETURNING_HOME,RETURN_TO_HOME,GEOFENCE_VIOLATION,All monitored constraints satisfied
171.79,px4_local_ned_converted,0.01,0.02,1.61,-0.06,-0.05,0.04,100.0,PX4_TELEMETRY,SAFE,INFO,CONTINUE,RETURNING_HOME,RETURN_TO_HOME,GEOFENCE_VIOLATION,All monitored constraints satisfied
171.89,px4_local_ned_converted,0.01,0.02,1.6,-0.05,-0.05,0.04,100.0,PX4_TELEMETRY,SAFE,INFO,CONTINUE,RETURNING_HOME,RETURN_TO_HOME,GEOFENCE_VIOLATION,All monitored constraints satisfied
171.99,px4_local_ned_converted,0.01,0.02,1.6,-0.05,-0.06,0.04,100.0,PX4_TELEMETRY,SAFE,INFO,CONTINUE,RETURNING_HOME,RETURN_TO_HOME,GEOFENCE_VIOLATION,All monitored constraints satisfied
172.1,px4_local_ned_converted,0.01,0.01,1.61,-0.06,-0.06,0.04,100.0,PX4_TELEMETRY,SAFE,INFO,CONTINUE,RETURNING_HOME,RETURN_TO_HOME,GEOFENCE_VIOLATION,All monitored constraints satisfied
172.21,px4_local_ned_converted,0.01,0.01,1.61,-0.06,-0.06,0.04,100.0,PX4_TELEMETRY,SAFE,INFO,CONTINUE,RETURNING_HOME,RETURN_TO_HOME,GEOFENCE_VIOLATION,All monitored constraints satisfied
172.31,px4_local_ned_converted,0.01,0.01,1.61,-0.05,-0.06,0.04,100.0,PX4_TELEMETRY,SAFE,INFO,CONTINUE,RETURNING_HOME,RETURN_TO_HOME,GEOFENCE_VIOLATION,All monitored constraints satisfied
172.41,px4_local_ned_converted,0.01,0.01,1.61,-0.06,-0.06,0.04,100.0,PX4_TELEMETRY,SAFE,INFO,CONTINUE,RETURNING_HOME,RETURN_TO_HOME,GEOFENCE_VIOLATION,All monitored constraints satisfied
172.52,px4_local_ned_converted,0.01,0.01,1.61,-0.06,-0.06,0.04,100.0,PX4_TELEMETRY,SAFE,INFO,CONTINUE,RETURNING_HOME,RETURN_TO_HOME,GEOFENCE_VIOLATION,All monitored constraints satisfied
172.62,px4_local_ned_converted,0.02,0.01,1.61,-0.06,-0.06,0.04,100.0,PX4_TELEMETRY,SAFE,INFO,CONTINUE,RETURNING_HOME,RETURN_TO_HOME,GEOFENCE_VIOLATION,All monitored constraints satisfied
172.72,px4_local_ned_converted,0.02,0.01,1.6,-0.05,-0.06,0.04,100.0,PX4_TELEMETRY,SAFE,INFO,CONTINUE,RETURNING_HOME,RETURN_TO_HOME,GEOFENCE_VIOLATION,All monitored constraints satisfied
172.83,px4_local_ned_converted,0.02,0.01,1.6,-0.06,-0.06,0.04,100.0,PX4_TELEMETRY,SAFE,INFO,CONTINUE,RETURNING_HOME,RETURN_TO_HOME,GEOFENCE_VIOLATION,All monitored constraints satisfied
172.93,px4_local_ned_converted,0.02,0.0,1.6,-0.06,-0.06,0.04,100.0,PX4_TELEMETRY,SAFE,INFO,CONTINUE,RETURNING_HOME,RETURN_TO_HOME,GEOFENCE_VIOLATION,All monitored constraints satisfied
173.04,px4_local_ned_converted,0.02,0.0,1.6,-0.06,-0.06,0.04,100.0,PX4_TELEMETRY,SAFE,INFO,CONTINUE,RETURNING_HOME,RETURN_TO_HOME,GEOFENCE_VIOLATION,All monitored constraints satisfied
173.14,px4_local_ned_converted,0.03,-0.0,1.6,-0.06,-0.06,0.05,100.0,PX4_TELEMETRY,SAFE,INFO,CONTINUE,RETURNING_HOME,RETURN_TO_HOME,GEOFENCE_VIOLATION,All monitored constraints satisfied
173.25,px4_local_ned_converted,0.03,-0.01,1.6,-0.06,-0.06,0.05,100.0,PX4_TELEMETRY,SAFE,INFO,CONTINUE,RETURNING_HOME,RETURN_TO_HOME,GEOFENCE_VIOLATION,All monitored constraints satisfied
173.35,px4_local_ned_converted,0.02,-0.01,1.6,-0.06,-0.06,0.05,100.0,PX4_TELEMETRY,SAFE,INFO,CONTINUE,RETURNING_HOME,RETURN_TO_HOME,GEOFENCE_VIOLATION,All monitored constraints satisfied
173.45,px4_local_ned_converted,0.03,-0.01,1.6,-0.06,-0.05,0.05,100.0,PX4_TELEMETRY,SAFE,INFO,CONTINUE,RETURNING_HOME,RETURN_TO_HOME,GEOFENCE_VIOLATION,All monitored constraints satisfied
173.56,px4_local_ned_converted,0.03,-0.01,1.6,-0.06,-0.05,0.05,100.0,PX4_TELEMETRY,SAFE,INFO,CONTINUE,RETURNING_HOME,RETURN_TO_HOME,GEOFENCE_VIOLATION,All monitored constraints satisfied
173.66,px4_local_ned_converted,0.02,-0.02,1.59,-0.06,-0.05,0.05,100.0,PX4_TELEMETRY,SAFE,INFO,CONTINUE,RETURNING_HOME,RETURN_TO_HOME,GEOFENCE_VIOLATION,All monitored constraints satisfied
173.77,px4_local_ned_converted,0.02,-0.02,1.59,-0.07,-0.05,0.05,100.0,PX4_TELEMETRY,SAFE,INFO,CONTINUE,RETURNING_HOME,RETURN_TO_HOME,GEOFENCE_VIOLATION,All monitored constraints satisfied
173.87,px4_local_ned_converted,0.02,-0.02,1.59,-0.06,-0.04,0.05,100.0,PX4_TELEMETRY,SAFE,INFO,CONTINUE,RETURNING_HOME,RETURN_TO_HOME,GEOFENCE_VIOLATION,All monitored constraints satisfied
173.97,px4_local_ned_converted,0.02,-0.02,1.59,-0.06,-0.04,0.05,100.0,PX4_TELEMETRY,SAFE,INFO,CONTINUE,RETURNING_HOME,RETURN_TO_HOME,GEOFENCE_VIOLATION,All monitored constraints satisfied
174.08,px4_local_ned_converted,0.02,-0.02,1.59,-0.06,-0.04,0.06,100.0,PX4_TELEMETRY,SAFE,INFO,CONTINUE,RETURNING_HOME,RETURN_TO_HOME,GEOFENCE_VIOLATION,All monitored constraints satisfied
174.18,px4_local_ned_converted,0.02,-0.02,1.59,-0.06,-0.04,0.06,100.0,PX4_TELEMETRY,SAFE,INFO,CONTINUE,RETURNING_HOME,RETURN_TO_HOME,GEOFENCE_VIOLATION,All monitored constraints satisfied
174.29,px4_local_ned_converted,0.02,-0.02,1.59,-0.06,-0.04,0.06,100.0,PX4_TELEMETRY,SAFE,INFO,CONTINUE,RETURNING_HOME,RETURN_TO_HOME,GEOFENCE_VIOLATION,All monitored constraints satisfied
174.39,px4_local_ned_converted,0.02,-0.03,1.58,-0.06,-0.04,0.06,100.0,PX4_TELEMETRY,SAFE,INFO,CONTINUE,RETURNING_HOME,RETURN_TO_HOME,GEOFENCE_VIOLATION,All monitored constraints satisfied
174.5,px4_local_ned_converted,0.02,-0.03,1.59,-0.06,-0.04,0.06,100.0,PX4_TELEMETRY,SAFE,INFO,CONTINUE,RETURNING_HOME,RETURN_TO_HOME,GEOFENCE_VIOLATION,All monitored constraints satisfied
174.6,px4_local_ned_converted,0.02,-0.03,1.58,-0.06,-0.03,0.06,100.0,PX4_TELEMETRY,SAFE,INFO,CONTINUE,RETURNING_HOME,RETURN_TO_HOME,GEOFENCE_VIOLATION,All monitored constraints satisfied
174.7,px4_local_ned_converted,0.02,-0.03,1.58,-0.06,-0.03,0.06,100.0,PX4_TELEMETRY,SAFE,INFO,CONTINUE,RETURNING_HOME,RETURN_TO_HOME,GEOFENCE_VIOLATION,All monitored constraints satisfied
174.81,px4_local_ned_converted,0.02,-0.03,1.58,-0.06,-0.03,0.06,100.0,PX4_TELEMETRY,SAFE,INFO,CONTINUE,RETURNING_HOME,RETURN_TO_HOME,GEOFENCE_VIOLATION,All monitored constraints satisfied
174.91,px4_local_ned_converted,0.02,-0.03,1.59,-0.06,-0.03,0.07,100.0,PX4_TELEMETRY,SAFE,INFO,CONTINUE,RETURNING_HOME,RETURN_TO_HOME,GEOFENCE_VIOLATION,All monitored constraints satisfied
175.01,px4_local_ned_converted,0.02,-0.04,1.59,-0.06,-0.03,0.06,100.0,PX4_TELEMETRY,SAFE,INFO,CONTINUE,RETURNING_HOME,RETURN_TO_HOME,GEOFENCE_VIOLATION,All monitored constraints satisfied
175.12,px4_local_ned_converted,0.02,-0.04,1.58,-0.06,-0.03,0.06,100.0,PX4_TELEMETRY,SAFE,INFO,CONTINUE,RETURNING_HOME,RETURN_TO_HOME,GEOFENCE_VIOLATION,All monitored constraints satisfied
175.22,px4_local_ned_converted,0.02,-0.04,1.59,-0.06,-0.03,0.06,100.0,PX4_TELEMETRY,SAFE,INFO,CONTINUE,RETURNING_HOME,RETURN_TO_HOME,GEOFENCE_VIOLATION,All monitored constraints satisfied
175.33,px4_local_ned_converted,0.02,-0.04,1.59,-0.06,-0.03,0.06,100.0,PX4_TELEMETRY,SAFE,INFO,CONTINUE,RETURNING_HOME,RETURN_TO_HOME,GEOFENCE_VIOLATION,All monitored constraints satisfied
175.43,px4_local_ned_converted,0.02,-0.04,1.59,-0.06,-0.03,0.06,100.0,PX4_TELEMETRY,SAFE,INFO,CONTINUE,RETURNING_HOME,RETURN_TO_HOME,GEOFENCE_VIOLATION,All monitored constraints satisfied
175.54,px4_local_ned_converted,0.02,-0.03,1.58,-0.06,-0.02,0.06,100.0,PX4_TELEMETRY,SAFE,INFO,CONTINUE,RETURNING_HOME,RETURN_TO_HOME,GEOFENCE_VIOLATION,All monitored constraints satisfied
175.64,px4_local_ned_converted,0.02,-0.03,1.58,-0.06,-0.02,0.06,100.0,PX4_TELEMETRY,SAFE,INFO,CONTINUE,RETURNING_HOME,RETURN_TO_HOME,GEOFENCE_VIOLATION,All monitored constraints satisfied
175.75,px4_local_ned_converted,0.02,-0.03,1.59,-0.06,-0.02,0.06,100.0,PX4_TELEMETRY,SAFE,INFO,CONTINUE,RETURNING_HOME,RETURN_TO_HOME,GEOFENCE_VIOLATION,All monitored constraints satisfied
175.85,px4_local_ned_converted,0.02,-0.03,1.58,-0.06,-0.02,0.06,100.0,PX4_TELEMETRY,SAFE,INFO,CONTINUE,RETURNING_HOME,RETURN_TO_HOME,GEOFENCE_VIOLATION,All monitored constraints satisfied
175.95,px4_local_ned_converted,0.02,-0.02,1.58,-0.06,-0.02,0.06,100.0,PX4_TELEMETRY,SAFE,INFO,CONTINUE,RETURNING_HOME,RETURN_TO_HOME,GEOFENCE_VIOLATION,All monitored constraints satisfied
176.06,px4_local_ned_converted,0.02,-0.02,1.58,-0.06,-0.02,0.06,100.0,PX4_TELEMETRY,SAFE,INFO,CONTINUE,RETURNING_HOME,RETURN_TO_HOME,GEOFENCE_VIOLATION,All monitored constraints satisfied
176.16,px4_local_ned_converted,0.02,-0.02,1.58,-0.06,-0.02,0.07,100.0,PX4_TELEMETRY,SAFE,INFO,CONTINUE,RETURNING_HOME,RETURN_TO_HOME,GEOFENCE_VIOLATION,All monitored constraints satisfied
176.26,px4_local_ned_converted,0.02,-0.02,1.58,-0.06,-0.02,0.06,100.0,PX4_TELEMETRY,SAFE,INFO,CONTINUE,RETURNING_HOME,RETURN_TO_HOME,GEOFENCE_VIOLATION,All monitored constraints satisfied
176.36,px4_local_ned_converted,0.02,-0.02,1.58,-0.06,-0.02,0.07,100.0,PX4_TELEMETRY,SAFE,INFO,CONTINUE,RETURNING_HOME,RETURN_TO_HOME,GEOFENCE_VIOLATION,All monitored constraints satisfied
176.46,px4_local_ned_converted,0.01,-0.02,1.58,-0.06,-0.03,0.07,100.0,PX4_TELEMETRY,SAFE,INFO,CONTINUE,RETURNING_HOME,RETURN_TO_HOME,GEOFENCE_VIOLATION,All monitored constraints satisfied
176.57,px4_local_ned_converted,0.01,-0.02,1.58,-0.06,-0.03,0.07,100.0,PX4_TELEMETRY,SAFE,INFO,CONTINUE,RETURNING_HOME,RETURN_TO_HOME,GEOFENCE_VIOLATION,All monitored constraints satisfied
176.67,px4_local_ned_converted,0.01,-0.01,1.57,-0.05,-0.03,0.07,100.0,PX4_TELEMETRY,SAFE,INFO,CONTINUE,RETURNING_HOME,RETURN_TO_HOME,GEOFENCE_VIOLATION,All monitored constraints satisfied
176.77,px4_local_ned_converted,0.01,-0.01,1.57,-0.05,-0.03,0.07,100.0,PX4_TELEMETRY,SAFE,INFO,CONTINUE,RETURNING_HOME,RETURN_TO_HOME,GEOFENCE_VIOLATION,All monitored constraints satisfied
176.88,px4_local_ned_converted,0.01,-0.01,1.57,-0.05,-0.03,0.08,100.0,PX4_TELEMETRY,SAFE,INFO,CONTINUE,RETURNING_HOME,RETURN_TO_HOME,GEOFENCE_VIOLATION,All monitored constraints satisfied
176.98,px4_local_ned_converted,0.01,-0.01,1.58,-0.05,-0.03,0.08,100.0,PX4_TELEMETRY,SAFE,INFO,CONTINUE,RETURNING_HOME,RETURN_TO_HOME,GEOFENCE_VIOLATION,All monitored constraints satisfied
177.09,px4_local_ned_converted,0.01,-0.01,1.57,-0.05,-0.03,0.07,100.0,PX4_TELEMETRY,SAFE,INFO,CONTINUE,RETURNING_HOME,RETURN_TO_HOME,GEOFENCE_VIOLATION,All monitored constraints satisfied
177.19,px4_local_ned_converted,0.01,-0.01,1.57,-0.05,-0.04,0.07,100.0,PX4_TELEMETRY,SAFE,INFO,CONTINUE,RETURNING_HOME,RETURN_TO_HOME,GEOFENCE_VIOLATION,All monitored constraints satisfied
177.3,px4_local_ned_converted,0.0,-0.01,1.57,-0.05,-0.04,0.08,100.0,PX4_TELEMETRY,SAFE,INFO,CONTINUE,RETURNING_HOME,RETURN_TO_HOME,GEOFENCE_VIOLATION,All monitored constraints satisfied
177.4,px4_local_ned_converted,0.0,-0.01,1.57,-0.05,-0.04,0.07,100.0,PX4_TELEMETRY,SAFE,INFO,CONTINUE,RETURNING_HOME,RETURN_TO_HOME,GEOFENCE_VIOLATION,All monitored constraints satisfied
177.51,px4_local_ned_converted,0.0,-0.01,1.56,-0.05,-0.04,0.07,100.0,PX4_TELEMETRY,SAFE,INFO,CONTINUE,RETURNING_HOME,RETURN_TO_HOME,GEOFENCE_VIOLATION,All monitored constraints satisfied
177.61,px4_local_ned_converted,-0.0,-0.01,1.56,-0.05,-0.04,0.08,100.0,PX4_TELEMETRY,SAFE,INFO,CONTINUE,RETURNING_HOME,RETURN_TO_HOME,GEOFENCE_VIOLATION,All monitored constraints satisfied
177.71,px4_local_ned_converted,-0.01,-0.01,1.57,-0.05,-0.04,0.08,100.0,PX4_TELEMETRY,SAFE,INFO,CONTINUE,RETURNING_HOME,RETURN_TO_HOME,GEOFENCE_VIOLATION,All monitored constraints satisfied
177.82,px4_local_ned_converted,-0.01,-0.01,1.56,-0.05,-0.04,0.08,100.0,PX4_TELEMETRY,SAFE,INFO,CONTINUE,RETURNING_HOME,RETURN_TO_HOME,GEOFENCE_VIOLATION,All monitored constraints satisfied
177.92,px4_local_ned_converted,-0.01,-0.01,1.56,-0.04,-0.04,0.08,100.0,PX4_TELEMETRY,SAFE,INFO,CONTINUE,RETURNING_HOME,RETURN_TO_HOME,GEOFENCE_VIOLATION,All monitored constraints satisfied
178.02,px4_local_ned_converted,-0.01,-0.01,1.56,-0.04,-0.04,0.09,100.0,PX4_TELEMETRY,SAFE,INFO,CONTINUE,RETURNING_HOME,RETURN_TO_HOME,GEOFENCE_VIOLATION,All monitored constraints satisfied
178.13,px4_local_ned_converted,-0.01,-0.01,1.56,-0.04,-0.04,0.09,100.0,PX4_TELEMETRY,SAFE,INFO,CONTINUE,RETURNING_HOME,RETURN_TO_HOME,GEOFENCE_VIOLATION,All monitored constraints satisfied
178.23,px4_local_ned_converted,-0.01,-0.01,1.55,-0.04,-0.04,0.09,100.0,PX4_TELEMETRY,SAFE,INFO,CONTINUE,RETURNING_HOME,RETURN_TO_HOME,GEOFENCE_VIOLATION,All monitored constraints satisfied
178.34,px4_local_ned_converted,-0.0,-0.01,1.55,-0.03,-0.04,0.09,100.0,PX4_TELEMETRY,SAFE,INFO,CONTINUE,RETURNING_HOME,RETURN_TO_HOME,GEOFENCE_VIOLATION,All monitored constraints satisfied
178.44,px4_local_ned_converted,-0.0,-0.01,1.55,-0.04,-0.04,0.09,100.0,PX4_TELEMETRY,SAFE,INFO,CONTINUE,RETURNING_HOME,RETURN_TO_HOME,GEOFENCE_VIOLATION,All monitored constraints satisfied
178.54,px4_local_ned_converted,-0.01,-0.01,1.55,-0.04,-0.04,0.1,100.0,PX4_TELEMETRY,SAFE,INFO,CONTINUE,RETURNING_HOME,RETURN_TO_HOME,GEOFENCE_VIOLATION,All monitored constraints satisfied
178.65,px4_local_ned_converted,-0.01,-0.01,1.55,-0.04,-0.04,0.09,100.0,PX4_TELEMETRY,SAFE,INFO,CONTINUE,RETURNING_HOME,RETURN_TO_HOME,GEOFENCE_VIOLATION,All monitored constraints satisfied
178.75,px4_local_ned_converted,-0.01,-0.01,1.55,-0.04,-0.04,0.09,100.0,PX4_TELEMETRY,SAFE,INFO,CONTINUE,RETURNING_HOME,RETURN_TO_HOME,GEOFENCE_VIOLATION,All monitored constraints satisfied
178.86,px4_local_ned_converted,-0.02,-0.01,1.55,-0.04,-0.04,0.1,100.0,PX4_TELEMETRY,SAFE,INFO,CONTINUE,RETURNING_HOME,RETURN_TO_HOME,GEOFENCE_VIOLATION,All monitored constraints satisfied
178.96,px4_local_ned_converted,-0.02,-0.02,1.56,-0.03,-0.04,0.1,100.0,PX4_TELEMETRY,SAFE,INFO,CONTINUE,RETURNING_HOME,RETURN_TO_HOME,GEOFENCE_VIOLATION,All monitored constraints satisfied
179.07,px4_local_ned_converted,-0.02,-0.01,1.55,-0.03,-0.04,0.09,100.0,PX4_TELEMETRY,SAFE,INFO,CONTINUE,RETURNING_HOME,RETURN_TO_HOME,GEOFENCE_VIOLATION,All monitored constraints satisfied
179.17,px4_local_ned_converted,-0.02,-0.01,1.55,-0.03,-0.04,0.09,100.0,PX4_TELEMETRY,SAFE,INFO,CONTINUE,RETURNING_HOME,RETURN_TO_HOME,GEOFENCE_VIOLATION,All monitored constraints satisfied
179.27,px4_local_ned_converted,-0.02,-0.02,1.55,-0.03,-0.04,0.09,100.0,PX4_TELEMETRY,SAFE,INFO,CONTINUE,RETURNING_HOME,RETURN_TO_HOME,GEOFENCE_VIOLATION,All monitored constraints satisfied
179.38,px4_local_ned_converted,-0.02,-0.02,1.56,-0.03,-0.04,0.09,100.0,PX4_TELEMETRY,SAFE,INFO,CONTINUE,RETURNING_HOME,RETURN_TO_HOME,GEOFENCE_VIOLATION,All monitored constraints satisfied
179.48,px4_local_ned_converted,-0.02,-0.02,1.55,-0.02,-0.04,0.09,100.0,PX4_TELEMETRY,SAFE,INFO,CONTINUE,RETURNING_HOME,RETURN_TO_HOME,GEOFENCE_VIOLATION,All monitored constraints satisfied
179.59,px4_local_ned_converted,-0.02,-0.02,1.55,-0.02,-0.04,0.09,100.0,PX4_TELEMETRY,SAFE,INFO,CONTINUE,RETURNING_HOME,RETURN_TO_HOME,GEOFENCE_VIOLATION,All monitored constraints satisfied
179.69,px4_local_ned_converted,-0.02,-0.02,1.56,-0.02,-0.04,0.09,100.0,PX4_TELEMETRY,SAFE,INFO,CONTINUE,RETURNING_HOME,RETURN_TO_HOME,GEOFENCE_VIOLATION,All monitored constraints satisfied
179.8,px4_local_ned_converted,-0.02,-0.02,1.56,-0.02,-0.04,0.09,100.0,PX4_TELEMETRY,SAFE,INFO,CONTINUE,RETURNING_HOME,RETURN_TO_HOME,GEOFENCE_VIOLATION,All monitored constraints satisfied
179.9,px4_local_ned_converted,-0.02,-0.02,1.55,-0.02,-0.04,0.09,100.0,PX4_TELEMETRY,SAFE,INFO,CONTINUE,RETURNING_HOME,RETURN_TO_HOME,GEOFENCE_VIOLATION,All monitored constraints satisfied
180.0,px4_local_ned_converted,-0.02,-0.02,1.55,-0.02,-0.04,0.09,100.0,PX4_TELEMETRY,SAFE,INFO,CONTINUE,RETURNING_HOME,RETURN_TO_HOME,GEOFENCE_VIOLATION,All monitored constraints satisfied
180.11,px4_local_ned_converted,-0.02,-0.02,1.56,-0.01,-0.04,0.09,100.0,PX4_TELEMETRY,SAFE,INFO,CONTINUE,RETURNING_HOME,RETURN_TO_HOME,GEOFENCE_VIOLATION,All monitored constraints satisfied
180.21,px4_local_ned_converted,-0.02,-0.03,1.56,-0.02,-0.04,0.09,100.0,PX4_TELEMETRY,SAFE,INFO,CONTINUE,RETURNING_HOME,RETURN_TO_HOME,GEOFENCE_VIOLATION,All monitored constraints satisfied
180.32,px4_local_ned_converted,-0.02,-0.03,1.56,-0.02,-0.04,0.09,100.0,PX4_TELEMETRY,SAFE,INFO,CONTINUE,RETURNING_HOME,RETURN_TO_HOME,GEOFENCE_VIOLATION,All monitored constraints satisfied
180.42,px4_local_ned_converted,-0.02,-0.03,1.56,-0.02,-0.03,0.09,100.0,PX4_TELEMETRY,SAFE,INFO,CONTINUE,RETURNING_HOME,RETURN_TO_HOME,GEOFENCE_VIOLATION,All monitored constraints satisfied
180.52,px4_local_ned_converted,-0.02,-0.03,1.56,-0.02,-0.03,0.09,100.0,PX4_TELEMETRY,SAFE,INFO,CONTINUE,RETURNING_HOME,RETURN_TO_HOME,GEOFENCE_VIOLATION,All monitored constraints satisfied
180.63,px4_local_ned_converted,-0.02,-0.03,1.56,-0.02,-0.03,0.08,100.0,PX4_TELEMETRY,SAFE,INFO,CONTINUE,RETURNING_HOME,RETURN_TO_HOME,GEOFENCE_VIOLATION,All monitored constraints satisfied
180.73,px4_local_ned_converted,-0.02,-0.03,1.56,-0.02,-0.03,0.08,100.0,PX4_TELEMETRY,SAFE,INFO,CONTINUE,RETURNING_HOME,RETURN_TO_HOME,GEOFENCE_VIOLATION,All monitored constraints satisfied
180.84,px4_local_ned_converted,-0.02,-0.03,1.56,-0.02,-0.03,0.09,100.0,PX4_TELEMETRY,SAFE,INFO,CONTINUE,RETURNING_HOME,RETURN_TO_HOME,GEOFENCE_VIOLATION,All monitored constraints satisfied
180.94,px4_local_ned_converted,-0.03,-0.03,1.56,-0.02,-0.03,0.09,100.0,PX4_TELEMETRY,SAFE,INFO,CONTINUE,RETURNING_HOME,RETURN_TO_HOME,GEOFENCE_VIOLATION,All monitored constraints satisfied
181.05,px4_local_ned_converted,-0.03,-0.03,1.56,-0.02,-0.03,0.08,100.0,PX4_TELEMETRY,SAFE,INFO,CONTINUE,RETURNING_HOME,RETURN_TO_HOME,GEOFENCE_VIOLATION,All monitored constraints satisfied
181.15,px4_local_ned_converted,-0.03,-0.03,1.57,-0.01,-0.02,0.08,100.0,PX4_TELEMETRY,SAFE,INFO,CONTINUE,RETURNING_HOME,RETURN_TO_HOME,GEOFENCE_VIOLATION,All monitored constraints satisfied
181.25,px4_local_ned_converted,-0.03,-0.03,1.57,-0.01,-0.02,0.08,100.0,PX4_TELEMETRY,SAFE,INFO,CONTINUE,RETURNING_HOME,RETURN_TO_HOME,GEOFENCE_VIOLATION,All monitored constraints satisfied
181.36,px4_local_ned_converted,-0.03,-0.03,1.57,-0.01,-0.02,0.08,100.0,PX4_TELEMETRY,SAFE,INFO,CONTINUE,RETURNING_HOME,RETURN_TO_HOME,GEOFENCE_VIOLATION,All monitored constraints satisfied
181.46,px4_local_ned_converted,-0.03,-0.03,1.57,-0.01,-0.02,0.07,100.0,PX4_TELEMETRY,SAFE,INFO,CONTINUE,RETURNING_HOME,RETURN_TO_HOME,GEOFENCE_VIOLATION,All monitored constraints satisfied
181.57,px4_local_ned_converted,-0.03,-0.03,1.57,-0.01,-0.02,0.07,100.0,PX4_TELEMETRY,SAFE,INFO,CONTINUE,RETURNING_HOME,RETURN_TO_HOME,GEOFENCE_VIOLATION,All monitored constraints satisfied
181.67,px4_local_ned_converted,-0.03,-0.03,1.58,-0.01,-0.02,0.07,100.0,PX4_TELEMETRY,SAFE,INFO,CONTINUE,RETURNING_HOME,RETURN_TO_HOME,GEOFENCE_VIOLATION,All monitored constraints satisfied
181.78,px4_local_ned_converted,-0.03,-0.03,1.58,-0.01,-0.02,0.07,100.0,PX4_TELEMETRY,SAFE,INFO,CONTINUE,RETURNING_HOME,RETURN_TO_HOME,GEOFENCE_VIOLATION,All monitored constraints satisfied
181.88,px4_local_ned_converted,-0.03,-0.03,1.58,-0.01,-0.02,0.07,100.0,PX4_TELEMETRY,SAFE,INFO,CONTINUE,RETURNING_HOME,RETURN_TO_HOME,GEOFENCE_VIOLATION,All monitored constraints satisfied
181.98,px4_local_ned_converted,-0.03,-0.04,1.58,-0.01,-0.02,0.07,100.0,PX4_TELEMETRY,SAFE,INFO,CONTINUE,RETURNING_HOME,RETURN_TO_HOME,GEOFENCE_VIOLATION,All monitored constraints satisfied
182.09,px4_local_ned_converted,-0.03,-0.04,1.58,-0.01,-0.02,0.07,100.0,PX4_TELEMETRY,SAFE,INFO,CONTINUE,RETURNING_HOME,RETURN_TO_HOME,GEOFENCE_VIOLATION,All monitored constraints satisfied
182.19,px4_local_ned_converted,-0.03,-0.04,1.58,-0.01,-0.02,0.07,100.0,PX4_TELEMETRY,SAFE,INFO,CONTINUE,RETURNING_HOME,RETURN_TO_HOME,GEOFENCE_VIOLATION,All monitored constraints satisfied
182.29,px4_local_ned_converted,-0.04,-0.04,1.58,-0.01,-0.02,0.06,100.0,PX4_TELEMETRY,SAFE,INFO,CONTINUE,RETURNING_HOME,RETURN_TO_HOME,GEOFENCE_VIOLATION,All monitored constraints satisfied
182.39,px4_local_ned_converted,-0.04,-0.04,1.58,-0.01,-0.02,0.07,100.0,PX4_TELEMETRY,SAFE,INFO,CONTINUE,RETURNING_HOME,RETURN_TO_HOME,GEOFENCE_VIOLATION,All monitored constraints satisfied
182.5,px4_local_ned_converted,-0.04,-0.04,1.58,-0.01,-0.02,0.07,100.0,PX4_TELEMETRY,SAFE,INFO,CONTINUE,RETURNING_HOME,RETURN_TO_HOME,GEOFENCE_VIOLATION,All monitored constraints satisfied
182.6,px4_local_ned_converted,-0.04,-0.04,1.59,-0.01,-0.02,0.06,100.0,PX4_TELEMETRY,SAFE,INFO,CONTINUE,RETURNING_HOME,RETURN_TO_HOME,GEOFENCE_VIOLATION,All monitored constraints satisfied
182.71,px4_local_ned_converted,-0.05,-0.04,1.58,-0.01,-0.02,0.06,100.0,PX4_TELEMETRY,SAFE,INFO,CONTINUE,RETURNING_HOME,RETURN_TO_HOME,GEOFENCE_VIOLATION,All monitored constraints satisfied
182.81,px4_local_ned_converted,-0.05,-0.04,1.58,-0.01,-0.01,0.06,100.0,PX4_TELEMETRY,SAFE,INFO,CONTINUE,RETURNING_HOME,RETURN_TO_HOME,GEOFENCE_VIOLATION,All monitored constraints satisfied
182.91,px4_local_ned_converted,-0.05,-0.04,1.58,-0.0,-0.01,0.07,100.0,PX4_TELEMETRY,SAFE,INFO,CONTINUE,RETURNING_HOME,RETURN_TO_HOME,GEOFENCE_VIOLATION,All monitored constraints satisfied
183.02,px4_local_ned_converted,-0.05,-0.04,1.58,-0.0,-0.01,0.06,100.0,PX4_TELEMETRY,SAFE,INFO,CONTINUE,RETURNING_HOME,RETURN_TO_HOME,GEOFENCE_VIOLATION,All monitored constraints satisfied
183.12,px4_local_ned_converted,-0.05,-0.04,1.58,-0.0,-0.02,0.06,100.0,PX4_TELEMETRY,SAFE,INFO,CONTINUE,RETURNING_HOME,RETURN_TO_HOME,GEOFENCE_VIOLATION,All monitored constraints satisfied
183.23,px4_local_ned_converted,-0.05,-0.04,1.58,0.0,-0.02,0.06,100.0,PX4_TELEMETRY,SAFE,INFO,CONTINUE,RETURNING_HOME,RETURN_TO_HOME,GEOFENCE_VIOLATION,All monitored constraints satisfied
183.33,px4_local_ned_converted,-0.05,-0.04,1.58,0.0,-0.02,0.07,100.0,PX4_TELEMETRY,SAFE,INFO,CONTINUE,RETURNING_HOME,RETURN_TO_HOME,GEOFENCE_VIOLATION,All monitored constraints satisfied
183.43,px4_local_ned_converted,-0.05,-0.04,1.58,0.0,-0.02,0.07,100.0,PX4_TELEMETRY,SAFE,INFO,CONTINUE,RETURNING_HOME,RETURN_TO_HOME,GEOFENCE_VIOLATION,All monitored constraints satisfied
183.53,px4_local_ned_converted,-0.05,-0.04,1.58,0.0,-0.02,0.06,100.0,PX4_TELEMETRY,SAFE,INFO,CONTINUE,RETURNING_HOME,RETURN_TO_HOME,GEOFENCE_VIOLATION,All monitored constraints satisfied
183.64,px4_local_ned_converted,-0.05,-0.04,1.58,0.0,-0.01,0.07,100.0,PX4_TELEMETRY,SAFE,INFO,CONTINUE,RETURNING_HOME,RETURN_TO_HOME,GEOFENCE_VIOLATION,All monitored constraints satisfied
183.74,px4_local_ned_converted,-0.06,-0.04,1.58,0.0,-0.01,0.07,100.0,PX4_TELEMETRY,SAFE,INFO,CONTINUE,RETURNING_HOME,RETURN_TO_HOME,GEOFENCE_VIOLATION,All monitored constraints satisfied
183.84,px4_local_ned_converted,-0.06,-0.04,1.58,0.01,-0.01,0.06,100.0,PX4_TELEMETRY,SAFE,INFO,CONTINUE,RETURNING_HOME,RETURN_TO_HOME,GEOFENCE_VIOLATION,All monitored constraints satisfied
183.95,px4_local_ned_converted,-0.06,-0.04,1.58,0.01,-0.01,0.06,100.0,PX4_TELEMETRY,SAFE,INFO,CONTINUE,RETURNING_HOME,RETURN_TO_HOME,GEOFENCE_VIOLATION,All monitored constraints satisfied
184.05,px4_local_ned_converted,-0.06,-0.04,1.59,0.01,-0.01,0.06,100.0,PX4_TELEMETRY,SAFE,INFO,CONTINUE,RETURNING_HOME,RETURN_TO_HOME,GEOFENCE_VIOLATION,All monitored constraints satisfied
184.16,px4_local_ned_converted,-0.06,-0.04,1.59,0.01,-0.02,0.06,100.0,PX4_TELEMETRY,SAFE,INFO,CONTINUE,RETURNING_HOME,RETURN_TO_HOME,GEOFENCE_VIOLATION,All monitored constraints satisfied
184.26,px4_local_ned_converted,-0.06,-0.04,1.59,0.01,-0.02,0.06,100.0,PX4_TELEMETRY,SAFE,INFO,CONTINUE,RETURNING_HOME,RETURN_TO_HOME,GEOFENCE_VIOLATION,All monitored constraints satisfied
184.37,px4_local_ned_converted,-0.06,-0.04,1.59,0.01,-0.02,0.06,100.0,PX4_TELEMETRY,SAFE,INFO,CONTINUE,RETURNING_HOME,RETURN_TO_HOME,GEOFENCE_VIOLATION,All monitored constraints satisfied
184.47,px4_local_ned_converted,-0.06,-0.04,1.59,0.01,-0.02,0.06,100.0,PX4_TELEMETRY,SAFE,INFO,CONTINUE,RETURNING_HOME,RETURN_TO_HOME,GEOFENCE_VIOLATION,All monitored constraints satisfied
184.57,px4_local_ned_converted,-0.06,-0.04,1.59,0.01,-0.02,0.06,100.0,PX4_TELEMETRY,SAFE,INFO,CONTINUE,RETURNING_HOME,RETURN_TO_HOME,GEOFENCE_VIOLATION,All monitored constraints satisfied
184.68,px4_local_ned_converted,-0.06,-0.04,1.59,0.01,-0.01,0.06,100.0,PX4_TELEMETRY,SAFE,INFO,CONTINUE,RETURNING_HOME,RETURN_TO_HOME,GEOFENCE_VIOLATION,All monitored constraints satisfied
184.78,px4_local_ned_converted,-0.06,-0.04,1.59,0.01,-0.01,0.06,100.0,PX4_TELEMETRY,SAFE,INFO,CONTINUE,RETURNING_HOME,RETURN_TO_HOME,GEOFENCE_VIOLATION,All monitored constraints satisfied
184.89,px4_local_ned_converted,-0.06,-0.04,1.59,0.01,-0.01,0.06,100.0,PX4_TELEMETRY,SAFE,INFO,CONTINUE,RETURNING_HOME,RETURN_TO_HOME,GEOFENCE_VIOLATION,All monitored constraints satisfied
184.99,px4_local_ned_converted,-0.06,-0.04,1.6,0.01,-0.01,0.06,100.0,PX4_TELEMETRY,SAFE,INFO,CONTINUE,RETURNING_HOME,RETURN_TO_HOME,GEOFENCE_VIOLATION,All monitored constraints satisfied
185.1,px4_local_ned_converted,-0.06,-0.03,1.59,0.01,-0.01,0.05,100.0,PX4_TELEMETRY,SAFE,INFO,CONTINUE,RETURNING_HOME,RETURN_TO_HOME,GEOFENCE_VIOLATION,All monitored constraints satisfied
185.2,px4_local_ned_converted,-0.06,-0.03,1.59,0.01,-0.01,0.05,100.0,PX4_TELEMETRY,SAFE,INFO,CONTINUE,RETURNING_HOME,RETURN_TO_HOME,GEOFENCE_VIOLATION,All monitored constraints satisfied
185.31,px4_local_ned_converted,-0.06,-0.03,1.59,0.01,-0.01,0.05,100.0,PX4_TELEMETRY,SAFE,INFO,CONTINUE,RETURNING_HOME,RETURN_TO_HOME,GEOFENCE_VIOLATION,All monitored constraints satisfied
185.41,px4_local_ned_converted,-0.06,-0.03,1.6,0.01,-0.01,0.05,100.0,PX4_TELEMETRY,SAFE,INFO,CONTINUE,RETURNING_HOME,RETURN_TO_HOME,GEOFENCE_VIOLATION,All monitored constraints satisfied
185.52,px4_local_ned_converted,-0.06,-0.02,1.6,0.01,-0.01,0.05,100.0,PX4_TELEMETRY,SAFE,INFO,CONTINUE,RETURNING_HOME,RETURN_TO_HOME,GEOFENCE_VIOLATION,All monitored constraints satisfied
185.62,px4_local_ned_converted,-0.06,-0.02,1.6,0.01,-0.02,0.05,100.0,PX4_TELEMETRY,SAFE,INFO,CONTINUE,RETURNING_HOME,RETURN_TO_HOME,GEOFENCE_VIOLATION,All monitored constraints satisfied
185.72,px4_local_ned_converted,-0.06,-0.02,1.6,0.01,-0.02,0.05,100.0,PX4_TELEMETRY,SAFE,INFO,CONTINUE,RETURNING_HOME,RETURN_TO_HOME,GEOFENCE_VIOLATION,All monitored constraints satisfied
185.83,px4_local_ned_converted,-0.06,-0.02,1.6,0.01,-0.02,0.05,100.0,PX4_TELEMETRY,SAFE,INFO,CONTINUE,RETURNING_HOME,RETURN_TO_HOME,GEOFENCE_VIOLATION,All monitored constraints satisfied
185.93,px4_local_ned_converted,-0.06,-0.02,1.6,0.01,-0.02,0.04,100.0,PX4_TELEMETRY,SAFE,INFO,CONTINUE,RETURNING_HOME,RETURN_TO_HOME,GEOFENCE_VIOLATION,All monitored constraints satisfied
186.03,px4_local_ned_converted,-0.06,-0.02,1.6,0.01,-0.02,0.04,100.0,PX4_TELEMETRY,SAFE,INFO,CONTINUE,RETURNING_HOME,RETURN_TO_HOME,GEOFENCE_VIOLATION,All monitored constraints satisfied
186.14,px4_local_ned_converted,-0.06,-0.02,1.6,0.01,-0.03,0.04,100.0,PX4_TELEMETRY,SAFE,INFO,CONTINUE,RETURNING_HOME,RETURN_TO_HOME,GEOFENCE_VIOLATION,All monitored constraints satisfied
186.24,px4_local_ned_converted,-0.06,-0.03,1.6,0.01,-0.03,0.04,100.0,PX4_TELEMETRY,SAFE,INFO,CONTINUE,RETURNING_HOME,RETURN_TO_HOME,GEOFENCE_VIOLATION,All monitored constraints satisfied
186.35,px4_local_ned_converted,-0.06,-0.03,1.6,0.01,-0.03,0.04,100.0,PX4_TELEMETRY,SAFE,INFO,CONTINUE,RETURNING_HOME,RETURN_TO_HOME,GEOFENCE_VIOLATION,All monitored constraints satisfied
186.45,px4_local_ned_converted,-0.06,-0.03,1.6,0.01,-0.03,0.04,100.0,PX4_TELEMETRY,SAFE,INFO,CONTINUE,RETURNING_HOME,RETURN_TO_HOME,GEOFENCE_VIOLATION,All monitored constraints satisfied
186.55,px4_local_ned_converted,-0.06,-0.03,1.6,0.01,-0.03,0.04,100.0,PX4_TELEMETRY,SAFE,INFO,CONTINUE,RETURNING_HOME,RETURN_TO_HOME,GEOFENCE_VIOLATION,All monitored constraints satisfied
186.66,px4_local_ned_converted,-0.06,-0.04,1.6,0.01,-0.03,0.04,100.0,PX4_TELEMETRY,SAFE,INFO,CONTINUE,RETURNING_HOME,RETURN_TO_HOME,GEOFENCE_VIOLATION,All monitored constraints satisfied
186.76,px4_local_ned_converted,-0.06,-0.04,1.6,0.02,-0.03,0.04,100.0,PX4_TELEMETRY,SAFE,INFO,CONTINUE,RETURNING_HOME,RETURN_TO_HOME,GEOFENCE_VIOLATION,All monitored constraints satisfied
186.87,px4_local_ned_converted,-0.06,-0.04,1.6,0.02,-0.03,0.04,100.0,PX4_TELEMETRY,SAFE,INFO,CONTINUE,RETURNING_HOME,RETURN_TO_HOME,GEOFENCE_VIOLATION,All monitored constraints satisfied
186.97,px4_local_ned_converted,-0.05,-0.04,1.6,0.02,-0.03,0.04,100.0,PX4_TELEMETRY,SAFE,INFO,CONTINUE,RETURNING_HOME,RETURN_TO_HOME,GEOFENCE_VIOLATION,All monitored constraints satisfied
187.07,px4_local_ned_converted,-0.05,-0.04,1.6,0.02,-0.02,0.04,100.0,PX4_TELEMETRY,SAFE,INFO,CONTINUE,RETURNING_HOME,RETURN_TO_HOME,GEOFENCE_VIOLATION,All monitored constraints satisfied
187.18,px4_local_ned_converted,-0.05,-0.04,1.6,0.02,-0.02,0.04,100.0,PX4_TELEMETRY,SAFE,INFO,CONTINUE,RETURNING_HOME,RETURN_TO_HOME,GEOFENCE_VIOLATION,All monitored constraints satisfied
187.28,px4_local_ned_converted,-0.05,-0.04,1.6,0.02,-0.02,0.04,100.0,PX4_TELEMETRY,SAFE,INFO,CONTINUE,RETURNING_HOME,RETURN_TO_HOME,GEOFENCE_VIOLATION,All monitored constraints satisfied
187.39,px4_local_ned_converted,-0.04,-0.04,1.61,0.02,-0.02,0.04,100.0,PX4_TELEMETRY,SAFE,INFO,CONTINUE,RETURNING_HOME,RETURN_TO_HOME,GEOFENCE_VIOLATION,All monitored constraints satisfied
187.49,px4_local_ned_converted,-0.04,-0.04,1.6,0.01,-0.02,0.04,100.0,PX4_TELEMETRY,SAFE,INFO,CONTINUE,RETURNING_HOME,RETURN_TO_HOME,GEOFENCE_VIOLATION,All monitored constraints satisfied
187.6,px4_local_ned_converted,-0.04,-0.04,1.6,0.01,-0.02,0.04,100.0,PX4_TELEMETRY,SAFE,INFO,CONTINUE,RETURNING_HOME,RETURN_TO_HOME,GEOFENCE_VIOLATION,All monitored constraints satisfied
187.7,px4_local_ned_converted,-0.04,-0.05,1.6,0.01,-0.02,0.04,100.0,PX4_TELEMETRY,SAFE,INFO,CONTINUE,RETURNING_HOME,RETURN_TO_HOME,GEOFENCE_VIOLATION,All monitored constraints satisfied
187.81,px4_local_ned_converted,-0.04,-0.05,1.61,0.01,-0.02,0.04,100.0,PX4_TELEMETRY,SAFE,INFO,CONTINUE,RETURNING_HOME,RETURN_TO_HOME,GEOFENCE_VIOLATION,All monitored constraints satisfied
187.91,px4_local_ned_converted,-0.04,-0.04,1.61,0.0,-0.01,0.04,100.0,PX4_TELEMETRY,SAFE,INFO,CONTINUE,RETURNING_HOME,RETURN_TO_HOME,GEOFENCE_VIOLATION,All monitored constraints satisfied
188.02,px4_local_ned_converted,-0.04,-0.04,1.61,0.0,-0.01,0.04,100.0,PX4_TELEMETRY,SAFE,INFO,CONTINUE,RETURNING_HOME,RETURN_TO_HOME,GEOFENCE_VIOLATION,All monitored constraints satisfied
188.12,px4_local_ned_converted,-0.04,-0.05,1.61,0.0,-0.01,0.04,100.0,PX4_TELEMETRY,SAFE,INFO,CONTINUE,RETURNING_HOME,RETURN_TO_HOME,GEOFENCE_VIOLATION,All monitored constraints satisfied
188.22,px4_local_ned_converted,-0.04,-0.04,1.61,0.0,-0.01,0.04,100.0,PX4_TELEMETRY,SAFE,INFO,CONTINUE,RETURNING_HOME,RETURN_TO_HOME,GEOFENCE_VIOLATION,All monitored constraints satisfied
188.33,px4_local_ned_converted,-0.04,-0.04,1.61,0.0,-0.01,0.03,100.0,PX4_TELEMETRY,SAFE,INFO,CONTINUE,RETURNING_HOME,RETURN_TO_HOME,GEOFENCE_VIOLATION,All monitored constraints satisfied
188.43,px4_local_ned_converted,-0.04,-0.04,1.62,0.0,-0.01,0.03,100.0,PX4_TELEMETRY,SAFE,INFO,CONTINUE,RETURNING_HOME,RETURN_TO_HOME,GEOFENCE_VIOLATION,All monitored constraints satisfied
188.54,px4_local_ned_converted,-0.04,-0.04,1.62,-0.0,-0.01,0.03,100.0,PX4_TELEMETRY,SAFE,INFO,CONTINUE,RETURNING_HOME,RETURN_TO_HOME,GEOFENCE_VIOLATION,All monitored constraints satisfied
188.65,px4_local_ned_converted,-0.04,-0.03,1.62,0.0,-0.01,0.03,100.0,PX4_TELEMETRY,SAFE,INFO,CONTINUE,RETURNING_HOME,RETURN_TO_HOME,GEOFENCE_VIOLATION,All monitored constraints satisfied
188.75,px4_local_ned_converted,-0.04,-0.03,1.62,0.0,-0.01,0.02,100.0,PX4_TELEMETRY,SAFE,INFO,CONTINUE,RETURNING_HOME,RETURN_TO_HOME,GEOFENCE_VIOLATION,All monitored constraints satisfied
188.85,px4_local_ned_converted,-0.04,-0.03,1.62,0.0,-0.02,0.02,100.0,PX4_TELEMETRY,SAFE,INFO,CONTINUE,RETURNING_HOME,RETURN_TO_HOME,GEOFENCE_VIOLATION,All monitored constraints satisfied
188.96,px4_local_ned_converted,-0.04,-0.03,1.63,-0.0,-0.02,0.02,100.0,PX4_TELEMETRY,SAFE,INFO,CONTINUE,RETURNING_HOME,RETURN_TO_HOME,GEOFENCE_VIOLATION,All monitored constraints satisfied
189.06,px4_local_ned_converted,-0.04,-0.03,1.63,-0.0,-0.02,0.02,100.0,PX4_TELEMETRY,SAFE,INFO,CONTINUE,RETURNING_HOME,RETURN_TO_HOME,GEOFENCE_VIOLATION,All monitored constraints satisfied
189.17,px4_local_ned_converted,-0.04,-0.03,1.63,-0.0,-0.02,0.02,100.0,PX4_TELEMETRY,SAFE,INFO,CONTINUE,RETURNING_HOME,RETURN_TO_HOME,GEOFENCE_VIOLATION,All monitored constraints satisfied
189.27,px4_local_ned_converted,-0.04,-0.03,1.63,-0.0,-0.02,0.02,100.0,PX4_TELEMETRY,SAFE,INFO,CONTINUE,RETURNING_HOME,RETURN_TO_HOME,GEOFENCE_VIOLATION,All monitored constraints satisfied
189.37,px4_local_ned_converted,-0.04,-0.03,1.63,-0.0,-0.02,0.02,100.0,PX4_TELEMETRY,SAFE,INFO,CONTINUE,RETURNING_HOME,RETURN_TO_HOME,GEOFENCE_VIOLATION,All monitored constraints satisfied
189.48,px4_local_ned_converted,-0.03,-0.03,1.63,0.0,-0.02,0.01,100.0,PX4_TELEMETRY,SAFE,INFO,CONTINUE,RETURNING_HOME,RETURN_TO_HOME,GEOFENCE_VIOLATION,All monitored constraints satisfied
189.58,px4_local_ned_converted,-0.03,-0.03,1.63,-0.0,-0.02,0.01,100.0,PX4_TELEMETRY,SAFE,INFO,CONTINUE,RETURNING_HOME,RETURN_TO_HOME,GEOFENCE_VIOLATION,All monitored constraints satisfied
189.69,px4_local_ned_converted,-0.03,-0.03,1.63,-0.0,-0.02,0.02,100.0,PX4_TELEMETRY,SAFE,INFO,CONTINUE,RETURNING_HOME,RETURN_TO_HOME,GEOFENCE_VIOLATION,All monitored constraints satisfied
189.79,px4_local_ned_converted,-0.03,-0.03,1.63,-0.0,-0.02,0.01,100.0,PX4_TELEMETRY,SAFE,INFO,CONTINUE,RETURNING_HOME,RETURN_TO_HOME,GEOFENCE_VIOLATION,All monitored constraints satisfied
189.89,px4_local_ned_converted,-0.02,-0.03,1.62,-0.0,-0.02,0.01,100.0,PX4_TELEMETRY,SAFE,INFO,CONTINUE,RETURNING_HOME,RETURN_TO_HOME,GEOFENCE_VIOLATION,All monitored constraints satisfied
190.0,px4_local_ned_converted,-0.02,-0.03,1.62,-0.0,-0.02,0.02,100.0,PX4_TELEMETRY,SAFE,INFO,CONTINUE,RETURNING_HOME,RETURN_TO_HOME,GEOFENCE_VIOLATION,All monitored constraints satisfied
190.1,px4_local_ned_converted,-0.02,-0.03,1.62,-0.0,-0.02,0.02,100.0,PX4_TELEMETRY,SAFE,INFO,CONTINUE,RETURNING_HOME,RETURN_TO_HOME,GEOFENCE_VIOLATION,All monitored constraints satisfied
190.21,px4_local_ned_converted,-0.02,-0.03,1.62,-0.01,-0.02,0.02,100.0,PX4_TELEMETRY,SAFE,INFO,CONTINUE,RETURNING_HOME,RETURN_TO_HOME,GEOFENCE_VIOLATION,All monitored constraints satisfied
190.31,px4_local_ned_converted,-0.02,-0.03,1.62,-0.01,-0.02,0.02,100.0,PX4_TELEMETRY,SAFE,INFO,CONTINUE,RETURNING_HOME,RETURN_TO_HOME,GEOFENCE_VIOLATION,All monitored constraints satisfied
190.41,px4_local_ned_converted,-0.02,-0.03,1.63,-0.01,-0.02,0.02,100.0,PX4_TELEMETRY,SAFE,INFO,CONTINUE,RETURNING_HOME,RETURN_TO_HOME,GEOFENCE_VIOLATION,All monitored constraints satisfied
190.52,px4_local_ned_converted,-0.02,-0.03,1.63,-0.01,-0.02,0.02,100.0,PX4_TELEMETRY,SAFE,INFO,CONTINUE,RETURNING_HOME,RETURN_TO_HOME,GEOFENCE_VIOLATION,All monitored constraints satisfied
190.62,px4_local_ned_converted,-0.02,-0.03,1.63,-0.01,-0.02,0.02,100.0,PX4_TELEMETRY,SAFE,INFO,CONTINUE,RETURNING_HOME,RETURN_TO_HOME,GEOFENCE_VIOLATION,All monitored constraints satisfied
190.72,px4_local_ned_converted,-0.02,-0.03,1.63,-0.01,-0.02,0.01,100.0,PX4_TELEMETRY,SAFE,INFO,CONTINUE,RETURNING_HOME,RETURN_TO_HOME,GEOFENCE_VIOLATION,All monitored constraints satisfied
190.83,px4_local_ned_converted,-0.02,-0.03,1.63,-0.01,-0.02,0.01,100.0,PX4_TELEMETRY,SAFE,INFO,CONTINUE,RETURNING_HOME,RETURN_TO_HOME,GEOFENCE_VIOLATION,All monitored constraints satisfied
190.93,px4_local_ned_converted,-0.02,-0.03,1.64,-0.01,-0.02,0.01,100.0,PX4_TELEMETRY,SAFE,INFO,CONTINUE,RETURNING_HOME,RETURN_TO_HOME,GEOFENCE_VIOLATION,All monitored constraints satisfied
191.04,px4_local_ned_converted,-0.02,-0.03,1.64,-0.01,-0.02,0.01,100.0,PX4_TELEMETRY,SAFE,INFO,CONTINUE,RETURNING_HOME,RETURN_TO_HOME,GEOFENCE_VIOLATION,All monitored constraints satisfied
191.14,px4_local_ned_converted,-0.02,-0.03,1.64,-0.01,-0.02,0.01,100.0,PX4_TELEMETRY,SAFE,INFO,CONTINUE,RETURNING_HOME,RETURN_TO_HOME,GEOFENCE_VIOLATION,All monitored constraints satisfied
191.25,px4_local_ned_converted,-0.02,-0.03,1.65,-0.02,-0.02,0.0,100.0,PX4_TELEMETRY,SAFE,INFO,CONTINUE,RETURNING_HOME,RETURN_TO_HOME,GEOFENCE_VIOLATION,All monitored constraints satisfied
191.35,px4_local_ned_converted,-0.02,-0.03,1.65,-0.02,-0.02,-0.0,100.0,PX4_TELEMETRY,SAFE,INFO,CONTINUE,RETURNING_HOME,RETURN_TO_HOME,GEOFENCE_VIOLATION,All monitored constraints satisfied
191.46,px4_local_ned_converted,-0.02,-0.03,1.65,-0.02,-0.02,-0.0,100.0,PX4_TELEMETRY,SAFE,INFO,CONTINUE,RETURNING_HOME,RETURN_TO_HOME,GEOFENCE_VIOLATION,All monitored constraints satisfied
191.56,px4_local_ned_converted,-0.02,-0.03,1.65,-0.02,-0.02,-0.01,100.0,PX4_TELEMETRY,SAFE,INFO,CONTINUE,RETURNING_HOME,RETURN_TO_HOME,GEOFENCE_VIOLATION,All monitored constraints satisfied
191.67,px4_local_ned_converted,-0.02,-0.03,1.65,-0.02,-0.02,-0.01,100.0,PX4_TELEMETRY,SAFE,INFO,CONTINUE,RETURNING_HOME,RETURN_TO_HOME,GEOFENCE_VIOLATION,All monitored constraints satisfied
191.77,px4_local_ned_converted,-0.02,-0.03,1.66,-0.02,-0.02,-0.01,100.0,PX4_TELEMETRY,SAFE,INFO,CONTINUE,RETURNING_HOME,RETURN_TO_HOME,GEOFENCE_VIOLATION,All monitored constraints satisfied
191.87,px4_local_ned_converted,-0.02,-0.03,1.66,-0.02,-0.02,-0.01,100.0,PX4_TELEMETRY,SAFE,INFO,CONTINUE,RETURNING_HOME,RETURN_TO_HOME,GEOFENCE_VIOLATION,All monitored constraints satisfied
191.97,px4_local_ned_converted,-0.03,-0.03,1.66,-0.02,-0.02,-0.01,100.0,PX4_TELEMETRY,SAFE,INFO,CONTINUE,RETURNING_HOME,RETURN_TO_HOME,GEOFENCE_VIOLATION,All monitored constraints satisfied
192.08,px4_local_ned_converted,-0.03,-0.03,1.66,-0.02,-0.02,-0.02,100.0,PX4_TELEMETRY,SAFE,INFO,CONTINUE,RETURNING_HOME,RETURN_TO_HOME,GEOFENCE_VIOLATION,All monitored constraints satisfied
192.18,px4_local_ned_converted,-0.03,-0.03,1.66,-0.02,-0.02,-0.02,100.0,PX4_TELEMETRY,SAFE,INFO,CONTINUE,RETURNING_HOME,RETURN_TO_HOME,GEOFENCE_VIOLATION,All monitored constraints satisfied
192.29,px4_local_ned_converted,-0.03,-0.03,1.66,-0.02,-0.02,-0.02,100.0,PX4_TELEMETRY,SAFE,INFO,CONTINUE,RETURNING_HOME,RETURN_TO_HOME,GEOFENCE_VIOLATION,All monitored constraints satisfied
192.39,px4_local_ned_converted,-0.03,-0.03,1.66,-0.02,-0.02,-0.02,100.0,PX4_TELEMETRY,SAFE,INFO,CONTINUE,RETURNING_HOME,RETURN_TO_HOME,GEOFENCE_VIOLATION,All monitored constraints satisfied
192.49,px4_local_ned_converted,-0.03,-0.03,1.67,-0.01,-0.02,-0.02,100.0,PX4_TELEMETRY,SAFE,INFO,CONTINUE,RETURNING_HOME,RETURN_TO_HOME,GEOFENCE_VIOLATION,All monitored constraints satisfied
192.59,px4_local_ned_converted,-0.03,-0.03,1.67,-0.01,-0.02,-0.02,100.0,PX4_TELEMETRY,SAFE,INFO,CONTINUE,RETURNING_HOME,RETURN_TO_HOME,GEOFENCE_VIOLATION,All monitored constraints satisfied
192.7,px4_local_ned_converted,-0.03,-0.04,1.67,-0.01,-0.02,-0.02,100.0,PX4_TELEMETRY,SAFE,INFO,CONTINUE,RETURNING_HOME,RETURN_TO_HOME,GEOFENCE_VIOLATION,All monitored constraints satisfied
192.8,px4_local_ned_converted,-0.03,-0.04,1.67,-0.01,-0.02,-0.03,100.0,PX4_TELEMETRY,SAFE,INFO,CONTINUE,RETURNING_HOME,RETURN_TO_HOME,GEOFENCE_VIOLATION,All monitored constraints satisfied
192.9,px4_local_ned_converted,-0.03,-0.04,1.68,-0.01,-0.02,-0.03,100.0,PX4_TELEMETRY,SAFE,INFO,CONTINUE,RETURNING_HOME,RETURN_TO_HOME,GEOFENCE_VIOLATION,All monitored constraints satisfied
193.01,px4_local_ned_converted,-0.03,-0.04,1.68,-0.01,-0.02,-0.03,100.0,PX4_TELEMETRY,SAFE,INFO,CONTINUE,RETURNING_HOME,RETURN_TO_HOME,GEOFENCE_VIOLATION,All monitored constraints satisfied
193.11,px4_local_ned_converted,-0.04,-0.05,1.68,-0.01,-0.02,-0.03,100.0,PX4_TELEMETRY,SAFE,INFO,CONTINUE,RETURNING_HOME,RETURN_TO_HOME,GEOFENCE_VIOLATION,All monitored constraints satisfied
193.22,px4_local_ned_converted,-0.04,-0.05,1.68,-0.01,-0.02,-0.03,100.0,PX4_TELEMETRY,SAFE,INFO,CONTINUE,RETURNING_HOME,RETURN_TO_HOME,GEOFENCE_VIOLATION,All monitored constraints satisfied
193.33,px4_local_ned_converted,-0.04,-0.05,1.68,-0.01,-0.02,-0.03,100.0,PX4_TELEMETRY,SAFE,INFO,CONTINUE,RETURNING_HOME,RETURN_TO_HOME,GEOFENCE_VIOLATION,All monitored constraints satisfied
193.43,px4_local_ned_converted,-0.04,-0.05,1.68,-0.01,-0.02,-0.04,100.0,PX4_TELEMETRY,SAFE,INFO,CONTINUE,RETURNING_HOME,RETURN_TO_HOME,GEOFENCE_VIOLATION,All monitored constraints satisfied
193.54,px4_local_ned_converted,-0.04,-0.05,1.68,-0.01,-0.01,-0.04,100.0,PX4_TELEMETRY,SAFE,INFO,CONTINUE,RETURNING_HOME,RETURN_TO_HOME,GEOFENCE_VIOLATION,All monitored constraints satisfied
193.64,px4_local_ned_converted,-0.04,-0.06,1.68,-0.01,-0.01,-0.04,100.0,PX4_TELEMETRY,SAFE,INFO,CONTINUE,RETURNING_HOME,RETURN_TO_HOME,GEOFENCE_VIOLATION,All monitored constraints satisfied
193.75,px4_local_ned_converted,-0.04,-0.06,1.68,-0.01,-0.01,-0.04,100.0,PX4_TELEMETRY,SAFE,INFO,CONTINUE,RETURNING_HOME,RETURN_TO_HOME,GEOFENCE_VIOLATION,All monitored constraints satisfied
193.85,px4_local_ned_converted,-0.04,-0.06,1.68,-0.01,-0.01,-0.04,100.0,PX4_TELEMETRY,SAFE,INFO,CONTINUE,RETURNING_HOME,RETURN_TO_HOME,GEOFENCE_VIOLATION,All monitored constraints satisfied
193.96,px4_local_ned_converted,-0.04,-0.06,1.69,-0.01,-0.01,-0.04,100.0,PX4_TELEMETRY,SAFE,INFO,CONTINUE,RETURNING_HOME,RETURN_TO_HOME,GEOFENCE_VIOLATION,All monitored constraints satisfied
194.06,px4_local_ned_converted,-0.05,-0.06,1.69,-0.01,-0.01,-0.04,100.0,PX4_TELEMETRY,SAFE,INFO,CONTINUE,RETURNING_HOME,RETURN_TO_HOME,GEOFENCE_VIOLATION,All monitored constraints satisfied
194.16,px4_local_ned_converted,-0.05,-0.06,1.69,-0.01,-0.0,-0.04,100.0,PX4_TELEMETRY,SAFE,INFO,CONTINUE,RETURNING_HOME,RETURN_TO_HOME,GEOFENCE_VIOLATION,All monitored constraints satisfied
194.27,px4_local_ned_converted,-0.04,-0.06,1.69,-0.01,-0.0,-0.04,100.0,PX4_TELEMETRY,SAFE,INFO,CONTINUE,RETURNING_HOME,RETURN_TO_HOME,GEOFENCE_VIOLATION,All monitored constraints satisfied
194.37,px4_local_ned_converted,-0.04,-0.06,1.69,-0.01,0.0,-0.04,100.0,PX4_TELEMETRY,SAFE,INFO,CONTINUE,RETURNING_HOME,RETURN_TO_HOME,GEOFENCE_VIOLATION,All monitored constraints satisfied
194.48,px4_local_ned_converted,-0.04,-0.06,1.69,-0.01,0.0,-0.04,100.0,PX4_TELEMETRY,SAFE,INFO,CONTINUE,RETURNING_HOME,RETURN_TO_HOME,GEOFENCE_VIOLATION,All monitored constraints satisfied
194.58,px4_local_ned_converted,-0.04,-0.06,1.69,-0.01,0.0,-0.04,100.0,PX4_TELEMETRY,SAFE,INFO,CONTINUE,RETURNING_HOME,RETURN_TO_HOME,GEOFENCE_VIOLATION,All monitored constraints satisfied
194.68,px4_local_ned_converted,-0.04,-0.06,1.7,-0.0,0.0,-0.04,100.0,PX4_TELEMETRY,SAFE,INFO,CONTINUE,RETURNING_HOME,RETURN_TO_HOME,GEOFENCE_VIOLATION,All monitored constraints satisfied
194.79,px4_local_ned_converted,-0.03,-0.06,1.7,-0.01,0.0,-0.05,100.0,PX4_TELEMETRY,SAFE,INFO,CONTINUE,RETURNING_HOME,RETURN_TO_HOME,GEOFENCE_VIOLATION,All monitored constraints satisfied
194.9,px4_local_ned_converted,-0.03,-0.06,1.7,-0.01,0.01,-0.05,100.0,PX4_TELEMETRY,SAFE,INFO,CONTINUE,RETURNING_HOME,RETURN_TO_HOME,GEOFENCE_VIOLATION,All monitored constraints satisfied
195.0,px4_local_ned_converted,-0.03,-0.06,1.7,-0.01,0.01,-0.05,100.0,PX4_TELEMETRY,SAFE,INFO,CONTINUE,RETURNING_HOME,RETURN_TO_HOME,GEOFENCE_VIOLATION,All monitored constraints satisfied
195.11,px4_local_ned_converted,-0.02,-0.06,1.7,-0.01,0.01,-0.05,100.0,PX4_TELEMETRY,SAFE,INFO,CONTINUE,RETURNING_HOME,RETURN_TO_HOME,GEOFENCE_VIOLATION,All monitored constraints satisfied
195.21,px4_local_ned_converted,-0.02,-0.06,1.7,-0.01,0.01,-0.05,100.0,PX4_TELEMETRY,SAFE,INFO,CONTINUE,RETURNING_HOME,RETURN_TO_HOME,GEOFENCE_VIOLATION,All monitored constraints satisfied
195.31,px4_local_ned_converted,-0.02,-0.05,1.7,-0.01,0.01,-0.05,100.0,PX4_TELEMETRY,SAFE,INFO,CONTINUE,RETURNING_HOME,RETURN_TO_HOME,GEOFENCE_VIOLATION,All monitored constraints satisfied
195.41,px4_local_ned_converted,-0.01,-0.05,1.71,-0.01,0.01,-0.05,100.0,PX4_TELEMETRY,SAFE,INFO,CONTINUE,RETURNING_HOME,RETURN_TO_HOME,GEOFENCE_VIOLATION,All monitored constraints satisfied
195.52,px4_local_ned_converted,-0.01,-0.05,1.71,-0.02,0.01,-0.06,100.0,PX4_TELEMETRY,SAFE,INFO,CONTINUE,RETURNING_HOME,RETURN_TO_HOME,GEOFENCE_VIOLATION,All monitored constraints satisfied
195.62,px4_local_ned_converted,-0.01,-0.05,1.71,-0.02,0.01,-0.06,100.0,PX4_TELEMETRY,SAFE,INFO,CONTINUE,RETURNING_HOME,RETURN_TO_HOME,GEOFENCE_VIOLATION,All monitored constraints satisfied
195.73,px4_local_ned_converted,-0.0,-0.05,1.71,-0.02,0.01,-0.06,100.0,PX4_TELEMETRY,SAFE,INFO,CONTINUE,RETURNING_HOME,RETURN_TO_HOME,GEOFENCE_VIOLATION,All monitored constraints satisfied
195.83,px4_local_ned_converted,0.0,-0.05,1.71,-0.02,0.01,-0.06,100.0,PX4_TELEMETRY,SAFE,INFO,CONTINUE,RETURNING_HOME,RETURN_TO_HOME,GEOFENCE_VIOLATION,All monitored constraints satisfied
195.94,px4_local_ned_converted,0.0,-0.06,1.71,-0.02,0.01,-0.06,100.0,PX4_TELEMETRY,SAFE,INFO,CONTINUE,RETURNING_HOME,RETURN_TO_HOME,GEOFENCE_VIOLATION,All monitored constraints satisfied
196.04,px4_local_ned_converted,0.01,-0.06,1.71,-0.03,0.0,-0.06,100.0,PX4_TELEMETRY,SAFE,INFO,CONTINUE,RETURNING_HOME,RETURN_TO_HOME,GEOFENCE_VIOLATION,All monitored constraints satisfied
196.14,px4_local_ned_converted,0.01,-0.06,1.71,-0.03,0.0,-0.06,100.0,PX4_TELEMETRY,SAFE,INFO,CONTINUE,RETURNING_HOME,RETURN_TO_HOME,GEOFENCE_VIOLATION,All monitored constraints satisfied
196.25,px4_local_ned_converted,0.01,-0.06,1.71,-0.03,0.0,-0.06,100.0,PX4_TELEMETRY,SAFE,INFO,CONTINUE,RETURNING_HOME,RETURN_TO_HOME,GEOFENCE_VIOLATION,All monitored constraints satisfied
196.35,px4_local_ned_converted,0.01,-0.06,1.71,-0.04,0.0,-0.06,100.0,PX4_TELEMETRY,SAFE,INFO,CONTINUE,RETURNING_HOME,RETURN_TO_HOME,GEOFENCE_VIOLATION,All monitored constraints satisfied
